CustomerID,Frequency,Monetary,Recency,Cluster,CustomerSegment,AvgOrderValue,CustomerLifeSpan,PurchaseRate,CLV,LogFrequency,LogRecency
12346.0,11,372.86,164,1,Active Customers,33.89636363636364,165,0.06666666666666667,24.857333333333333,2.4849066497880004,5.10594547390058
12348.0,1,222.16,73,0,At Risk Customers,222.16,74,0.013513513513513514,3.002162162162162,0.6931471805599453,4.304065093204169
12349.0,3,2671.14,42,0,At Risk Customers,890.38,43,0.06976744186046512,186.35860465116278,1.3862943611198906,3.7612001156935624
12351.0,1,300.93,10,0,At Risk Customers,300.93,11,0.09090909090909091,27.35727272727273,0.6931471805599453,2.3978952727983707
12352.0,2,343.8,10,0,At Risk Customers,171.9,11,0.18181818181818182,62.509090909090915,1.0986122886681096,2.3978952727983707
12353.0,1,317.76,43,0,At Risk Customers,317.76,44,0.022727272727272728,7.221818181818182,0.6931471805599453,3.784189633918261
12355.0,1,488.21000000000004,202,1,Active Customers,488.21000000000004,203,0.0049261083743842365,2.4049753694581284,0.6931471805599453,5.313205979041787
12356.0,3,3560.3,15,0,At Risk Customers,1186.7666666666667,16,0.1875,667.5562500000001,1.3862943611198906,2.772588722239781
12358.0,3,2719.01,10,0,At Risk Customers,906.3366666666667,11,0.2727272727272727,741.5481818181818,1.3862943611198906,2.3978952727983707
12359.0,6,2563.36,60,0,At Risk Customers,427.2266666666667,61,0.09836065573770492,252.1337704918033,1.9459101490553132,4.110873864173311
12360.0,5,1590.83,14,0,At Risk Customers,318.166,15,0.3333333333333333,530.2766666666666,1.791759469228055,2.70805020110221
12361.0,3,321.35,97,0,At Risk Customers,107.11666666666667,98,0.030612244897959183,9.837244897959184,1.3862943611198906,4.584967478670572
12362.0,1,130.0,373,1,Active Customers,130.0,374,0.00267379679144385,0.34759358288770054,0.6931471805599453,5.924255797414532
12366.0,1,500.24,268,1,Active Customers,500.24,269,0.0037174721189591076,1.859628252788104,0.6931471805599453,5.594711379601839
12368.0,1,917.6999999999999,263,1,Active Customers,917.6999999999999,264,0.003787878787878788,3.4761363636363636,0.6931471805599453,5.575949103146316
12369.0,3,1791.15,48,0,At Risk Customers,597.0500000000001,49,0.061224489795918366,109.66224489795918,1.3862943611198906,3.8918202981106265
12370.0,3,774.62,259,1,Active Customers,258.20666666666665,260,0.011538461538461539,8.937923076923076,1.3862943611198906,5.560681631015528
12371.0,3,2179.42,44,0,At Risk Customers,726.4733333333334,45,0.06666666666666667,145.29466666666667,1.3862943611198906,3.8066624897703196
12373.0,2,763.0500000000001,259,1,Active Customers,381.52500000000003,260,0.007692307692307693,5.869615384615385,1.0986122886681096,5.560681631015528
12374.0,3,2246.29,56,0,At Risk Customers,748.7633333333333,57,0.05263157894736842,118.2257894736842,1.3862943611198906,4.04305126783455
12376.0,2,503.15,24,0,At Risk Customers,251.575,25,0.08,40.252,1.0986122886681096,3.2188758248682006
12377.0,2,1798.2,16,0,At Risk Customers,899.1,17,0.11764705882352941,211.5529411764706,1.0986122886681096,2.833213344056216
12378.0,1,1407.7,197,1,Active Customers,1407.7,198,0.005050505050505051,7.109595959595961,0.6931471805599453,5.288267030694535
12379.0,2,767.98,57,0,At Risk Customers,383.99,58,0.034482758620689655,26.482068965517243,1.0986122886681096,4.060443010546419
12380.0,7,6951.49,100,0,At Risk Customers,993.0699999999999,101,0.06930693069306931,481.7864356435644,2.0794415416798357,4.61512051684126
12385.0,1,1938.4,14,0,At Risk Customers,1938.4,15,0.06666666666666667,129.22666666666666,0.6931471805599453,2.70805020110221
12386.0,1,258.9,1,0,At Risk Customers,258.9,2,0.5,129.45,0.6931471805599453,0.6931471805599453
12387.0,1,143.94,50,0,At Risk Customers,143.94,51,0.0196078431372549,2.8223529411764705,0.6931471805599453,3.9318256327243257
12388.0,2,1120.45,80,0,At Risk Customers,560.225,81,0.024691358024691357,27.665432098765432,1.0986122886681096,4.394449154672439
12389.0,3,1433.33,37,0,At Risk Customers,477.77666666666664,38,0.07894736842105263,113.15763157894736,1.3862943611198906,3.6375861597263857
12391.0,5,2285.18,99,0,At Risk Customers,457.03599999999994,100,0.05,114.259,1.791759469228055,4.605170185988092
12392.0,1,234.75000000000003,226,1,Active Customers,234.75000000000003,227,0.004405286343612335,1.034140969162996,0.6931471805599453,5.424950017481403
12393.0,2,816.85,17,0,At Risk Customers,408.425,18,0.1111111111111111,90.7611111111111,1.0986122886681096,2.8903717578961645
12396.0,1,931.43,309,1,Active Customers,931.43,310,0.0032258064516129032,3.0046129032258064,0.6931471805599453,5.736572297479192
12399.0,3,853.65,20,0,At Risk Customers,284.55,21,0.14285714285714285,121.95,1.3862943611198906,3.044522437723423
12400.0,1,205.25,49,0,At Risk Customers,205.25,50,0.02,4.105,0.6931471805599453,3.912023005428146
12402.0,5,1031.3,27,0,At Risk Customers,206.26,28,0.17857142857142858,184.16071428571428,1.791759469228055,3.332204510175204
12403.0,1,591.6600000000001,156,1,Active Customers,591.6600000000001,157,0.006369426751592357,3.7685350318471347,0.6931471805599453,5.056245805348308
12404.0,1,63.24,317,1,Active Customers,63.24,318,0.0031446540880503146,0.1988679245283019,0.6931471805599453,5.762051382780177
12406.0,3,2975.06,34,0,At Risk Customers,991.6866666666666,35,0.08571428571428572,255.00514285714286,1.3862943611198906,3.5553480614894135
12408.0,3,1452.22,20,0,At Risk Customers,484.0733333333333,21,0.14285714285714285,207.45999999999998,1.3862943611198906,3.044522437723423
12410.0,1,320.38,137,0,At Risk Customers,320.38,138,0.007246376811594203,2.3215942028985506,0.6931471805599453,4.927253685157205
12411.0,1,346.9,44,0,At Risk Customers,346.9,45,0.022222222222222223,7.708888888888889,0.6931471805599453,3.8066624897703196
12412.0,3,1370.05,37,0,At Risk Customers,456.68333333333334,38,0.07894736842105263,108.16184210526315,1.3862943611198906,3.6375861597263857
12413.0,1,241.35,37,0,At Risk Customers,241.35,38,0.02631578947368421,6.351315789473683,0.6931471805599453,3.6375861597263857
12414.0,3,390.0,98,0,At Risk Customers,130.0,99,0.030303030303030304,11.818181818181818,1.3862943611198906,4.59511985013459
12416.0,1,202.56,291,1,Active Customers,202.56,292,0.003424657534246575,0.6936986301369863,0.6931471805599453,5.676753802268282
12417.0,11,3148.31,45,0,At Risk Customers,286.21,46,0.2391304347826087,752.8567391304348,2.4849066497880004,3.828641396489095
12418.0,3,1352.62,48,0,At Risk Customers,450.8733333333333,49,0.061224489795918366,82.81346938775509,1.3862943611198906,3.8918202981106265
12419.0,2,503.01,20,0,At Risk Customers,251.505,21,0.09523809523809523,47.90571428571428,1.0986122886681096,3.044522437723423
12421.0,2,291.56,50,0,At Risk Customers,145.78,51,0.0392156862745098,11.433725490196078,1.0986122886681096,3.9318256327243257
12423.0,2,763.08,22,0,At Risk Customers,381.54,23,0.08695652173913043,66.35478260869566,1.0986122886681096,3.1354942159291497
12424.0,2,1579.07,57,0,At Risk Customers,789.535,58,0.034482758620689655,54.45068965517241,1.0986122886681096,4.060443010546419
12425.0,1,964.21,83,0,At Risk Customers,964.21,84,0.011904761904761904,11.478690476190476,0.6931471805599453,4.430816798843313
12426.0,1,762.48,297,1,Active Customers,762.48,298,0.003355704697986577,2.5586577181208052,0.6931471805599453,5.697093486505405
12427.0,1,303.5,6,0,At Risk Customers,303.5,7,0.14285714285714285,43.357142857142854,0.6931471805599453,1.9459101490553132
12434.0,1,297.29,16,0,At Risk Customers,297.29,17,0.058823529411764705,17.48764705882353,0.6931471805599453,2.833213344056216
12435.0,4,6096.04,31,0,At Risk Customers,1524.01,32,0.125,762.005,1.6094379124341003,3.4657359027997265
12439.0,2,1142.88,317,1,Active Customers,571.44,318,0.006289308176100629,7.187924528301888,1.0986122886681096,5.762051382780177
12440.0,2,859.2,97,0,At Risk Customers,429.6,98,0.02040816326530612,17.53469387755102,1.0986122886681096,4.584967478670572
12441.0,1,173.55,1,0,At Risk Customers,173.55,2,0.5,86.775,0.6931471805599453,0.6931471805599453
12443.0,1,485.31,367,1,Active Customers,485.31,368,0.002717391304347826,1.3187771739130434,0.6931471805599453,5.908082938168931
12445.0,1,301.58000000000004,55,0,At Risk Customers,301.58000000000004,56,0.017857142857142856,5.385357142857143,0.6931471805599453,4.02535169073515
12449.0,2,768.6,45,0,At Risk Customers,384.3,46,0.043478260869565216,33.417391304347824,1.0986122886681096,3.828641396489095
12450.0,3,490.32,34,0,At Risk Customers,163.44,35,0.08571428571428572,42.02742857142857,1.3862943611198906,3.5553480614894135
12451.0,3,3634.36,98,0,At Risk Customers,1211.4533333333334,99,0.030303030303030304,110.13212121212122,1.3862943611198906,4.59511985013459
12455.0,4,3413.09,80,0,At Risk Customers,853.2725,81,0.04938271604938271,168.54765432098765,1.6094379124341003,4.394449154672439
12457.0,1,632.68,70,0,At Risk Customers,632.68,71,0.014084507042253521,8.910985915492958,0.6931471805599453,4.2626798770413155
12458.0,2,830.09,62,0,At Risk Customers,415.045,63,0.031746031746031744,26.352063492063493,1.0986122886681096,4.143134726391533
12459.0,1,454.36,240,1,Active Customers,454.36,241,0.004149377593360996,1.885311203319502,0.6931471805599453,5.484796933490655
12460.0,1,326.65,91,0,At Risk Customers,326.65,92,0.010869565217391304,3.5505434782608694,0.6931471805599453,4.5217885770490405
12466.0,1,56.73,317,1,Active Customers,56.73,318,0.0031446540880503146,0.17839622641509434,0.6931471805599453,5.762051382780177
12467.0,1,132.8,58,0,At Risk Customers,132.8,59,0.01694915254237288,2.2508474576271187,0.6931471805599453,4.07753744390572
12468.0,3,2941.2,161,1,Active Customers,980.4,162,0.018518518518518517,54.46666666666666,1.3862943611198906,5.087596335232384
12469.0,2,3070.54,157,1,Active Customers,1535.27,158,0.012658227848101266,38.86759493670886,1.0986122886681096,5.062595033026967
12470.0,1,211.95,324,1,Active Customers,211.95,325,0.003076923076923077,0.6521538461538461,0.6931471805599453,5.783825182329737
12475.0,1,426.26,44,0,At Risk Customers,426.26,45,0.022222222222222223,9.472444444444445,0.6931471805599453,3.8066624897703196
12477.0,3,7056.63,34,0,At Risk Customers,2352.21,35,0.08571428571428572,604.854,1.3862943611198906,3.5553480614894135
12480.0,3,2183.2200000000003,34,0,At Risk Customers,727.7400000000001,35,0.08571428571428572,187.13314285714287,1.3862943611198906,3.5553480614894135
12484.0,6,1826.78,118,0,At Risk Customers,304.4633333333333,119,0.05042016806722689,92.10655462184873,1.9459101490553132,4.77912349311153
12485.0,1,708.1,164,1,Active Customers,708.1,165,0.006060606060606061,4.291515151515152,0.6931471805599453,5.10594547390058
12486.0,1,1037.28,66,0,At Risk Customers,1037.28,67,0.014925373134328358,15.481791044776118,0.6931471805599453,4.204692619390966
12487.0,1,285.29999999999995,365,1,Active Customers,285.29999999999995,366,0.00273224043715847,0.7795081967213113,0.6931471805599453,5.902633333401366
12492.0,1,452.0,38,0,At Risk Customers,452.0,39,0.02564102564102564,11.58974358974359,0.6931471805599453,3.6635616461296463
12495.0,1,357.4,275,1,Active Customers,357.4,276,0.0036231884057971015,1.294927536231884,0.6931471805599453,5.62040086571715
12496.0,2,45.34,255,1,Active Customers,22.67,256,0.0078125,0.35421875,1.0986122886681096,5.545177444479562
12497.0,2,5205.400000000001,35,0,At Risk Customers,2602.7000000000003,36,0.05555555555555555,289.1888888888889,1.0986122886681096,3.58351893845611
12499.0,1,393.72,195,1,Active Customers,393.72,196,0.00510204081632653,2.0087755102040816,0.6931471805599453,5.278114659230518
12500.0,8,1697.39,70,0,At Risk Customers,212.17375,71,0.11267605633802817,191.25521126760566,2.1972245773362196,4.2626798770413155
12503.0,1,1126.0,219,1,Active Customers,1126.0,220,0.004545454545454545,5.118181818181818,0.6931471805599453,5.393627546352361
12504.0,2,297.0,52,0,At Risk Customers,148.5,53,0.03773584905660377,11.20754716981132,1.0986122886681096,3.970291913552122
12505.0,1,955.2,43,0,At Risk Customers,955.2,44,0.022727272727272728,21.70909090909091,0.6931471805599453,3.784189633918261
12507.0,1,539.25,219,1,Active Customers,539.25,220,0.004545454545454545,2.4511363636363637,0.6931471805599453,5.393627546352361
12510.0,7,4195.45,94,0,At Risk Customers,599.35,95,0.07368421052631578,309.13842105263154,2.0794415416798357,4.553876891600541
12511.0,1,3084.02,63,0,At Risk Customers,3084.02,64,0.015625,48.1878125,0.6931471805599453,4.1588830833596715
12514.0,1,580.08,276,1,Active Customers,580.08,277,0.0036101083032490976,2.094151624548737,0.6931471805599453,5.6240175061873385
12516.0,2,1336.56,65,0,At Risk Customers,668.28,66,0.030303030303030304,40.50181818181818,1.0986122886681096,4.189654742026425
12519.0,1,385.7,111,0,At Risk Customers,385.7,112,0.008928571428571428,3.4437499999999996,0.6931471805599453,4.718498871295094
12525.0,3,973.73,133,0,At Risk Customers,324.57666666666665,134,0.022388059701492536,21.79992537313433,1.3862943611198906,4.897839799950911
12527.0,2,386.8,129,0,At Risk Customers,193.4,130,0.015384615384615385,5.9507692307692315,1.0986122886681096,4.867534450455582
12529.0,1,316.48,163,1,Active Customers,316.48,164,0.006097560975609756,1.9297560975609758,0.6931471805599453,5.099866427824199
12530.0,5,2096.98,50,0,At Risk Customers,419.396,51,0.09803921568627451,205.58627450980393,1.791759469228055,3.9318256327243257
12531.0,1,1807.98,321,1,Active Customers,1807.98,322,0.003105590062111801,5.614844720496894,0.6931471805599453,5.7745515455444085
12533.0,2,1367.89,262,1,Active Customers,683.945,263,0.0076045627376425855,10.402205323193916,1.0986122886681096,5.572154032177765
12537.0,1,732.94,43,0,At Risk Customers,732.94,44,0.022727272727272728,16.657727272727275,0.6931471805599453,3.784189633918261
12538.0,1,276.5,13,0,At Risk Customers,276.5,14,0.07142857142857142,19.75,0.6931471805599453,2.639057329615259
12539.0,3,5646.400000000001,85,0,At Risk Customers,1882.1333333333334,86,0.03488372093023256,196.96744186046513,1.3862943611198906,4.454347296253507
12542.0,2,481.88,119,0,At Risk Customers,240.94,120,0.016666666666666666,8.031333333333333,1.0986122886681096,4.787491742782046
12543.0,1,980.25,83,0,At Risk Customers,980.25,84,0.011904761904761904,11.669642857142856,0.6931471805599453,4.430816798843313
12547.0,1,175.78,135,0,At Risk Customers,175.78,136,0.007352941176470588,1.2925,0.6931471805599453,4.912654885736052
12549.0,6,1575.68,210,1,Active Customers,262.61333333333334,211,0.02843601895734597,44.8060663507109,1.9459101490553132,5.351858133476067
12553.0,2,916.47,20,0,At Risk Customers,458.235,21,0.09523809523809523,87.28285714285714,1.0986122886681096,3.044522437723423
12554.0,1,468.5,83,0,At Risk Customers,468.5,84,0.011904761904761904,5.577380952380952,0.6931471805599453,4.430816798843313
12555.0,1,129.23,317,1,Active Customers,129.23,318,0.0031446540880503146,0.40638364779874214,0.6931471805599453,5.762051382780177
12562.0,2,1185.18,20,0,At Risk Customers,592.59,21,0.09523809523809523,112.87428571428572,1.0986122886681096,3.044522437723423
12563.0,1,249.24,43,0,At Risk Customers,249.24,44,0.022727272727272728,5.664545454545455,0.6931471805599453,3.784189633918261
12568.0,1,70.0,279,1,Active Customers,70.0,280,0.0035714285714285713,0.25,0.6931471805599453,5.634789603169249
12570.0,1,77.52,317,1,Active Customers,77.52,318,0.0031446540880503146,0.24377358490566037,0.6931471805599453,5.762051382780177
12573.0,4,556.87,16,0,At Risk Customers,139.2175,17,0.23529411764705882,131.02823529411765,1.6094379124341003,2.833213344056216
12575.0,2,622.8199999999999,92,0,At Risk Customers,311.40999999999997,93,0.021505376344086023,13.393978494623656,1.0986122886681096,4.532599493153256
12576.0,3,826.89,27,0,At Risk Customers,275.63,28,0.10714285714285714,88.59535714285714,1.3862943611198906,3.332204510175204
12577.0,5,990.5,16,0,At Risk Customers,198.1,17,0.29411764705882354,291.3235294117647,1.791759469228055,2.833213344056216
12578.0,2,1847.94,20,0,At Risk Customers,923.97,21,0.09523809523809523,175.99428571428572,1.0986122886681096,3.044522437723423
12580.0,1,637.2,211,1,Active Customers,637.2,212,0.0047169811320754715,3.0056603773584905,0.6931471805599453,5.356586274672012
12582.0,2,1469.04,57,0,At Risk Customers,734.52,58,0.034482758620689655,50.65655172413793,1.0986122886681096,4.060443010546419
12586.0,3,1865.73,9,0,At Risk Customers,621.91,10,0.3,559.7189999999999,1.3862943611198906,2.302585092994046
12588.0,3,743.88,34,0,At Risk Customers,247.96,35,0.08571428571428572,63.76114285714286,1.3862943611198906,3.5553480614894135
12589.0,6,4048.98,56,0,At Risk Customers,674.83,57,0.10526315789473684,426.2084210526316,1.9459101490553132,4.04305126783455
12591.0,2,886.1,25,0,At Risk Customers,443.05,26,0.07692307692307693,68.16153846153847,1.0986122886681096,3.258096538021482
12592.0,3,2145.06,154,1,Active Customers,715.02,155,0.01935483870967742,41.51729032258065,1.3862943611198906,5.043425116919247
12594.0,5,1751.89,13,0,At Risk Customers,350.37800000000004,14,0.35714285714285715,625.6750000000002,1.791759469228055,2.639057329615259
12595.0,1,299.02,139,1,Active Customers,299.02,140,0.007142857142857143,2.1358571428571427,0.6931471805599453,4.941642422609304
12598.0,3,1511.01,98,0,At Risk Customers,503.67,99,0.030303030303030304,45.78818181818182,1.3862943611198906,4.59511985013459
12599.0,6,1264.14,16,0,At Risk Customers,210.69000000000003,17,0.35294117647058826,446.1670588235295,1.9459101490553132,2.833213344056216
12601.0,1,104.19999999999999,39,0,At Risk Customers,104.19999999999999,40,0.025,2.605,0.6931471805599453,3.6888794541139363
12605.0,4,1232.95,11,0,At Risk Customers,308.2375,12,0.3333333333333333,410.98333333333335,1.6094379124341003,2.4849066497880004
12606.0,1,21.0,317,1,Active Customers,21.0,318,0.0031446540880503146,0.0660377358490566,0.6931471805599453,5.762051382780177
12608.0,1,415.79,39,0,At Risk Customers,415.79,40,0.025,10.394750000000002,0.6931471805599453,3.6888794541139363
12613.0,5,3472.9900000000002,23,0,At Risk Customers,694.5980000000001,24,0.20833333333333334,723.5395833333334,1.791759469228055,3.1780538303479458
12615.0,4,3449.79,48,0,At Risk Customers,862.4475,49,0.08163265306122448,281.6155102040816,1.6094379124341003,3.8918202981106265
12616.0,1,417.8,23,0,At Risk Customers,417.8,24,0.041666666666666664,17.40833333333333,0.6931471805599453,3.1780538303479458
12619.0,1,140.14,195,1,Active Customers,140.14,196,0.00510204081632653,0.7149999999999999,0.6931471805599453,5.278114659230518
12623.0,6,3442.7400000000002,51,0,At Risk Customers,573.7900000000001,52,0.11538461538461539,397.23923076923086,1.9459101490553132,3.9512437185814275
12625.0,2,2481.06,144,1,Active Customers,1240.53,145,0.013793103448275862,34.22151724137931,1.0986122886681096,4.976733742420574
12629.0,2,1558.22,20,0,At Risk Customers,779.11,21,0.09523809523809523,148.40190476190475,1.0986122886681096,3.044522437723423
12631.0,5,2841.07,91,0,At Risk Customers,568.214,92,0.05434782608695652,154.40597826086957,1.791759469228055,4.5217885770490405
12632.0,2,804.88,155,1,Active Customers,402.44,156,0.01282051282051282,10.318974358974359,1.0986122886681096,5.049856007249537
12633.0,3,3514.18,17,0,At Risk Customers,1171.3933333333332,18,0.16666666666666666,585.6966666666665,1.3862943611198906,2.8903717578961645
12634.0,2,490.0,170,1,Active Customers,245.0,171,0.011695906432748537,5.730994152046783,1.0986122886681096,5.14166355650266
12635.0,2,1241.23,27,0,At Risk Customers,620.615,28,0.07142857142857142,88.65928571428572,1.0986122886681096,3.332204510175204
12636.0,1,141.0,373,1,Active Customers,141.0,374,0.00267379679144385,0.37700534759358284,0.6931471805599453,5.924255797414532
12637.0,4,2280.91,13,0,At Risk Customers,570.2275,14,0.2857142857142857,651.6885714285713,1.6094379124341003,2.639057329615259
12638.0,1,249.8,274,1,Active Customers,249.8,275,0.0036363636363636364,0.9083636363636364,0.6931471805599453,5.616771097666572
12639.0,2,826.27,69,0,At Risk Customers,413.135,70,0.02857142857142857,23.607714285714284,1.0986122886681096,4.248495242049359
12644.0,3,1440.58,65,0,At Risk Customers,480.1933333333333,66,0.045454545454545456,65.4809090909091,1.3862943611198906,4.189654742026425
12645.0,4,1764.12,44,0,At Risk Customers,441.03,45,0.08888888888888889,156.81066666666666,1.6094379124341003,3.8066624897703196
12648.0,3,793.95,72,0,At Risk Customers,264.65000000000003,73,0.0410958904109589,32.62808219178082,1.3862943611198906,4.290459441148391
12649.0,5,1671.1399999999999,17,0,At Risk Customers,334.22799999999995,18,0.2777777777777778,464.2055555555555,1.791759469228055,2.8903717578961645
12651.0,3,263.75,13,0,At Risk Customers,87.91666666666667,14,0.21428571428571427,56.51785714285714,1.3862943611198906,2.639057329615259
12652.0,1,97.05000000000001,69,0,At Risk Customers,97.05000000000001,70,0.014285714285714285,1.3864285714285716,0.6931471805599453,4.248495242049359
12653.0,1,1950.98,161,1,Active Customers,1950.98,162,0.006172839506172839,12.043086419753086,0.6931471805599453,5.087596335232384
12655.0,1,261.35,58,0,At Risk Customers,261.35,59,0.01694915254237288,4.429661016949153,0.6931471805599453,4.07753744390572
12656.0,3,2356.66,60,0,At Risk Customers,785.5533333333333,61,0.04918032786885246,115.90131147540983,1.3862943611198906,4.110873864173311
12661.0,1,162.0,71,0,At Risk Customers,162.0,72,0.013888888888888888,2.25,0.6931471805599453,4.276666119016055
12663.0,2,239.4,259,1,Active Customers,119.7,260,0.007692307692307693,1.8415384615384618,1.0986122886681096,5.560681631015528
12664.0,2,1188.16,149,1,Active Customers,594.08,150,0.013333333333333334,15.842133333333335,1.0986122886681096,5.0106352940962555
12665.0,2,250.6,52,0,At Risk Customers,125.3,53,0.03773584905660377,9.456603773584906,1.0986122886681096,3.970291913552122
12666.0,1,1248.42,29,0,At Risk Customers,1248.42,30,0.03333333333333333,41.614000000000004,0.6931471805599453,3.4011973816621555
12670.0,2,764.24,20,0,At Risk Customers,382.12,21,0.09523809523809523,72.78476190476191,1.0986122886681096,3.044522437723423
12671.0,1,2622.481,241,1,Active Customers,2622.481,242,0.004132231404958678,10.83669834710744,0.6931471805599453,5.488937726156687
12672.0,1,211.15,230,1,Active Customers,211.15,231,0.004329004329004329,0.9140692640692641,0.6931471805599453,5.442417710521793
12673.0,1,619.5,36,0,At Risk Customers,619.5,37,0.02702702702702703,16.743243243243246,0.6931471805599453,3.6109179126442243
12675.0,2,957.25,188,1,Active Customers,478.625,189,0.010582010582010581,10.12962962962963,1.0986122886681096,5.241747015059643
12676.0,5,1511.7,43,0,At Risk Customers,302.34000000000003,44,0.11363636363636363,171.78409090909093,1.791759469228055,3.784189633918261
12677.0,2,395.1,190,1,Active Customers,197.55,191,0.010471204188481676,4.137172774869111,1.0986122886681096,5.25227342804663
12686.0,1,89.14,6,0,At Risk Customers,89.14,7,0.14285714285714285,12.734285714285713,0.6931471805599453,1.9459101490553132
12687.0,2,2138.91,115,0,At Risk Customers,1069.455,116,0.017241379310344827,36.877758620689654,1.0986122886681096,4.7535901911063645
12691.0,1,134.6,55,0,At Risk Customers,134.6,56,0.017857142857142856,2.4035714285714285,0.6931471805599453,4.02535169073515
12692.0,1,110.95,272,1,Active Customers,110.95,273,0.003663003663003663,0.4064102564102564,0.6931471805599453,5.60947179518496
12693.0,3,847.11,31,0,At Risk Customers,282.37,32,0.09375,79.4165625,1.3862943611198906,3.4657359027997265
12694.0,1,973.68,56,0,At Risk Customers,973.68,57,0.017543859649122806,17.082105263157892,0.6931471805599453,4.04305126783455
12695.0,3,825.02,163,1,Active Customers,275.00666666666666,164,0.018292682926829267,15.091829268292681,1.3862943611198906,5.099866427824199
12696.0,2,851.91,69,0,At Risk Customers,425.955,70,0.02857142857142857,24.340285714285713,1.0986122886681096,4.248495242049359
12698.0,1,339.75,225,1,Active Customers,339.75,226,0.004424778761061947,1.5033185840707965,0.6931471805599453,5.420534999272286
12699.0,1,638.11,52,0,At Risk Customers,638.11,53,0.018867924528301886,12.039811320754717,0.6931471805599453,3.970291913552122
12701.0,4,1648.7,164,1,Active Customers,412.175,165,0.024242424242424242,39.96848484848485,1.6094379124341003,5.10594547390058
12703.0,3,722.98,268,1,Active Customers,240.99333333333334,269,0.011152416356877323,8.062973977695167,1.3862943611198906,5.594711379601839
12711.0,2,1339.05,246,1,Active Customers,669.525,247,0.008097165991902834,10.84251012145749,1.0986122886681096,5.5093883366279774
12717.0,1,277.93,225,1,Active Customers,277.93,226,0.004424778761061947,1.2297787610619468,0.6931471805599453,5.420534999272286
12721.0,2,1356.95,20,0,At Risk Customers,678.475,21,0.09523809523809523,129.23333333333332,1.0986122886681096,3.044522437723423
12724.0,3,1286.11,18,0,At Risk Customers,428.7033333333333,19,0.15789473684210525,203.06999999999996,1.3862943611198906,2.9444389791664403
12726.0,4,1405.5,22,0,At Risk Customers,351.375,23,0.17391304347826086,244.43478260869566,1.6094379124341003,3.1354942159291497
12727.0,3,1698.8300000000002,77,0,At Risk Customers,566.2766666666668,78,0.038461538461538464,65.3396153846154,1.3862943611198906,4.356708826689592
12728.0,1,233.84,18,0,At Risk Customers,233.84,19,0.05263157894736842,12.307368421052631,0.6931471805599453,2.9444389791664403
12730.0,1,829.25,156,1,Active Customers,829.25,157,0.006369426751592357,5.281847133757962,0.6931471805599453,5.056245805348308
12731.0,5,6879.8,77,0,At Risk Customers,1375.96,78,0.0641025641025641,441.0128205128205,1.791759469228055,4.356708826689592
12733.0,3,2040.92,24,0,At Risk Customers,680.3066666666667,25,0.12,244.9104,1.3862943611198906,3.2188758248682006
12734.0,2,529.25,9,0,At Risk Customers,264.625,10,0.2,105.85000000000001,1.0986122886681096,2.302585092994046
12737.0,2,3710.5,133,0,At Risk Customers,1855.25,134,0.014925373134328358,55.38059701492537,1.0986122886681096,4.897839799950911
12738.0,1,155.35,7,0,At Risk Customers,155.35,8,0.125,19.41875,0.6931471805599453,2.0794415416798357
12739.0,2,1713.69,20,0,At Risk Customers,856.845,21,0.09523809523809523,163.20857142857142,1.0986122886681096,3.044522437723423
12741.0,2,406.07,164,1,Active Customers,203.035,165,0.012121212121212121,4.922060606060606,1.0986122886681096,5.10594547390058
12742.0,1,1201.52,260,1,Active Customers,1201.52,261,0.0038314176245210726,4.603524904214559,0.6931471805599453,5.564520407322694
12744.0,4,4037.77,94,0,At Risk Customers,1009.4425,95,0.042105263157894736,170.01136842105262,1.6094379124341003,4.553876891600541
12745.0,3,925.41,121,0,At Risk Customers,308.46999999999997,122,0.02459016393442623,22.755983606557372,1.3862943611198906,4.804021044733257
12746.0,1,254.55,175,1,Active Customers,254.55,176,0.005681818181818182,1.4463068181818184,0.6931471805599453,5.170483995038151
12749.0,4,2806.48,34,0,At Risk Customers,701.62,35,0.11428571428571428,320.7405714285714,1.6094379124341003,3.5553480614894135
12751.0,1,268.27,79,0,At Risk Customers,268.27,80,0.0125,3.3533749999999998,0.6931471805599453,4.382026634673881
12758.0,5,7111.650000000001,94,0,At Risk Customers,1422.3300000000002,95,0.05263157894736842,374.2973684210526,1.791759469228055,4.553876891600541
12760.0,1,347.8,90,0,At Risk Customers,347.8,91,0.01098901098901099,3.8219780219780226,0.6931471805599453,4.51085950651685
12761.0,2,782.95,92,0,At Risk Customers,391.475,93,0.021505376344086023,16.837634408602153,1.0986122886681096,4.532599493153256
12763.0,1,320.08,4,0,At Risk Customers,320.08,5,0.2,64.016,0.6931471805599453,1.6094379124341003
12765.0,6,1404.58,107,0,At Risk Customers,234.09666666666666,108,0.05555555555555555,78.03222222222222,1.9459101490553132,4.68213122712422
12767.0,1,949.82,10,0,At Risk Customers,949.82,11,0.09090909090909091,86.34727272727274,0.6931471805599453,2.3978952727983707
12768.0,1,168.69000000000003,85,0,At Risk Customers,168.69000000000003,86,0.011627906976744186,1.961511627906977,0.6931471805599453,4.454347296253507
12770.0,1,1895.0,91,0,At Risk Customers,1895.0,92,0.010869565217391304,20.59782608695652,0.6931471805599453,4.5217885770490405
12771.0,1,282.3,120,0,At Risk Customers,282.3,121,0.008264462809917356,2.3330578512396696,0.6931471805599453,4.795790545596741
12773.0,1,124.25,199,1,Active Customers,124.25,200,0.005,0.62125,0.6931471805599453,5.298317366548036
12774.0,1,98.7,170,1,Active Customers,98.7,171,0.005847953216374269,0.5771929824561404,0.6931471805599453,5.14166355650266
12775.0,2,300.08,23,0,At Risk Customers,150.04,24,0.08333333333333333,25.006666666666664,1.0986122886681096,3.1780538303479458
12776.0,1,55.5,302,1,Active Customers,55.5,303,0.0033003300330033004,0.18316831683168316,0.6931471805599453,5.713732805509369
12777.0,1,519.45,92,0,At Risk Customers,519.45,93,0.010752688172043012,5.585483870967743,0.6931471805599453,4.532599493153256
12778.0,3,953.45,31,0,At Risk Customers,317.81666666666666,32,0.09375,89.38593750000001,1.3862943611198906,3.4657359027997265
12780.0,1,337.4,233,1,Active Customers,337.4,234,0.004273504273504274,1.4418803418803419,0.6931471805599453,5.455321115357702
12784.0,1,1230.33,164,1,Active Customers,1230.33,165,0.006060606060606061,7.456545454545454,0.6931471805599453,5.10594547390058
12785.0,2,788.45,170,1,Active Customers,394.225,171,0.011695906432748537,9.221637426900585,1.0986122886681096,5.14166355650266
12786.0,1,728.5,244,1,Active Customers,728.5,245,0.004081632653061225,2.9734693877551024,0.6931471805599453,5.501258210544727
12787.0,1,398.52,48,0,At Risk Customers,398.52,49,0.02040816326530612,8.133061224489795,0.6931471805599453,3.8918202981106265
12788.0,4,444.9,98,0,At Risk Customers,111.225,99,0.04040404040404041,17.975757575757576,1.6094379124341003,4.59511985013459
12789.0,2,181.5,147,1,Active Customers,90.75,148,0.013513513513513514,2.4527027027027026,1.0986122886681096,4.997212273764115
12790.0,1,266.93,45,0,At Risk Customers,266.93,46,0.021739130434782608,5.802826086956522,0.6931471805599453,3.828641396489095
12791.0,6,863.51,8,0,At Risk Customers,143.91833333333332,9,0.6666666666666666,575.6733333333333,1.9459101490553132,2.1972245773362196
12792.0,1,426.47,169,1,Active Customers,426.47,170,0.0058823529411764705,2.5086470588235295,0.6931471805599453,5.135798437050262
12793.0,2,471.85,6,0,At Risk Customers,235.925,7,0.2857142857142857,134.81428571428572,1.0986122886681096,1.9459101490553132
12796.0,1,381.0,263,1,Active Customers,381.0,264,0.003787878787878788,1.4431818181818181,0.6931471805599453,5.575949103146316
12798.0,1,1533.8899999999999,56,0,At Risk Customers,1533.8899999999999,57,0.017543859649122806,26.91035087719298,0.6931471805599453,4.04305126783455
12799.0,1,219.35,164,1,Active Customers,219.35,165,0.006060606060606061,1.3293939393939394,0.6931471805599453,5.10594547390058
12800.0,3,584.25,105,0,At Risk Customers,194.75,106,0.02830188679245283,16.535377358490567,1.3862943611198906,4.663439094112067
12801.0,1,1071.82,135,0,At Risk Customers,1071.82,136,0.007352941176470588,7.881029411764706,0.6931471805599453,4.912654885736052
12802.0,6,1988.84,77,0,At Risk Customers,331.4733333333333,78,0.07692307692307693,152.9876923076923,1.9459101490553132,4.356708826689592
12803.0,1,1092.81,28,0,At Risk Customers,1092.81,29,0.034482758620689655,37.68310344827586,0.6931471805599453,3.367295829986474
12804.0,2,325.37,100,0,At Risk Customers,162.685,101,0.019801980198019802,6.442970297029703,1.0986122886681096,4.61512051684126
12805.0,4,1434.95,16,0,At Risk Customers,358.7375,17,0.23529411764705882,337.63529411764705,1.6094379124341003,2.833213344056216
12806.0,4,2878.96,70,0,At Risk Customers,719.74,71,0.056338028169014086,162.1949295774648,1.6094379124341003,4.2626798770413155
12807.0,1,330.35,18,0,At Risk Customers,330.35,19,0.05263157894736842,17.38684210526316,0.6931471805599453,2.9444389791664403
12808.0,3,422.45,3,0,At Risk Customers,140.81666666666666,4,0.75,316.8375,1.3862943611198906,1.3862943611198906
12809.0,2,1266.63,200,1,Active Customers,633.315,201,0.009950248756218905,12.603283582089553,1.0986122886681096,5.303304908059076
12810.0,2,534.99,169,1,Active Customers,267.495,170,0.011764705882352941,6.294,1.0986122886681096,5.135798437050262
12811.0,2,519.05,13,0,At Risk Customers,259.525,14,0.14285714285714285,74.14999999999999,1.0986122886681096,2.639057329615259
12813.0,3,1687.8,136,0,At Risk Customers,562.6,137,0.021897810218978103,36.95912408759125,1.3862943611198906,4.919980925828125
12817.0,2,524.94,34,0,At Risk Customers,262.47,35,0.05714285714285714,29.996571428571432,1.0986122886681096,3.5553480614894135
12819.0,1,540.52,93,0,At Risk Customers,540.52,94,0.010638297872340425,5.750212765957446,0.6931471805599453,4.543294782270004
12820.0,7,1747.18,32,0,At Risk Customers,249.59714285714287,33,0.21212121212121213,370.6139393939394,2.0794415416798357,3.4965075614664802
12821.0,1,128.07999999999998,246,1,Active Customers,128.07999999999998,247,0.004048582995951417,0.5185425101214575,0.6931471805599453,5.5093883366279774
12825.0,2,518.63,156,1,Active Customers,259.315,157,0.012738853503184714,6.606751592356688,1.0986122886681096,5.056245805348308
12829.0,1,92.30000000000001,185,1,Active Customers,92.30000000000001,186,0.005376344086021506,0.49623655913978504,0.6931471805599453,5.225746673713202
12831.0,2,236.06,98,0,At Risk Customers,118.03,99,0.020202020202020204,4.768888888888889,1.0986122886681096,4.59511985013459
12837.0,1,528.5600000000001,204,1,Active Customers,528.5600000000001,205,0.004878048780487805,2.578341463414634,0.6931471805599453,5.3230099791384085
12840.0,3,1315.2,72,0,At Risk Customers,438.40000000000003,73,0.0410958904109589,54.04931506849315,1.3862943611198906,4.290459441148391
12842.0,2,799.0,39,0,At Risk Customers,399.5,40,0.05,39.95,1.0986122886681096,3.6888794541139363
12844.0,2,322.64,77,0,At Risk Customers,161.32,78,0.02564102564102564,8.272820512820513,1.0986122886681096,4.356708826689592
12846.0,1,15.58,317,1,Active Customers,15.58,318,0.0031446540880503146,0.0489937106918239,0.6931471805599453,5.762051382780177
12847.0,1,765.36,22,0,At Risk Customers,765.36,23,0.043478260869565216,33.27652173913044,0.6931471805599453,3.1354942159291497
12848.0,1,208.0,310,1,Active Customers,208.0,311,0.003215434083601286,0.6688102893890675,0.6931471805599453,5.739792912179234
12849.0,4,2032.18,16,0,At Risk Customers,508.045,17,0.23529411764705882,478.16,1.6094379124341003,2.833213344056216
12850.0,1,330.0,80,0,At Risk Customers,330.0,81,0.012345679012345678,4.0740740740740735,0.6931471805599453,4.394449154672439
12851.0,1,148.95,112,0,At Risk Customers,148.95,113,0.008849557522123894,1.318141592920354,0.6931471805599453,4.727387818712341
12853.0,5,1950.4,62,0,At Risk Customers,390.08000000000004,63,0.07936507936507936,154.79365079365078,1.791759469228055,4.143134726391533
12854.0,4,1654.72,196,1,Active Customers,413.68,197,0.02030456852791878,33.598375634517765,1.6094379124341003,5.2832037287379885
12855.0,4,612.84,7,0,At Risk Customers,153.21,8,0.5,306.42,1.6094379124341003,2.0794415416798357
12857.0,4,2581.6,71,0,At Risk Customers,645.4,72,0.05555555555555555,143.42222222222222,1.6094379124341003,4.276666119016055
12858.0,1,147.27,18,0,At Risk Customers,147.27,19,0.05263157894736842,7.751052631578948,0.6931471805599453,2.9444389791664403
12859.0,1,575.1,93,0,At Risk Customers,575.1,94,0.010638297872340425,6.118085106382979,0.6931471805599453,4.543294782270004
12860.0,1,54.22,328,1,Active Customers,54.22,329,0.00303951367781155,0.16480243161094224,0.6931471805599453,5.796057750765372
12861.0,1,68.25,254,1,Active Customers,68.25,255,0.00392156862745098,0.2676470588235294,0.6931471805599453,5.541263545158426
12862.0,2,984.62,60,0,At Risk Customers,492.31,61,0.03278688524590164,32.28262295081967,1.0986122886681096,4.110873864173311
12863.0,5,2271.35,14,0,At Risk Customers,454.27,15,0.3333333333333333,757.1166666666666,1.791759469228055,2.70805020110221
12864.0,1,152.45,143,1,Active Customers,152.45,144,0.006944444444444444,1.0586805555555554,0.6931471805599453,4.969813299576001
12865.0,2,1755.24,13,0,At Risk Customers,877.62,14,0.14285714285714285,250.7485714285714,1.0986122886681096,2.639057329615259
12866.0,2,668.23,109,0,At Risk Customers,334.115,110,0.01818181818181818,12.149636363636363,1.0986122886681096,4.700480365792417
12867.0,6,3819.92,32,0,At Risk Customers,636.6533333333333,33,0.18181818181818182,694.5309090909092,1.9459101490553132,3.4965075614664802
12868.0,3,640.0,8,0,At Risk Customers,213.33333333333334,9,0.3333333333333333,213.33333333333331,1.3862943611198906,2.1972245773362196
12869.0,1,337.66999999999996,316,1,Active Customers,337.66999999999996,317,0.0031545741324921135,1.0652050473186119,0.6931471805599453,5.75890177387728
12870.0,3,1676.95,10,0,At Risk Customers,558.9833333333333,11,0.2727272727272727,457.34999999999997,1.3862943611198906,2.3978952727983707
12871.0,1,363.38,74,0,At Risk Customers,363.38,75,0.013333333333333334,4.845066666666667,0.6931471805599453,4.31748811353631
12873.0,2,1653.3,32,0,At Risk Customers,826.65,33,0.06060606060606061,100.2,1.0986122886681096,3.4965075614664802
12874.0,2,948.42,20,0,At Risk Customers,474.21,21,0.09523809523809523,90.32571428571428,1.0986122886681096,3.044522437723423
12875.0,3,1013.76,106,0,At Risk Customers,337.92,107,0.028037383177570093,28.423177570093458,1.3862943611198906,4.672828834461906
12876.0,2,1863.77,29,0,At Risk Customers,931.885,30,0.06666666666666667,124.25133333333333,1.0986122886681096,3.4011973816621555
12877.0,8,1406.3700000000001,36,0,At Risk Customers,175.79625000000001,37,0.21621621621621623,304.08000000000004,2.1972245773362196,3.6109179126442243
12880.0,2,640.13,16,0,At Risk Customers,320.065,17,0.11764705882352941,75.30941176470589,1.0986122886681096,2.833213344056216
12887.0,1,222.4,18,0,At Risk Customers,222.4,19,0.05263157894736842,11.705263157894736,0.6931471805599453,2.9444389791664403
12889.0,4,385.46000000000004,16,0,At Risk Customers,96.36500000000001,17,0.23529411764705882,90.6964705882353,1.6094379124341003,2.833213344056216
12890.0,1,329.3,22,0,At Risk Customers,329.3,23,0.043478260869565216,14.317391304347826,0.6931471805599453,3.1354942159291497
12891.0,8,509.5,93,0,At Risk Customers,63.6875,94,0.0851063829787234,43.361702127659576,2.1972245773362196,4.543294782270004
12892.0,1,263.38,31,0,At Risk Customers,263.38,32,0.03125,8.230625,0.6931471805599453,3.4657359027997265
12894.0,1,157.35,210,1,Active Customers,157.35,211,0.004739336492890996,0.7457345971563981,0.6931471805599453,5.351858133476067
12897.0,2,297.75,16,0,At Risk Customers,148.875,17,0.11764705882352941,35.029411764705884,1.0986122886681096,2.833213344056216
12898.0,2,296.21000000000004,98,0,At Risk Customers,148.10500000000002,99,0.020202020202020204,5.984040404040405,1.0986122886681096,4.59511985013459
12899.0,1,366.4,48,0,At Risk Customers,366.4,49,0.02040816326530612,7.477551020408162,0.6931471805599453,3.8918202981106265
12900.0,1,340.33,57,0,At Risk Customers,340.33,58,0.017241379310344827,5.867758620689655,0.6931471805599453,4.060443010546419
12903.0,1,833.53,63,0,At Risk Customers,833.53,64,0.015625,13.02390625,0.6931471805599453,4.1588830833596715
12905.0,2,1018.42,211,1,Active Customers,509.21,212,0.009433962264150943,9.607735849056603,1.0986122886681096,5.356586274672012
12907.0,2,508.91,30,0,At Risk Customers,254.455,31,0.06451612903225806,32.832903225806454,1.0986122886681096,3.4339872044851463
12908.0,3,1026.0,15,0,At Risk Customers,342.0,16,0.1875,192.375,1.3862943611198906,2.772588722239781
12909.0,3,924.52,59,0,At Risk Customers,308.17333333333335,60,0.05,46.226,1.3862943611198906,4.0943445622221
12911.0,1,1651.72,186,1,Active Customers,1651.72,187,0.0053475935828877,8.832727272727272,0.6931471805599453,5.231108616854587
12914.0,1,223.98,35,0,At Risk Customers,223.98,36,0.027777777777777776,6.221666666666666,0.6931471805599453,3.58351893845611
12915.0,3,811.1,7,0,At Risk Customers,270.3666666666667,8,0.375,304.1625,1.3862943611198906,2.0794415416798357
12916.0,3,1534.78,77,0,At Risk Customers,511.5933333333333,78,0.038461538461538464,59.03,1.3862943611198906,4.356708826689592
12917.0,5,3765.2,35,0,At Risk Customers,753.04,36,0.1388888888888889,522.9444444444445,1.791759469228055,3.58351893845611
12918.0,1,10953.5,261,1,Active Customers,10953.5,262,0.003816793893129771,41.80725190839694,0.6931471805599453,5.568344503761097
12920.0,3,323.86,206,1,Active Customers,107.95333333333333,207,0.014492753623188406,4.693623188405797,1.3862943611198906,5.332718793265369
12923.0,2,597.6,25,0,At Risk Customers,298.8,26,0.07692307692307693,45.969230769230776,1.0986122886681096,3.258096538021482
12924.0,8,1535.7,28,0,At Risk Customers,191.9625,29,0.27586206896551724,423.64137931034486,2.1972245773362196,3.367295829986474
12925.0,1,35.28,227,1,Active Customers,35.28,228,0.0043859649122807015,0.15473684210526314,0.6931471805599453,5.429345628954441
12926.0,4,1523.97,46,0,At Risk Customers,380.9925,47,0.0851063829787234,129.6995744680851,1.6094379124341003,3.8501476017100584
12927.0,1,197.31,29,0,At Risk Customers,197.31,30,0.03333333333333333,6.577,0.6931471805599453,3.4011973816621555
12932.0,8,1698.56,174,1,Active Customers,212.32,175,0.045714285714285714,77.64845714285714,2.1972245773362196,5.1647859739235145
12933.0,5,1029.1,15,0,At Risk Customers,205.82,16,0.3125,321.59375,1.791759469228055,2.772588722239781
12934.0,1,181.65,371,1,Active Customers,181.65,372,0.002688172043010753,0.48830645161290326,0.6931471805599453,5.918893854273146
12937.0,5,1593.34,98,0,At Risk Customers,318.668,99,0.050505050505050504,80.47171717171717,1.791759469228055,4.59511985013459
12941.0,1,377.49,359,1,Active Customers,377.49,360,0.002777777777777778,1.0485833333333334,0.6931471805599453,5.886104031450156
12942.0,1,258.75,0,0,At Risk Customers,258.75,1,1.0,258.75,0.6931471805599453,0.0
12943.0,2,496.5,193,1,Active Customers,248.25,194,0.010309278350515464,5.118556701030927,1.0986122886681096,5.267858159063328
12945.0,1,437.16,291,1,Active Customers,437.16,292,0.003424657534246575,1.4971232876712328,0.6931471805599453,5.676753802268282
12946.0,1,324.45,71,0,At Risk Customers,324.45,72,0.013888888888888888,4.50625,0.6931471805599453,4.276666119016055
12947.0,1,304.04,8,0,At Risk Customers,304.04,9,0.1111111111111111,33.782222222222224,0.6931471805599453,2.1972245773362196
12948.0,2,252.48000000000002,365,1,Active Customers,126.24000000000001,366,0.00546448087431694,1.379672131147541,1.0986122886681096,5.902633333401366
12953.0,1,498.96000000000004,157,1,Active Customers,498.96000000000004,158,0.006329113924050633,3.157974683544304,0.6931471805599453,5.062595033026967
12954.0,1,162.45,273,1,Active Customers,162.45,274,0.0036496350364963502,0.5928832116788321,0.6931471805599453,5.6131281063880705
12956.0,3,413.82,319,1,Active Customers,137.94,320,0.009375,3.8795624999999996,1.3862943611198906,5.768320995793772
12957.0,5,4689.43,176,1,Active Customers,937.8860000000001,177,0.02824858757062147,132.46977401129945,1.791759469228055,5.176149732573829
12958.0,2,467.34,35,0,At Risk Customers,233.67,36,0.05555555555555555,25.96333333333333,1.0986122886681096,3.58351893845611
12959.0,1,150.95,119,0,At Risk Customers,150.95,120,0.008333333333333333,1.2579166666666666,0.6931471805599453,4.787491742782046
12960.0,4,1322.07,48,0,At Risk Customers,330.5175,49,0.08163265306122448,107.92408163265304,1.6094379124341003,3.8918202981106265
12961.0,1,211.99,14,0,At Risk Customers,211.99,15,0.06666666666666667,14.132666666666667,0.6931471805599453,2.70805020110221
12964.0,1,132.24,72,0,At Risk Customers,132.24,73,0.0136986301369863,1.8115068493150686,0.6931471805599453,4.290459441148391
12967.0,2,2646.02,6,0,At Risk Customers,1323.01,7,0.2857142857142857,756.0057142857142,1.0986122886681096,1.9459101490553132
12969.0,1,122.45,237,1,Active Customers,122.45,238,0.004201680672268907,0.5144957983193277,0.6931471805599453,5.472270673671475
12970.0,6,1048.13,15,0,At Risk Customers,174.68833333333336,16,0.375,393.04875000000004,1.9459101490553132,2.772588722239781
12972.0,4,1161.2,48,0,At Risk Customers,290.3,49,0.08163265306122448,94.79183673469387,1.6094379124341003,3.8918202981106265
12973.0,1,385.55,48,0,At Risk Customers,385.55,49,0.02040816326530612,7.868367346938775,0.6931471805599453,3.8918202981106265
12974.0,1,264.15,200,1,Active Customers,264.15,201,0.004975124378109453,1.3141791044776119,0.6931471805599453,5.303304908059076
12975.0,6,2100.09,71,0,At Risk Customers,350.01500000000004,72,0.08333333333333333,175.0075,1.9459101490553132,4.276666119016055
12977.0,3,474.64,136,0,At Risk Customers,158.21333333333334,137,0.021897810218978103,10.393576642335766,1.3862943611198906,4.919980925828125
12978.0,5,2502.82,20,0,At Risk Customers,500.564,21,0.23809523809523808,595.9095238095238,1.791759469228055,3.044522437723423
12979.0,1,517.7,364,1,Active Customers,517.7,365,0.0027397260273972603,1.4183561643835618,0.6931471805599453,5.8998973535824915
12982.0,7,2354.27,29,0,At Risk Customers,336.32428571428574,30,0.23333333333333334,549.3296666666666,2.0794415416798357,3.4011973816621555
12983.0,1,490.08000000000004,233,1,Active Customers,490.08000000000004,234,0.004273504273504274,2.0943589743589746,0.6931471805599453,5.455321115357702
12986.0,10,2729.84,63,0,At Risk Customers,272.98400000000004,64,0.15625,426.5375,2.3978952727983707,4.1588830833596715
12987.0,3,753.51,55,0,At Risk Customers,251.17,56,0.05357142857142857,40.36660714285714,1.3862943611198906,4.02535169073515
12990.0,4,546.0,52,0,At Risk Customers,136.5,53,0.07547169811320754,41.20754716981132,1.6094379124341003,3.970291913552122
12991.0,1,261.06,24,0,At Risk Customers,261.06,25,0.04,10.442400000000001,0.6931471805599453,3.2188758248682006
12992.0,1,93.35000000000001,360,1,Active Customers,93.35000000000001,361,0.002770083102493075,0.25858725761772855,0.6931471805599453,5.8888779583328805
12993.0,4,844.87,80,0,At Risk Customers,211.2175,81,0.04938271604938271,41.72197530864197,1.6094379124341003,4.394449154672439
12996.0,1,355.5,10,0,At Risk Customers,355.5,11,0.09090909090909091,32.31818181818182,0.6931471805599453,2.3978952727983707
12997.0,4,884.02,29,0,At Risk Customers,221.005,30,0.13333333333333333,117.86933333333333,1.6094379124341003,3.4011973816621555
12998.0,3,920.08,127,0,At Risk Customers,306.6933333333333,128,0.0234375,21.564375,1.3862943611198906,4.852030263919617
13000.0,1,497.65000000000003,360,1,Active Customers,497.65000000000003,361,0.002770083102493075,1.3785318559556787,0.6931471805599453,5.8888779583328805
13002.0,2,293.18,51,0,At Risk Customers,146.59,52,0.038461538461538464,11.276153846153846,1.0986122886681096,3.9512437185814275
13005.0,2,485.98,66,0,At Risk Customers,242.99,67,0.029850746268656716,14.50686567164179,1.0986122886681096,4.204692619390966
13007.0,1,175.25,214,1,Active Customers,175.25,215,0.004651162790697674,0.8151162790697675,0.6931471805599453,5.3706380281276624
13008.0,2,382.66,32,0,At Risk Customers,191.33,33,0.06060606060606061,23.191515151515155,1.0986122886681096,3.4965075614664802
13009.0,1,234.0,307,1,Active Customers,234.0,308,0.003246753246753247,0.7597402597402598,0.6931471805599453,5.730099782973575
13010.0,2,330.12,9,0,At Risk Customers,165.06,10,0.2,66.024,1.0986122886681096,2.302585092994046
13011.0,1,50.550000000000004,7,0,At Risk Customers,50.550000000000004,8,0.125,6.3187500000000005,0.6931471805599453,2.0794415416798357
13012.0,3,1310.99,64,0,At Risk Customers,436.99666666666667,65,0.046153846153846156,60.50723076923077,1.3862943611198906,4.174387269895637
13014.0,1,1914.8,67,0,At Risk Customers,1914.8,68,0.014705882352941176,28.158823529411762,0.6931471805599453,4.219507705176107
13015.0,6,3240.14,73,0,At Risk Customers,540.0233333333333,74,0.08108108108108109,262.71405405405403,1.9459101490553132,4.304065093204169
13018.0,7,2485.46,48,0,At Risk Customers,355.0657142857143,49,0.14285714285714285,355.06571428571425,2.0794415416798357,3.8918202981106265
13019.0,6,1229.95,14,0,At Risk Customers,204.99166666666667,15,0.4,491.98,1.9459101490553132,2.70805020110221
13020.0,2,618.96,197,1,Active Customers,309.48,198,0.010101010101010102,6.252121212121213,1.0986122886681096,5.288267030694535
13022.0,1,65.3,64,0,At Risk Customers,65.3,65,0.015384615384615385,1.0046153846153847,0.6931471805599453,4.174387269895637
13023.0,1,759.13,163,1,Active Customers,759.13,164,0.006097560975609756,4.628841463414634,0.6931471805599453,5.099866427824199
13024.0,2,555.87,105,0,At Risk Customers,277.935,106,0.018867924528301886,10.488113207547169,1.0986122886681096,4.663439094112067
13025.0,1,323.39,366,1,Active Customers,323.39,367,0.0027247956403269754,0.8811716621253405,0.6931471805599453,5.905361848054571
13026.0,4,757.72,123,0,At Risk Customers,189.43,124,0.03225806451612903,24.44258064516129,1.6094379124341003,4.820281565605037
13029.0,2,679.8,9,0,At Risk Customers,339.9,10,0.2,135.96,1.0986122886681096,2.302585092994046
13030.0,1,402.36,3,0,At Risk Customers,402.36,4,0.25,100.59,0.6931471805599453,1.3862943611198906
13031.0,5,3292.84,42,0,At Risk Customers,658.568,43,0.11627906976744186,382.8883720930233,1.791759469228055,3.7612001156935624
13032.0,7,1805.78,27,0,At Risk Customers,257.9685714285714,28,0.25,451.44499999999994,2.0794415416798357,3.332204510175204
13033.0,1,30.0,64,0,At Risk Customers,30.0,65,0.015384615384615385,0.46153846153846156,0.6931471805599453,4.174387269895637
13034.0,2,279.91,4,0,At Risk Customers,139.955,5,0.4,111.96400000000001,1.0986122886681096,1.6094379124341003
13035.0,1,442.32,66,0,At Risk Customers,442.32,67,0.014925373134328358,6.601791044776119,0.6931471805599453,4.204692619390966
13036.0,1,307.1,319,1,Active Customers,307.1,320,0.003125,0.9596875000000001,0.6931471805599453,5.768320995793772
13037.0,9,3033.88,34,0,At Risk Customers,337.09777777777776,35,0.2571428571428571,780.1405714285714,2.302585092994046,3.5553480614894135
13039.0,4,1010.73,219,1,Active Customers,252.6825,220,0.01818181818181818,18.37690909090909,1.6094379124341003,5.393627546352361
13041.0,4,799.13,85,0,At Risk Customers,199.7825,86,0.046511627906976744,37.168837209302325,1.6094379124341003,4.454347296253507
13042.0,3,1488.59,233,1,Active Customers,496.19666666666666,234,0.01282051282051282,19.084487179487176,1.3862943611198906,5.455321115357702
13044.0,10,4287.58,127,0,At Risk Customers,428.758,128,0.078125,334.9671875,2.3978952727983707,4.852030263919617
13045.0,2,503.64,36,0,At Risk Customers,251.82,37,0.05405405405405406,27.223783783783784,1.0986122886681096,3.6109179126442243
13046.0,1,319.94,91,0,At Risk Customers,319.94,92,0.010869565217391304,3.4776086956521737,0.6931471805599453,4.5217885770490405
13048.0,5,2229.72,71,0,At Risk Customers,445.94399999999996,72,0.06944444444444445,154.84166666666667,1.791759469228055,4.276666119016055
13049.0,2,751.5600000000001,24,0,At Risk Customers,375.78000000000003,25,0.08,60.12480000000001,1.0986122886681096,3.2188758248682006
13051.0,2,155.8,213,1,Active Customers,77.9,214,0.009345794392523364,1.45607476635514,1.0986122886681096,5.365976015021851
13052.0,6,2771.18,55,0,At Risk Customers,461.8633333333333,56,0.10714285714285714,296.91214285714284,1.9459101490553132,4.02535169073515
13053.0,1,127.65,256,1,Active Customers,127.65,257,0.0038910505836575876,0.49669260700389106,0.6931471805599453,5.54907608489522
13055.0,1,1106.7,64,0,At Risk Customers,1106.7,65,0.015384615384615385,17.026153846153846,0.6931471805599453,4.174387269895637
13056.0,1,209.48,186,1,Active Customers,209.48,187,0.0053475935828877,1.1202139037433154,0.6931471805599453,5.231108616854587
13057.0,3,709.59,165,1,Active Customers,236.53,166,0.018072289156626505,12.823915662650602,1.3862943611198906,5.111987788356544
13059.0,9,2108.37,48,0,At Risk Customers,234.26333333333332,49,0.1836734693877551,387.2516326530612,2.302585092994046,3.8918202981106265
13063.0,1,188.4,115,0,At Risk Customers,188.4,116,0.008620689655172414,1.6241379310344828,0.6931471805599453,4.7535901911063645
13064.0,2,561.25,185,1,Active Customers,280.625,186,0.010752688172043012,6.03494623655914,1.0986122886681096,5.225746673713202
13065.0,5,1055.05,8,0,At Risk Customers,211.01,9,0.5555555555555556,586.1388888888889,1.791759469228055,2.1972245773362196
13067.0,2,393.05,44,0,At Risk Customers,196.525,45,0.044444444444444446,17.46888888888889,1.0986122886681096,3.8066624897703196
13070.0,3,522.9,94,0,At Risk Customers,174.29999999999998,95,0.031578947368421054,16.512631578947367,1.3862943611198906,4.553876891600541
13071.0,1,129.22,247,1,Active Customers,129.22,248,0.004032258064516129,0.5210483870967741,0.6931471805599453,5.5134287461649825
13073.0,2,418.08,46,0,At Risk Customers,209.04,47,0.0425531914893617,17.790638297872338,1.0986122886681096,3.8501476017100584
13074.0,4,1378.74,146,1,Active Customers,344.685,147,0.027210884353741496,37.51673469387755,1.6094379124341003,4.990432586778736
13076.0,1,135.4,92,0,At Risk Customers,135.4,93,0.010752688172043012,1.4559139784946238,0.6931471805599453,4.532599493153256
13079.0,1,199.08,52,0,At Risk Customers,199.08,53,0.018867924528301886,3.7562264150943396,0.6931471805599453,3.970291913552122
13080.0,3,222.65,36,0,At Risk Customers,74.21666666666667,37,0.08108108108108109,18.052702702702703,1.3862943611198906,3.6109179126442243
13082.0,12,3722.12,59,0,At Risk Customers,310.1766666666667,60,0.2,744.424,2.5649493574615367,4.0943445622221
13083.0,1,91.67999999999999,60,0,At Risk Customers,91.67999999999999,61,0.01639344262295082,1.502950819672131,0.6931471805599453,4.110873864173311
13084.0,1,122.39999999999999,126,0,At Risk Customers,122.39999999999999,127,0.007874015748031496,0.963779527559055,0.6931471805599453,4.844187086458591
13085.0,6,2017.2,314,1,Active Customers,336.2,315,0.01904761904761905,38.42285714285714,1.9459101490553132,5.752572638825633
13086.0,1,439.33000000000004,17,0,At Risk Customers,439.33000000000004,18,0.05555555555555555,24.407222222222224,0.6931471805599453,2.8903717578961645
13087.0,1,313.64,361,1,Active Customers,313.64,362,0.0027624309392265192,0.8664088397790054,0.6931471805599453,5.891644211825771
13088.0,1,236.11,52,0,At Risk Customers,236.11,53,0.018867924528301886,4.454905660377358,0.6931471805599453,3.970291913552122
13091.0,2,1976.0,364,1,Active Customers,988.0,365,0.005479452054794521,10.827397260273973,1.0986122886681096,5.8998973535824915
13092.0,7,1662.45,49,0,At Risk Customers,237.49285714285716,50,0.14,232.74300000000002,2.0794415416798357,3.912023005428146
13094.0,2,505.8,3,0,At Risk Customers,252.9,4,0.5,252.9,1.0986122886681096,1.3862943611198906
13096.0,1,419.70000000000005,29,0,At Risk Customers,419.70000000000005,30,0.03333333333333333,13.990000000000002,0.6931471805599453,3.4011973816621555
13101.0,3,594.21,133,0,At Risk Customers,198.07000000000002,134,0.022388059701492536,13.30320895522388,1.3862943611198906,4.897839799950911
13103.0,2,465.70000000000005,72,0,At Risk Customers,232.85000000000002,73,0.0273972602739726,12.758904109589041,1.0986122886681096,4.290459441148391
13104.0,3,610.62,50,0,At Risk Customers,203.54,51,0.058823529411764705,35.91882352941177,1.3862943611198906,3.9318256327243257
13105.0,1,72.0,71,0,At Risk Customers,72.0,72,0.013888888888888888,1.0,0.6931471805599453,4.276666119016055
13106.0,1,526.96,48,0,At Risk Customers,526.96,49,0.02040816326530612,10.754285714285714,0.6931471805599453,3.8918202981106265
13107.0,5,3721.45,48,0,At Risk Customers,744.29,49,0.10204081632653061,379.73979591836735,1.791759469228055,3.8918202981106265
13108.0,2,748.46,7,0,At Risk Customers,374.23,8,0.25,187.115,1.0986122886681096,2.0794415416798357
13109.0,1,347.49,186,1,Active Customers,347.49,187,0.0053475935828877,1.858235294117647,0.6931471805599453,5.231108616854587
13110.0,5,1468.8000000000002,72,0,At Risk Customers,293.76000000000005,73,0.0684931506849315,100.60273972602741,1.791759469228055,4.290459441148391
13111.0,1,321.88000000000005,353,1,Active Customers,321.88000000000005,354,0.002824858757062147,0.909265536723164,0.6931471805599453,5.869296913133774
13112.0,1,20.6,176,1,Active Customers,20.6,177,0.005649717514124294,0.11638418079096045,0.6931471805599453,5.176149732573829
13114.0,1,234.38,365,1,Active Customers,234.38,366,0.00273224043715847,0.6403825136612021,0.6931471805599453,5.902633333401366
13118.0,4,1217.6,11,0,At Risk Customers,304.4,12,0.3333333333333333,405.8666666666666,1.6094379124341003,2.4849066497880004
13119.0,1,134.9,303,1,Active Customers,134.9,304,0.003289473684210526,0.44375,0.6931471805599453,5.717027701406222
13123.0,2,506.75,107,0,At Risk Customers,253.375,108,0.018518518518518517,9.38425925925926,1.0986122886681096,4.68213122712422
13124.0,1,885.33,20,0,At Risk Customers,885.33,21,0.047619047619047616,42.15857142857143,0.6931471805599453,3.044522437723423
13125.0,1,148.62,158,1,Active Customers,148.62,159,0.006289308176100629,0.9347169811320756,0.6931471805599453,5.0689042022202315
13128.0,1,263.5,266,1,Active Customers,263.5,267,0.003745318352059925,0.9868913857677902,0.6931471805599453,5.58724865840025
13129.0,2,233.25,87,0,At Risk Customers,116.625,88,0.022727272727272728,5.301136363636364,1.0986122886681096,4.477336814478207
13131.0,4,2240.47,53,0,At Risk Customers,560.1175,54,0.07407407407407407,165.9607407407407,1.6094379124341003,3.9889840465642745
13133.0,1,90.65,94,0,At Risk Customers,90.65,95,0.010526315789473684,0.9542105263157895,0.6931471805599453,4.553876891600541
13134.0,2,681.65,37,0,At Risk Customers,340.825,38,0.05263157894736842,35.87631578947368,1.0986122886681096,3.6375861597263857
13135.0,1,275.45,126,0,At Risk Customers,275.45,127,0.007874015748031496,2.1688976377952756,0.6931471805599453,4.844187086458591
13138.0,2,504.85,7,0,At Risk Customers,252.425,8,0.25,126.2125,1.0986122886681096,2.0794415416798357
13139.0,1,3138.04,72,0,At Risk Customers,3138.04,73,0.0136986301369863,42.98684931506849,0.6931471805599453,4.290459441148391
13143.0,1,405.1,219,1,Active Customers,405.1,220,0.004545454545454545,1.8413636363636363,0.6931471805599453,5.393627546352361
13144.0,1,24.4,66,0,At Risk Customers,24.4,67,0.014925373134328358,0.3641791044776119,0.6931471805599453,4.204692619390966
13145.0,4,805.0,7,0,At Risk Customers,201.25,8,0.5,402.5,1.6094379124341003,2.0794415416798357
13150.0,3,449.96999999999997,119,0,At Risk Customers,149.98999999999998,120,0.025,11.249249999999998,1.3862943611198906,4.787491742782046
13151.0,2,1207.34,260,1,Active Customers,603.67,261,0.007662835249042145,9.251647509578543,1.0986122886681096,5.564520407322694
13152.0,7,2146.38,52,0,At Risk Customers,306.6257142857143,53,0.1320754716981132,283.48415094339623,2.0794415416798357,3.970291913552122
13154.0,3,1624.84,34,0,At Risk Customers,541.6133333333333,35,0.08571428571428572,139.27200000000002,1.3862943611198906,3.5553480614894135
13155.0,3,778.42,3,0,At Risk Customers,259.4733333333333,4,0.75,583.8149999999998,1.3862943611198906,1.3862943611198906
13156.0,3,1586.54,20,0,At Risk Customers,528.8466666666667,21,0.14285714285714285,226.64857142857142,1.3862943611198906,3.044522437723423
13157.0,5,3946.14,44,0,At Risk Customers,789.228,45,0.1111111111111111,438.46,1.791759469228055,3.8066624897703196
13158.0,1,307.12,23,0,At Risk Customers,307.12,24,0.041666666666666664,12.796666666666667,0.6931471805599453,3.1780538303479458
13161.0,1,359.38,135,0,At Risk Customers,359.38,136,0.007352941176470588,2.6425,0.6931471805599453,4.912654885736052
13163.0,1,17.65,245,1,Active Customers,17.65,246,0.0040650406504065045,0.0717479674796748,0.6931471805599453,5.5053315359323625
13164.0,2,372.2,204,1,Active Customers,186.1,205,0.00975609756097561,3.6312195121951216,1.0986122886681096,5.3230099791384085
13165.0,1,429.68,48,0,At Risk Customers,429.68,49,0.02040816326530612,8.768979591836734,0.6931471805599453,3.8918202981106265
13166.0,1,458.73,49,0,At Risk Customers,458.73,50,0.02,9.1746,0.6931471805599453,3.912023005428146
13167.0,1,333.82,25,0,At Risk Customers,333.82,26,0.038461538461538464,12.83923076923077,0.6931471805599453,3.258096538021482
13168.0,1,541.14,177,1,Active Customers,541.14,178,0.0056179775280898875,3.0401123595505615,0.6931471805599453,5.181783550292085
13169.0,1,127.2,197,1,Active Customers,127.2,198,0.005050505050505051,0.6424242424242425,0.6931471805599453,5.288267030694535
13172.0,1,69.6,35,0,At Risk Customers,69.6,36,0.027777777777777776,1.9333333333333331,0.6931471805599453,3.58351893845611
13175.0,2,831.45,217,1,Active Customers,415.725,218,0.009174311926605505,7.627981651376148,1.0986122886681096,5.384495062789089
13177.0,1,229.75,65,0,At Risk Customers,229.75,66,0.015151515151515152,3.481060606060606,0.6931471805599453,4.189654742026425
13179.0,1,572.3100000000001,253,1,Active Customers,572.3100000000001,254,0.003937007874015748,2.253188976377953,0.6931471805599453,5.537334267018537
13180.0,1,86.10000000000001,242,1,Active Customers,86.10000000000001,243,0.00411522633744856,0.3543209876543211,0.6931471805599453,5.493061443340548
13181.0,1,359.69,16,0,At Risk Customers,359.69,17,0.058823529411764705,21.158235294117645,0.6931471805599453,2.833213344056216
13183.0,6,3078.4,29,0,At Risk Customers,513.0666666666667,30,0.2,615.6800000000002,1.9459101490553132,3.4011973816621555
13187.0,3,105.34,259,1,Active Customers,35.11333333333334,260,0.011538461538461539,1.2154615384615386,1.3862943611198906,5.560681631015528
13190.0,3,570.66,179,1,Active Customers,190.22,180,0.016666666666666666,9.511,1.3862943611198906,5.19295685089021
13191.0,1,164.69,293,1,Active Customers,164.69,294,0.003401360544217687,0.5601700680272108,0.6931471805599453,5.683579767338681
13192.0,4,1646.6399999999999,170,1,Active Customers,411.65999999999997,171,0.023391812865497075,38.5178947368421,1.6094379124341003,5.14166355650266
13194.0,1,412.08,56,0,At Risk Customers,412.08,57,0.017543859649122806,7.229473684210526,0.6931471805599453,4.04305126783455
13195.0,1,136.73,49,0,At Risk Customers,136.73,50,0.02,2.7346,0.6931471805599453,3.912023005428146
13196.0,3,1271.06,78,0,At Risk Customers,423.68666666666667,79,0.0379746835443038,48.268101265822786,1.3862943611198906,4.3694478524670215
13197.0,1,373.01000000000005,244,1,Active Customers,373.01000000000005,245,0.004081632653061225,1.5224897959183676,0.6931471805599453,5.501258210544727
13198.0,2,1572.99,22,0,At Risk Customers,786.495,23,0.08695652173913043,136.78173913043477,1.0986122886681096,3.1354942159291497
13201.0,4,1233.06,137,0,At Risk Customers,308.265,138,0.028985507246376812,35.74086956521739,1.6094379124341003,4.927253685157205
13202.0,7,1580.3,29,0,At Risk Customers,225.75714285714284,30,0.23333333333333334,368.7366666666667,2.0794415416798357,3.4011973816621555
13203.0,6,1778.79,21,0,At Risk Customers,296.465,22,0.2727272727272727,485.1245454545454,1.9459101490553132,3.091042453358316
13204.0,1,966.6600000000001,366,1,Active Customers,966.6600000000001,367,0.0027247956403269754,2.6339509536784744,0.6931471805599453,5.905361848054571
13205.0,1,2803.2,78,0,At Risk Customers,2803.2,79,0.012658227848101266,35.483544303797466,0.6931471805599453,4.3694478524670215
13207.0,2,285.6,86,0,At Risk Customers,142.8,87,0.022988505747126436,6.565517241379311,1.0986122886681096,4.465908118654584
13208.0,3,758.65,84,0,At Risk Customers,252.88333333333333,85,0.03529411764705882,26.775882352941174,1.3862943611198906,4.442651256490317
13209.0,5,2617.9,149,1,Active Customers,523.58,150,0.03333333333333333,87.26333333333334,1.791759469228055,5.0106352940962555
13211.0,7,1523.35,16,0,At Risk Customers,217.62142857142857,17,0.4117647058823529,627.2617647058823,2.0794415416798357,2.833213344056216
13213.0,6,2330.94,18,0,At Risk Customers,388.49,19,0.3157894736842105,736.0863157894737,1.9459101490553132,2.9444389791664403
13214.0,7,3264.23,52,0,At Risk Customers,466.31857142857143,53,0.1320754716981132,431.12471698113205,2.0794415416798357,3.970291913552122
13215.0,1,81.6,37,0,At Risk Customers,81.6,38,0.02631578947368421,2.147368421052631,0.6931471805599453,3.6375861597263857
13217.0,1,132.5,290,1,Active Customers,132.5,291,0.003436426116838488,0.45532646048109965,0.6931471805599453,5.673323267171493
13219.0,1,76.23,253,1,Active Customers,76.23,254,0.003937007874015748,0.3001181102362205,0.6931471805599453,5.537334267018537
13220.0,1,516.8,210,1,Active Customers,516.8,211,0.004739336492890996,2.4492890995260663,0.6931471805599453,5.351858133476067
13222.0,1,88.5,212,1,Active Customers,88.5,213,0.004694835680751174,0.4154929577464789,0.6931471805599453,5.3612921657094255
13223.0,4,805.9200000000001,58,0,At Risk Customers,201.48000000000002,59,0.06779661016949153,54.63864406779661,1.6094379124341003,4.07753744390572
13226.0,1,204.25,28,0,At Risk Customers,204.25,29,0.034482758620689655,7.043103448275862,0.6931471805599453,3.367295829986474
13233.0,2,571.34,55,0,At Risk Customers,285.67,56,0.03571428571428571,20.405,1.0986122886681096,4.02535169073515
13234.0,2,346.5,307,1,Active Customers,173.25,308,0.006493506493506494,2.25,1.0986122886681096,5.730099782973575
13237.0,1,643.0,22,0,At Risk Customers,643.0,23,0.043478260869565216,27.956521739130434,0.6931471805599453,3.1354942159291497
13238.0,2,305.9,65,0,At Risk Customers,152.95,66,0.030303030303030304,9.26969696969697,1.0986122886681096,4.189654742026425
13239.0,4,1265.1299999999999,72,0,At Risk Customers,316.28249999999997,73,0.0547945205479452,69.32219178082191,1.6094379124341003,4.290459441148391
13241.0,1,112.53,46,0,At Risk Customers,112.53,47,0.02127659574468085,2.394255319148936,0.6931471805599453,3.8501476017100584
13242.0,4,429.0,86,0,At Risk Customers,107.25,87,0.04597701149425287,19.724137931034484,1.6094379124341003,4.465908118654584
13243.0,4,635.26,84,0,At Risk Customers,158.815,85,0.047058823529411764,29.894588235294115,1.6094379124341003,4.442651256490317
13245.0,1,558.72,67,0,At Risk Customers,558.72,68,0.014705882352941176,8.216470588235294,0.6931471805599453,4.219507705176107
13246.0,5,1390.23,28,0,At Risk Customers,278.046,29,0.1724137931034483,239.6948275862069,1.791759469228055,3.367295829986474
13249.0,6,897.52,36,0,At Risk Customers,149.58666666666667,37,0.16216216216216217,145.5437837837838,1.9459101490553132,3.6109179126442243
13250.0,2,253.09,95,0,At Risk Customers,126.545,96,0.020833333333333332,5.272708333333333,1.0986122886681096,4.564348191467836
13251.0,1,252.68,37,0,At Risk Customers,252.68,38,0.02631578947368421,6.649473684210526,0.6931471805599453,3.6375861597263857
13252.0,2,399.3,29,0,At Risk Customers,199.65,30,0.06666666666666667,26.62,1.0986122886681096,3.4011973816621555
13253.0,2,1920.71,65,0,At Risk Customers,960.355,66,0.030303030303030304,58.20333333333333,1.0986122886681096,4.189654742026425
13254.0,1,51.410000000000004,11,0,At Risk Customers,51.410000000000004,12,0.08333333333333333,4.284166666666667,0.6931471805599453,2.4849066497880004
13255.0,2,504.95,8,0,At Risk Customers,252.475,9,0.2222222222222222,112.21111111111111,1.0986122886681096,2.1972245773362196
13257.0,1,149.75,71,0,At Risk Customers,149.75,72,0.013888888888888888,2.079861111111111,0.6931471805599453,4.276666119016055
13258.0,2,336.59999999999997,14,0,At Risk Customers,168.29999999999998,15,0.13333333333333333,44.879999999999995,1.0986122886681096,2.70805020110221
13259.0,8,1119.36,32,0,At Risk Customers,139.92,33,0.24242424242424243,271.35999999999996,2.1972245773362196,3.4965075614664802
13262.0,2,373.16,24,0,At Risk Customers,186.58,25,0.08,29.852800000000002,1.0986122886681096,3.2188758248682006
13263.0,4,1239.27,28,0,At Risk Customers,309.8175,29,0.13793103448275862,170.93379310344827,1.6094379124341003,3.367295829986474
13264.0,1,722.5600000000001,77,0,At Risk Customers,722.5600000000001,78,0.01282051282051282,9.263589743589744,0.6931471805599453,4.356708826689592
13266.0,7,2300.78,48,0,At Risk Customers,328.6828571428572,49,0.14285714285714285,328.68285714285713,2.0794415416798357,3.8918202981106265
13270.0,1,590.0,1,0,At Risk Customers,590.0,2,0.5,295.0,0.6931471805599453,0.6931471805599453
13274.0,1,360.85,44,0,At Risk Customers,360.85,45,0.022222222222222223,8.01888888888889,0.6931471805599453,3.8066624897703196
13275.0,2,238.86,18,0,At Risk Customers,119.43,19,0.10526315789473684,25.14315789473684,1.0986122886681096,2.9444389791664403
13276.0,3,1300.98,32,0,At Risk Customers,433.66,33,0.09090909090909091,118.2709090909091,1.3862943611198906,3.4965075614664802
13277.0,3,264.9,15,0,At Risk Customers,88.3,16,0.1875,49.668749999999996,1.3862943611198906,2.772588722239781
13278.0,3,893.12,34,0,At Risk Customers,297.70666666666665,35,0.08571428571428572,76.55314285714284,1.3862943611198906,3.5553480614894135
13280.0,4,1494.87,14,0,At Risk Customers,373.7175,15,0.26666666666666666,398.63199999999995,1.6094379124341003,2.70805020110221
13281.0,1,350.85,74,0,At Risk Customers,350.85,75,0.013333333333333334,4.678000000000001,0.6931471805599453,4.31748811353631
13282.0,1,181.05,41,0,At Risk Customers,181.05,42,0.023809523809523808,4.310714285714286,0.6931471805599453,3.7376696182833684
13283.0,2,279.7,202,1,Active Customers,139.85,203,0.009852216748768473,2.7556650246305416,1.0986122886681096,5.313205979041787
13285.0,2,655.47,235,1,Active Customers,327.735,236,0.00847457627118644,5.554830508474576,1.0986122886681096,5.4638318050256105
13286.0,1,734.91,235,1,Active Customers,734.91,236,0.00423728813559322,3.1140254237288136,0.6931471805599453,5.4638318050256105
13287.0,3,781.59,238,1,Active Customers,260.53000000000003,239,0.012552301255230125,9.810753138075315,1.3862943611198906,5.476463551931511
13288.0,5,927.61,78,0,At Risk Customers,185.522,79,0.06329113924050633,58.709493670886076,1.791759469228055,4.3694478524670215
13289.0,1,307.95,358,1,Active Customers,307.95,359,0.002785515320334262,0.8577994428969359,0.6931471805599453,5.883322388488279
13290.0,1,208.63,73,0,At Risk Customers,208.63,74,0.013513513513513514,2.8193243243243242,0.6931471805599453,4.304065093204169
13291.0,10,2909.68,49,0,At Risk Customers,290.96799999999996,50,0.2,581.9359999999999,2.3978952727983707,3.912023005428146
13292.0,3,415.57,50,0,At Risk Customers,138.52333333333334,51,0.058823529411764705,24.445294117647062,1.3862943611198906,3.9318256327243257
13293.0,6,1192.94,27,0,At Risk Customers,198.82333333333335,28,0.21428571428571427,255.63,1.9459101490553132,3.332204510175204
13294.0,1,815.79,281,1,Active Customers,815.79,282,0.0035460992907801418,2.892872340425532,0.6931471805599453,5.641907070938114
13295.0,3,900.77,11,0,At Risk Customers,300.25666666666666,12,0.25,225.1925,1.3862943611198906,2.4849066497880004
13296.0,5,705.11,58,0,At Risk Customers,141.022,59,0.0847457627118644,59.7550847457627,1.791759469228055,4.07753744390572
13297.0,3,2278.77,20,0,At Risk Customers,759.59,21,0.14285714285714285,325.5385714285714,1.3862943611198906,3.044522437723423
13299.0,2,1076.2,58,0,At Risk Customers,538.1,59,0.03389830508474576,36.48135593220339,1.0986122886681096,4.07753744390572
13300.0,2,913.62,23,0,At Risk Customers,456.81,24,0.08333333333333333,76.13499999999999,1.0986122886681096,3.1780538303479458
13302.0,1,95.45,161,1,Active Customers,95.45,162,0.006172839506172839,0.5891975308641975,0.6931471805599453,5.087596335232384
13303.0,1,61.72,35,0,At Risk Customers,61.72,36,0.027777777777777776,1.7144444444444442,0.6931471805599453,3.58351893845611
13304.0,3,917.57,90,0,At Risk Customers,305.8566666666667,91,0.03296703296703297,30.24956043956044,1.3862943611198906,4.51085950651685
13306.0,1,53.65,65,0,At Risk Customers,53.65,66,0.015151515151515152,0.8128787878787879,0.6931471805599453,4.189654742026425
13307.0,2,258.34,122,0,At Risk Customers,129.17,123,0.016260162601626018,4.2006504065040655,1.0986122886681096,4.812184355372417
13308.0,1,284.86,231,1,Active Customers,284.86,232,0.004310344827586207,1.2278448275862068,0.6931471805599453,5.44673737166631
13309.0,1,249.58,27,0,At Risk Customers,249.58,28,0.03571428571428571,8.913571428571428,0.6931471805599453,3.332204510175204
13310.0,2,409.17,15,0,At Risk Customers,204.585,16,0.125,51.14625,1.0986122886681096,2.772588722239781
13312.0,1,124.75,86,0,At Risk Customers,124.75,87,0.011494252873563218,1.4339080459770115,0.6931471805599453,4.465908118654584
13313.0,7,1890.0,114,0,At Risk Customers,270.0,115,0.06086956521739131,115.04347826086958,2.0794415416798357,4.74493212836325
13315.0,1,310.26,324,1,Active Customers,310.26,325,0.003076923076923077,0.9546461538461538,0.6931471805599453,5.783825182329737
13320.0,2,679.4,69,0,At Risk Customers,339.7,70,0.02857142857142857,19.41142857142857,1.0986122886681096,4.248495242049359
13324.0,8,3391.52,63,0,At Risk Customers,423.94,64,0.125,423.94,2.1972245773362196,4.1588830833596715
13326.0,1,281.76,67,0,At Risk Customers,281.76,68,0.014705882352941176,4.143529411764706,0.6931471805599453,4.219507705176107
13330.0,3,1655.17,90,0,At Risk Customers,551.7233333333334,91,0.03296703296703297,54.56604395604396,1.3862943611198906,4.51085950651685
13331.0,1,262.4,36,0,At Risk Customers,262.4,37,0.02702702702702703,7.091891891891891,0.6931471805599453,3.6109179126442243
13333.0,3,1015.74,46,0,At Risk Customers,338.58,47,0.06382978723404255,64.83446808510638,1.3862943611198906,3.8501476017100584
13334.0,2,2699.48,171,1,Active Customers,1349.74,172,0.011627906976744186,31.389302325581394,1.0986122886681096,5.147494476813453
13337.0,1,1575.26,181,1,Active Customers,1575.26,182,0.005494505494505495,8.655274725274726,0.6931471805599453,5.204006687076795
13338.0,3,1958.6,176,1,Active Customers,652.8666666666667,177,0.01694915254237288,33.19661016949152,1.3862943611198906,5.176149732573829
13346.0,6,299.4,97,0,At Risk Customers,49.9,98,0.061224489795918366,18.330612244897956,1.9459101490553132,4.584967478670572
13357.0,4,3196.11,129,0,At Risk Customers,799.0275,130,0.03076923076923077,98.34184615384616,1.6094379124341003,4.867534450455582
13359.0,1,603.75,38,0,At Risk Customers,603.75,39,0.02564102564102564,15.48076923076923,0.6931471805599453,3.6635616461296463
13360.0,4,1553.65,66,0,At Risk Customers,388.4125,67,0.05970149253731343,92.75522388059701,1.6094379124341003,4.204692619390966
13361.0,2,1450.5,107,0,At Risk Customers,725.25,108,0.018518518518518517,26.86111111111111,1.0986122886681096,4.68213122712422
13362.0,3,2303.33,13,0,At Risk Customers,767.7766666666666,14,0.21428571428571427,493.57071428571425,1.3862943611198906,2.639057329615259
13363.0,1,731.36,44,0,At Risk Customers,731.36,45,0.022222222222222223,16.252444444444446,0.6931471805599453,3.8066624897703196
13367.0,1,510.20000000000005,66,0,At Risk Customers,510.20000000000005,67,0.014925373134328358,7.614925373134329,0.6931471805599453,4.204692619390966
13368.0,2,498.1,49,0,At Risk Customers,249.05,50,0.04,19.924000000000003,1.0986122886681096,3.912023005428146
13369.0,1,308.28000000000003,0,0,At Risk Customers,308.28000000000003,1,1.0,308.28000000000003,0.6931471805599453,0.0
13370.0,1,754.87,6,0,At Risk Customers,754.87,7,0.14285714285714285,107.83857142857143,0.6931471805599453,1.9459101490553132
13371.0,2,2297.66,140,0,At Risk Customers,1148.83,141,0.014184397163120567,32.5909219858156,1.0986122886681096,4.948759890378168
13373.0,3,4274.94,50,0,At Risk Customers,1424.9799999999998,51,0.058823529411764705,251.46705882352938,1.3862943611198906,3.9318256327243257
13374.0,2,422.8,49,0,At Risk Customers,211.4,50,0.04,16.912,1.0986122886681096,3.912023005428146
13375.0,1,1013.58,79,0,At Risk Customers,1013.58,80,0.0125,12.66975,0.6931471805599453,4.382026634673881
13377.0,2,1552.88,31,0,At Risk Customers,776.44,32,0.0625,97.055,1.0986122886681096,3.4657359027997265
13380.0,1,62.4,67,0,At Risk Customers,62.4,68,0.014705882352941176,0.9176470588235294,0.6931471805599453,4.219507705176107
13382.0,4,1164.59,63,0,At Risk Customers,291.1475,64,0.0625,72.786875,1.6094379124341003,4.1588830833596715
13383.0,1,305.28000000000003,178,1,Active Customers,305.28000000000003,179,0.00558659217877095,1.7054748603351957,0.6931471805599453,5.187385805840755
13384.0,4,2528.9,25,0,At Risk Customers,632.225,26,0.15384615384615385,389.0615384615385,1.6094379124341003,3.258096538021482
13386.0,2,835.46,49,0,At Risk Customers,417.73,50,0.04,33.418400000000005,1.0986122886681096,3.912023005428146
13387.0,1,186.94,52,0,At Risk Customers,186.94,53,0.018867924528301886,3.5271698113207544,0.6931471805599453,3.970291913552122
13388.0,1,508.55,238,1,Active Customers,508.55,239,0.0041841004184100415,2.127824267782427,0.6931471805599453,5.476463551931511
13392.0,1,91.14,312,1,Active Customers,91.14,313,0.003194888178913738,0.2911821086261981,0.6931471805599453,5.746203190540153
13393.0,4,1131.45,218,1,Active Customers,282.8625,219,0.0182648401826484,20.665753424657535,1.6094379124341003,5.389071729816501
13395.0,2,872.51,35,0,At Risk Customers,436.255,36,0.05555555555555555,48.47277777777777,1.0986122886681096,3.58351893845611
13397.0,5,1647.74,72,0,At Risk Customers,329.548,73,0.0684931506849315,112.85890410958903,1.791759469228055,4.290459441148391
13398.0,1,213.0,83,0,At Risk Customers,213.0,84,0.011904761904761904,2.5357142857142856,0.6931471805599453,4.430816798843313
13399.0,3,275.4,99,0,At Risk Customers,91.8,100,0.03,8.261999999999999,1.3862943611198906,4.605170185988092
13400.0,1,310.83,217,1,Active Customers,310.83,218,0.0045871559633027525,1.4258256880733946,0.6931471805599453,5.384495062789089
13402.0,3,913.9000000000001,7,0,At Risk Customers,304.6333333333334,8,0.375,342.71250000000003,1.3862943611198906,2.0794415416798357
13403.0,2,154.5,22,0,At Risk Customers,77.25,23,0.08695652173913043,13.434782608695652,1.0986122886681096,3.1354942159291497
13405.0,3,641.36,116,0,At Risk Customers,213.78666666666666,117,0.02564102564102564,16.445128205128206,1.3862943611198906,4.762173934797756
13406.0,2,568.92,62,0,At Risk Customers,284.46,63,0.031746031746031744,18.06095238095238,1.0986122886681096,4.143134726391533
13407.0,3,2244.7,213,1,Active Customers,748.2333333333332,214,0.014018691588785047,31.467757009345792,1.3862943611198906,5.365976015021851
13410.0,4,1198.9,28,0,At Risk Customers,299.725,29,0.13793103448275862,165.3655172413793,1.6094379124341003,3.367295829986474
13412.0,1,487.34999999999997,255,1,Active Customers,487.34999999999997,256,0.00390625,1.9037109374999999,0.6931471805599453,5.545177444479562
13413.0,6,429.44,274,1,Active Customers,71.57333333333334,275,0.02181818181818182,9.369600000000002,1.9459101490553132,5.616771097666572
13414.0,3,1103.64,98,0,At Risk Customers,367.88000000000005,99,0.030303030303030304,33.443636363636365,1.3862943611198906,4.59511985013459
13415.0,4,784.17,107,0,At Risk Customers,196.0425,108,0.037037037037037035,29.04333333333333,1.6094379124341003,4.68213122712422
13416.0,1,228.3,371,1,Active Customers,228.3,372,0.002688172043010753,0.6137096774193549,0.6931471805599453,5.918893854273146
13417.0,4,1028.66,182,1,Active Customers,257.165,183,0.02185792349726776,22.484371584699456,1.6094379124341003,5.209486152841421
13421.0,6,2225.04,41,0,At Risk Customers,370.84,42,0.14285714285714285,317.86285714285714,1.9459101490553132,3.7376696182833684
13423.0,1,217.03,63,0,At Risk Customers,217.03,64,0.015625,3.39109375,0.6931471805599453,4.1588830833596715
13424.0,1,572.77,84,0,At Risk Customers,572.77,85,0.011764705882352941,6.738470588235294,0.6931471805599453,4.442651256490317
13425.0,2,1766.22,143,1,Active Customers,883.11,144,0.013888888888888888,24.530833333333334,1.0986122886681096,4.969813299576001
13427.0,3,423.93,112,0,At Risk Customers,141.31,113,0.02654867256637168,11.254778761061948,1.3862943611198906,4.727387818712341
13428.0,2,276.76,149,1,Active Customers,138.38,150,0.013333333333333334,3.6901333333333333,1.0986122886681096,5.0106352940962555
13431.0,6,2047.14,41,0,At Risk Customers,341.19,42,0.14285714285714285,292.44857142857137,1.9459101490553132,3.7376696182833684
13432.0,2,439.1,206,1,Active Customers,219.55,207,0.00966183574879227,4.242512077294686,1.0986122886681096,5.332718793265369
13433.0,4,658.3199999999999,136,0,At Risk Customers,164.57999999999998,137,0.029197080291970802,19.221021897810218,1.6094379124341003,4.919980925828125
13434.0,3,1132.6200000000001,20,0,At Risk Customers,377.54,21,0.14285714285714285,161.80285714285716,1.3862943611198906,3.044522437723423
13435.0,2,637.44,11,0,At Risk Customers,318.72,12,0.16666666666666666,106.24000000000001,1.0986122886681096,2.4849066497880004
13438.0,1,46.5,182,1,Active Customers,46.5,183,0.00546448087431694,0.2540983606557377,0.6931471805599453,5.209486152841421
13439.0,2,702.9,23,0,At Risk Customers,351.45,24,0.08333333333333333,58.574999999999996,1.0986122886681096,3.1780538303479458
13440.0,7,1295.25,58,0,At Risk Customers,185.03571428571428,59,0.11864406779661017,153.67372881355934,2.0794415416798357,4.07753744390572
13441.0,1,424.26,66,0,At Risk Customers,424.26,67,0.014925373134328358,6.332238805970149,0.6931471805599453,4.204692619390966
13442.0,3,419.87,302,1,Active Customers,139.95666666666668,303,0.009900990099009901,4.1571287128712875,1.3862943611198906,5.713732805509369
13443.0,6,1273.16,83,0,At Risk Customers,212.19333333333336,84,0.07142857142857142,90.94,1.9459101490553132,4.430816798843313
13444.0,2,619.08,9,0,At Risk Customers,309.54,10,0.2,123.81600000000002,1.0986122886681096,2.302585092994046
13445.0,1,241.89999999999998,261,1,Active Customers,241.89999999999998,262,0.003816793893129771,0.9232824427480915,0.6931471805599453,5.568344503761097
13446.0,11,3881.89,65,0,At Risk Customers,352.8990909090909,66,0.16666666666666666,646.9816666666666,2.4849066497880004,4.189654742026425
13452.0,1,139.8,107,0,At Risk Customers,139.8,108,0.009259259259259259,1.2944444444444445,0.6931471805599453,4.68213122712422
13453.0,1,424.71,37,0,At Risk Customers,424.71,38,0.02631578947368421,11.17657894736842,0.6931471805599453,3.6375861597263857
13454.0,1,219.87,276,1,Active Customers,219.87,277,0.0036101083032490976,0.7937545126353791,0.6931471805599453,5.6240175061873385
13457.0,2,148.22,323,1,Active Customers,74.11,324,0.006172839506172839,0.9149382716049382,1.0986122886681096,5.780743515792329
13458.0,2,2312.7,14,0,At Risk Customers,1156.35,15,0.13333333333333333,308.35999999999996,1.0986122886681096,2.70805020110221
13459.0,2,1160.4099999999999,259,1,Active Customers,580.2049999999999,260,0.007692307692307693,8.926230769230768,1.0986122886681096,5.560681631015528
13461.0,3,2715.0,42,0,At Risk Customers,905.0,43,0.06976744186046512,189.41860465116278,1.3862943611198906,3.7612001156935624
13462.0,4,1002.35,45,0,At Risk Customers,250.5875,46,0.08695652173913043,87.1608695652174,1.6094379124341003,3.828641396489095
13464.0,5,2422.96,29,0,At Risk Customers,484.592,30,0.16666666666666666,403.82666666666665,1.791759469228055,3.4011973816621555
13465.0,2,931.12,81,0,At Risk Customers,465.56,82,0.024390243902439025,22.710243902439025,1.0986122886681096,4.406719247264253
13466.0,4,705.45,43,0,At Risk Customers,176.3625,44,0.09090909090909091,64.13181818181819,1.6094379124341003,3.784189633918261
13469.0,1,82.4,288,1,Active Customers,82.4,289,0.0034602076124567475,0.285121107266436,0.6931471805599453,5.666426688112432
13472.0,2,592.24,98,0,At Risk Customers,296.12,99,0.020202020202020204,11.964444444444446,1.0986122886681096,4.59511985013459
13473.0,6,2235.12,209,1,Active Customers,372.52,210,0.02857142857142857,63.860571428571426,1.9459101490553132,5.3471075307174685
13474.0,2,419.75,78,0,At Risk Customers,209.875,79,0.02531645569620253,10.626582278481013,1.0986122886681096,4.3694478524670215
13476.0,3,823.0,41,0,At Risk Customers,274.3333333333333,42,0.07142857142857142,58.785714285714285,1.3862943611198906,3.7376696182833684
13477.0,5,1364.59,90,0,At Risk Customers,272.918,91,0.054945054945054944,74.97747252747253,1.791759469228055,4.51085950651685
13478.0,5,2215.78,104,0,At Risk Customers,443.15600000000006,105,0.047619047619047616,105.51333333333334,1.791759469228055,4.653960350157523
13479.0,2,550.42,87,0,At Risk Customers,275.21,88,0.022727272727272728,12.509545454545455,1.0986122886681096,4.477336814478207
13480.0,2,627.82,51,0,At Risk Customers,313.91,52,0.038461538461538464,24.14692307692308,1.0986122886681096,3.9512437185814275
13482.0,1,151.45,262,1,Active Customers,151.45,263,0.0038022813688212928,0.5758555133079848,0.6931471805599453,5.572154032177765
13484.0,2,476.92,18,0,At Risk Customers,238.46,19,0.10526315789473684,50.2021052631579,1.0986122886681096,2.9444389791664403
13487.0,2,271.47,140,1,Active Customers,135.735,141,0.014184397163120567,3.8506382978723406,1.0986122886681096,4.948759890378168
13490.0,1,154.25,289,1,Active Customers,154.25,290,0.0034482758620689655,0.531896551724138,0.6931471805599453,5.66988092298052
13498.0,1,327.38,365,1,Active Customers,327.38,366,0.00273224043715847,0.8944808743169399,0.6931471805599453,5.902633333401366
13500.0,1,299.53,36,0,At Risk Customers,299.53,37,0.02702702702702703,8.095405405405405,0.6931471805599453,3.6109179126442243
13501.0,2,1544.79,121,0,At Risk Customers,772.395,122,0.01639344262295082,25.324426229508198,1.0986122886681096,4.804021044733257
13502.0,2,488.5,50,0,At Risk Customers,244.25,51,0.0392156862745098,19.15686274509804,1.0986122886681096,3.9318256327243257
13503.0,5,1642.39,114,0,At Risk Customers,328.478,115,0.043478260869565216,71.40826086956523,1.791759469228055,4.74493212836325
13508.0,1,176.07999999999998,277,1,Active Customers,176.07999999999998,278,0.0035971223021582736,0.6333812949640287,0.6931471805599453,5.627621113690637
13509.0,1,135.0,142,1,Active Customers,135.0,143,0.006993006993006993,0.9440559440559441,0.6931471805599453,4.962844630259907
13511.0,1,282.76,311,1,Active Customers,282.76,312,0.003205128205128205,0.9062820512820512,0.6931471805599453,5.7430031878094825
13512.0,3,462.18,22,0,At Risk Customers,154.06,23,0.13043478260869565,60.28434782608696,1.3862943611198906,3.1354942159291497
13513.0,2,619.49,76,0,At Risk Customers,309.745,77,0.025974025974025976,16.09064935064935,1.0986122886681096,4.343805421853684
13514.0,3,663.7,63,0,At Risk Customers,221.23333333333335,64,0.046875,31.110937500000002,1.3862943611198906,4.1588830833596715
13515.0,2,374.7,84,0,At Risk Customers,187.35,85,0.023529411764705882,8.816470588235294,1.0986122886681096,4.442651256490317
13516.0,1,295.85,52,0,At Risk Customers,295.85,53,0.018867924528301886,5.582075471698113,0.6931471805599453,3.970291913552122
13519.0,1,220.46,77,0,At Risk Customers,220.46,78,0.01282051282051282,2.8264102564102562,0.6931471805599453,4.356708826689592
13526.0,2,1182.0,373,1,Active Customers,591.0,374,0.0053475935828877,6.3208556149732615,1.0986122886681096,5.924255797414532
13527.0,5,2298.93,53,0,At Risk Customers,459.78599999999994,54,0.09259259259259259,212.86388888888885,1.791759469228055,3.9889840465642745
13530.0,1,402.97999999999996,269,1,Active Customers,402.97999999999996,270,0.003703703703703704,1.4925185185185184,0.6931471805599453,5.598421958998375
13535.0,1,89.5,37,0,At Risk Customers,89.5,38,0.02631578947368421,2.3552631578947367,0.6931471805599453,3.6375861597263857
13537.0,2,717.85,60,0,At Risk Customers,358.925,61,0.03278688524590164,23.536065573770493,1.0986122886681096,4.110873864173311
13538.0,5,1822.28,31,0,At Risk Customers,364.456,32,0.15625,284.73125000000005,1.791759469228055,3.4657359027997265
13539.0,4,938.02,55,0,At Risk Customers,234.505,56,0.07142857142857142,67.00142857142856,1.6094379124341003,4.02535169073515
13540.0,3,632.39,102,0,At Risk Customers,210.79666666666665,103,0.02912621359223301,18.419126213592232,1.3862943611198906,4.634728988229636
13541.0,2,785.25,62,0,At Risk Customers,392.625,63,0.031746031746031744,24.928571428571427,1.0986122886681096,4.143134726391533
13543.0,2,1439.6100000000001,269,1,Active Customers,719.8050000000001,270,0.007407407407407408,10.66377777777778,1.0986122886681096,5.598421958998375
13544.0,4,514.14,46,0,At Risk Customers,128.535,47,0.0851063829787234,43.75659574468085,1.6094379124341003,3.8501476017100584
13545.0,2,364.93,25,0,At Risk Customers,182.465,26,0.07692307692307693,28.071538461538463,1.0986122886681096,3.258096538021482
13546.0,2,465.15,17,0,At Risk Customers,232.575,18,0.1111111111111111,51.68333333333333,1.0986122886681096,2.8903717578961645
13547.0,1,167.08,43,0,At Risk Customers,167.08,44,0.022727272727272728,3.797272727272728,0.6931471805599453,3.784189633918261
13548.0,1,223.28,106,0,At Risk Customers,223.28,107,0.009345794392523364,2.0867289719626165,0.6931471805599453,4.672828834461906
13549.0,1,87.6,22,0,At Risk Customers,87.6,23,0.043478260869565216,3.808695652173913,0.6931471805599453,3.1354942159291497
13550.0,1,342.55,18,0,At Risk Customers,342.55,19,0.05263157894736842,18.02894736842105,0.6931471805599453,2.9444389791664403
13551.0,1,152.39999999999998,301,1,Active Customers,152.39999999999998,302,0.0033112582781456954,0.5046357615894039,0.6931471805599453,5.71042701737487
13552.0,10,3208.85,63,0,At Risk Customers,320.885,64,0.15625,501.3828125,2.3978952727983707,4.1588830833596715
13553.0,1,499.6,309,1,Active Customers,499.6,310,0.0032258064516129032,1.6116129032258064,0.6931471805599453,5.736572297479192
13554.0,7,1629.35,15,0,At Risk Customers,232.7642857142857,16,0.4375,712.8406249999999,2.0794415416798357,2.772588722239781
13556.0,2,200.82,64,0,At Risk Customers,100.41,65,0.03076923076923077,6.179076923076924,1.0986122886681096,4.174387269895637
13557.0,11,2448.2,50,0,At Risk Customers,222.56363636363633,51,0.21568627450980393,528.0431372549019,2.4849066497880004,3.9318256327243257
13559.0,2,990.0,147,1,Active Customers,495.0,148,0.013513513513513514,13.378378378378379,1.0986122886681096,4.997212273764115
13561.0,10,1661.54,32,0,At Risk Customers,166.154,33,0.30303030303030304,503.4969696969697,2.3978952727983707,3.4965075614664802
13562.0,5,3038.85,36,0,At Risk Customers,607.77,37,0.13513513513513514,410.6554054054054,1.791759469228055,3.6109179126442243
13565.0,1,174.57999999999998,46,0,At Risk Customers,174.57999999999998,47,0.02127659574468085,3.7144680851063825,0.6931471805599453,3.8501476017100584
13566.0,3,831.76,69,0,At Risk Customers,277.25333333333333,70,0.04285714285714286,35.646857142857144,1.3862943611198906,4.248495242049359
13567.0,4,1079.29,63,0,At Risk Customers,269.8225,64,0.0625,67.455625,1.6094379124341003,4.1588830833596715
13569.0,3,497.74,2,0,At Risk Customers,165.91333333333333,3,1.0,497.74,1.3862943611198906,1.0986122886681096
13573.0,4,614.27,14,0,At Risk Customers,153.5675,15,0.26666666666666666,163.80533333333332,1.6094379124341003,2.70805020110221
13574.0,1,404.45,46,0,At Risk Customers,404.45,47,0.02127659574468085,8.60531914893617,0.6931471805599453,3.8501476017100584
13577.0,7,1801.68,17,0,At Risk Customers,257.3828571428572,18,0.3888888888888889,700.6533333333334,2.0794415416798357,2.8903717578961645
13578.0,1,147.66,44,0,At Risk Customers,147.66,45,0.022222222222222223,3.2813333333333334,0.6931471805599453,3.8066624897703196
13580.0,1,107.75,41,0,At Risk Customers,107.75,42,0.023809523809523808,2.5654761904761902,0.6931471805599453,3.7376696182833684
13581.0,1,162.53,49,0,At Risk Customers,162.53,50,0.02,3.2506,0.6931471805599453,3.912023005428146
13582.0,2,241.68,24,0,At Risk Customers,120.84,25,0.08,19.334400000000002,1.0986122886681096,3.2188758248682006
13583.0,1,664.001,314,1,Active Customers,664.001,315,0.0031746031746031746,2.1079396825396826,0.6931471805599453,5.752572638825633
13584.0,2,243.3,133,0,At Risk Customers,121.65,134,0.014925373134328358,3.6313432835820896,1.0986122886681096,4.897839799950911
13585.0,3,684.54,165,1,Active Customers,228.17999999999998,166,0.018072289156626505,12.371204819277107,1.3862943611198906,5.111987788356544
13586.0,1,127.28,176,1,Active Customers,127.28,177,0.005649717514124294,0.7190960451977401,0.6931471805599453,5.176149732573829
13587.0,3,961.1,84,0,At Risk Customers,320.3666666666667,85,0.03529411764705882,33.921176470588236,1.3862943611198906,4.442651256490317
13589.0,4,741.09,84,0,At Risk Customers,185.2725,85,0.047058823529411764,34.87482352941176,1.6094379124341003,4.442651256490317
13591.0,4,976.8100000000001,70,0,At Risk Customers,244.20250000000001,71,0.056338028169014086,55.03154929577465,1.6094379124341003,4.2626798770413155
13594.0,1,136.35000000000002,120,0,At Risk Customers,136.35000000000002,121,0.008264462809917356,1.1268595041322316,0.6931471805599453,4.795790545596741
13595.0,3,784.48,151,1,Active Customers,261.49333333333334,152,0.019736842105263157,15.483157894736841,1.3862943611198906,5.0238805208462765
13597.0,2,396.71,35,0,At Risk Customers,198.355,36,0.05555555555555555,22.03944444444444,1.0986122886681096,3.58351893845611
13598.0,4,601.92,130,0,At Risk Customers,150.48,131,0.030534351145038167,18.37923664122137,1.6094379124341003,4.875197323201151
13600.0,1,298.9,269,1,Active Customers,298.9,270,0.003703703703703704,1.107037037037037,0.6931471805599453,5.598421958998375
13601.0,2,466.67,27,0,At Risk Customers,233.335,28,0.07142857142857142,33.333571428571425,1.0986122886681096,3.332204510175204
13602.0,3,596.28,16,0,At Risk Customers,198.76,17,0.17647058823529413,105.22588235294118,1.3862943611198906,2.833213344056216
13604.0,1,717.62,293,1,Active Customers,717.62,294,0.003401360544217687,2.4408843537414966,0.6931471805599453,5.683579767338681
13605.0,2,522.67,22,0,At Risk Customers,261.335,23,0.08695652173913043,45.4495652173913,1.0986122886681096,3.1354942159291497
13607.0,1,400.3,37,0,At Risk Customers,400.3,38,0.02631578947368421,10.534210526315789,0.6931471805599453,3.6375861597263857
13608.0,1,232.05,175,1,Active Customers,232.05,176,0.005681818181818182,1.3184659090909092,0.6931471805599453,5.170483995038151
13609.0,1,167.35,228,1,Active Customers,167.35,229,0.004366812227074236,0.7307860262008733,0.6931471805599453,5.43372200355424
13610.0,7,1021.38,22,0,At Risk Customers,145.91142857142856,23,0.30434782608695654,310.85478260869564,2.0794415416798357,3.1354942159291497
13612.0,1,818.29,267,1,Active Customers,818.29,268,0.0037313432835820895,3.053320895522388,0.6931471805599453,5.5909869805108565
13613.0,5,1039.8500000000001,87,0,At Risk Customers,207.97000000000003,88,0.056818181818181816,59.08238636363637,1.791759469228055,4.477336814478207
13614.0,2,747.28,28,0,At Risk Customers,373.64,29,0.06896551724137931,51.53655172413793,1.0986122886681096,3.367295829986474
13616.0,2,283.85,203,1,Active Customers,141.925,204,0.00980392156862745,2.7828431372549023,1.0986122886681096,5.318119993844216
13617.0,5,734.57,43,0,At Risk Customers,146.91400000000002,44,0.11363636363636363,83.47386363636365,1.791759469228055,3.784189633918261
13619.0,2,224.94,179,1,Active Customers,112.47,180,0.011111111111111112,2.4993333333333334,1.0986122886681096,5.19295685089021
13620.0,1,112.34,163,1,Active Customers,112.34,164,0.006097560975609756,0.685,0.6931471805599453,5.099866427824199
13622.0,1,658.95,331,1,Active Customers,658.95,332,0.0030120481927710845,1.9847891566265063,0.6931471805599453,5.805134968916488
13623.0,5,1805.32,15,0,At Risk Customers,361.06399999999996,16,0.3125,564.1624999999999,1.791759469228055,2.772588722239781
13624.0,1,462.08,23,0,At Risk Customers,462.08,24,0.041666666666666664,19.25333333333333,0.6931471805599453,3.1780538303479458
13625.0,1,301.26,231,1,Active Customers,301.26,232,0.004310344827586207,1.2985344827586207,0.6931471805599453,5.44673737166631
13626.0,1,449.81,14,0,At Risk Customers,449.81,15,0.06666666666666667,29.987333333333332,0.6931471805599453,2.70805020110221
13627.0,2,607.43,123,0,At Risk Customers,303.715,124,0.016129032258064516,9.797258064516129,1.0986122886681096,4.820281565605037
13628.0,1,310.14,311,1,Active Customers,310.14,312,0.003205128205128205,0.9940384615384614,0.6931471805599453,5.7430031878094825
13632.0,3,1526.88,29,0,At Risk Customers,508.96000000000004,30,0.1,152.68800000000002,1.3862943611198906,3.4011973816621555
13635.0,3,1928.1299999999999,77,0,At Risk Customers,642.7099999999999,78,0.038461538461538464,74.15884615384614,1.3862943611198906,4.356708826689592
13639.0,1,312.93,71,0,At Risk Customers,312.93,72,0.013888888888888888,4.3462499999999995,0.6931471805599453,4.276666119016055
13640.0,1,405.0,246,1,Active Customers,405.0,247,0.004048582995951417,1.639676113360324,0.6931471805599453,5.5093883366279774
13641.0,5,1016.47,275,1,Active Customers,203.294,276,0.018115942028985508,18.4143115942029,1.791759469228055,5.62040086571715
13642.0,3,159.92,67,0,At Risk Customers,53.306666666666665,68,0.04411764705882353,7.055294117647059,1.3862943611198906,4.219507705176107
13643.0,7,1637.33,17,0,At Risk Customers,233.9042857142857,18,0.3888888888888889,636.7394444444444,2.0794415416798357,2.8903717578961645
13646.0,2,326.25,34,0,At Risk Customers,163.125,35,0.05714285714285714,18.642857142857142,1.0986122886681096,3.5553480614894135
13647.0,4,1393.56,129,0,At Risk Customers,348.39,130,0.03076923076923077,42.87876923076923,1.6094379124341003,4.867534450455582
13648.0,8,1764.02,35,0,At Risk Customers,220.5025,36,0.2222222222222222,392.0044444444444,2.1972245773362196,3.58351893845611
13650.0,4,1451.66,9,0,At Risk Customers,362.915,10,0.4,580.6640000000001,1.6094379124341003,2.302585092994046
13651.0,1,132.65,16,0,At Risk Customers,132.65,17,0.058823529411764705,7.802941176470588,0.6931471805599453,2.833213344056216
13653.0,1,152.2,122,0,At Risk Customers,152.2,123,0.008130081300813009,1.23739837398374,0.6931471805599453,4.812184355372417
13655.0,4,1347.54,9,0,At Risk Customers,336.885,10,0.4,539.016,1.6094379124341003,2.302585092994046
13656.0,2,699.2,134,0,At Risk Customers,349.6,135,0.014814814814814815,10.358518518518519,1.0986122886681096,4.90527477843843
13658.0,4,3386.33,18,0,At Risk Customers,846.5825,19,0.21052631578947367,712.9115789473684,1.6094379124341003,2.9444389791664403
13659.0,10,3321.68,51,0,At Risk Customers,332.168,52,0.19230769230769232,638.7846153846154,2.3978952727983707,3.9512437185814275
13660.0,1,306.64,35,0,At Risk Customers,306.64,36,0.027777777777777776,8.517777777777777,0.6931471805599453,3.58351893845611
13661.0,1,325.24,238,1,Active Customers,325.24,239,0.0041841004184100415,1.360836820083682,0.6931471805599453,5.476463551931511
13662.0,8,1352.35,20,0,At Risk Customers,169.04375,21,0.38095238095238093,515.1809523809524,2.1972245773362196,3.044522437723423
13663.0,4,1858.04,15,0,At Risk Customers,464.51,16,0.25,464.51,1.6094379124341003,2.772588722239781
13665.0,3,1711.6599999999999,21,0,At Risk Customers,570.5533333333333,22,0.13636363636363635,233.4081818181818,1.3862943611198906,3.091042453358316
13666.0,2,43.25,55,0,At Risk Customers,21.625,56,0.03571428571428571,1.544642857142857,1.0986122886681096,4.02535169073515
13669.0,1,195.0,42,0,At Risk Customers,195.0,43,0.023255813953488372,4.534883720930233,0.6931471805599453,3.7612001156935624
13671.0,1,172.6,29,0,At Risk Customers,172.6,30,0.03333333333333333,5.753333333333333,0.6931471805599453,3.4011973816621555
13672.0,1,233.53000000000003,365,1,Active Customers,233.53000000000003,366,0.00273224043715847,0.6380601092896175,0.6931471805599453,5.902633333401366
13674.0,1,240.68,67,0,At Risk Customers,240.68,68,0.014705882352941176,3.5394117647058825,0.6931471805599453,4.219507705176107
13676.0,2,243.9,174,1,Active Customers,121.95,175,0.011428571428571429,2.7874285714285714,1.0986122886681096,5.1647859739235145
13677.0,2,551.24,39,0,At Risk Customers,275.62,40,0.05,27.562,1.0986122886681096,3.6888794541139363
13679.0,3,281.26,128,0,At Risk Customers,93.75333333333333,129,0.023255813953488372,6.540930232558139,1.3862943611198906,4.859812404361672
13680.0,8,7700.55,106,0,At Risk Customers,962.56875,107,0.07476635514018691,575.7420560747663,2.1972245773362196,4.672828834461906
13683.0,1,258.6,92,0,At Risk Customers,258.6,93,0.010752688172043012,2.780645161290323,0.6931471805599453,4.532599493153256
13684.0,3,529.75,25,0,At Risk Customers,176.58333333333334,26,0.11538461538461539,61.125,1.3862943611198906,3.258096538021482
13686.0,2,337.04,15,0,At Risk Customers,168.52,16,0.125,42.13,1.0986122886681096,2.772588722239781
13687.0,1,11880.84,73,0,At Risk Customers,11880.84,74,0.013513513513513514,160.5518918918919,0.6931471805599453,4.304065093204169
13688.0,1,375.5,270,1,Active Customers,375.5,271,0.0036900369003690036,1.3856088560885609,0.6931471805599453,5.602118820879701
13689.0,1,349.5,79,0,At Risk Customers,349.5,80,0.0125,4.36875,0.6931471805599453,4.382026634673881
13691.0,1,212.78,31,0,At Risk Customers,212.78,32,0.03125,6.649375,0.6931471805599453,3.4657359027997265
13692.0,2,1626.08,43,0,At Risk Customers,813.04,44,0.045454545454545456,73.91272727272727,1.0986122886681096,3.784189633918261
13695.0,1,266.6,212,1,Active Customers,266.6,213,0.004694835680751174,1.251643192488263,0.6931471805599453,5.3612921657094255
13696.0,3,2020.4,56,0,At Risk Customers,673.4666666666667,57,0.05263157894736842,106.33684210526316,1.3862943611198906,4.04305126783455
13698.0,2,451.73,231,1,Active Customers,225.865,232,0.008620689655172414,3.8942241379310345,1.0986122886681096,5.44673737166631
13699.0,1,455.57,185,1,Active Customers,455.57,186,0.005376344086021506,2.4493010752688176,0.6931471805599453,5.225746673713202
13700.0,3,348.34,52,0,At Risk Customers,116.11333333333333,53,0.05660377358490566,19.71735849056604,1.3862943611198906,3.970291913552122
13701.0,1,161.0,81,0,At Risk Customers,161.0,82,0.012195121951219513,1.9634146341463414,0.6931471805599453,4.406719247264253
13702.0,1,135.18,80,0,At Risk Customers,135.18,81,0.012345679012345678,1.6688888888888889,0.6931471805599453,4.394449154672439
13703.0,1,326.06,50,0,At Risk Customers,326.06,51,0.0196078431372549,6.3933333333333335,0.6931471805599453,3.9318256327243257
13705.0,5,1323.47,8,0,At Risk Customers,264.694,9,0.5555555555555556,735.2611111111112,1.791759469228055,2.1972245773362196
13706.0,1,300.38,261,1,Active Customers,300.38,262,0.003816793893129771,1.1464885496183206,0.6931471805599453,5.568344503761097
13707.0,3,2559.45,64,0,At Risk Customers,853.15,65,0.046153846153846156,118.12846153846154,1.3862943611198906,4.174387269895637
13709.0,5,1263.7,81,0,At Risk Customers,252.74,82,0.06097560975609756,77.0548780487805,1.791759469228055,4.406719247264253
13710.0,2,329.04,58,0,At Risk Customers,164.52,59,0.03389830508474576,11.153898305084747,1.0986122886681096,4.07753744390572
13711.0,7,1540.2,41,0,At Risk Customers,220.02857142857144,42,0.16666666666666666,256.7,2.0794415416798357,3.7376696182833684
13712.0,1,537.58,245,1,Active Customers,537.58,246,0.0040650406504065045,2.1852845528455287,0.6931471805599453,5.5053315359323625
13713.0,3,740.76,43,0,At Risk Customers,246.92,44,0.06818181818181818,50.50636363636363,1.3862943611198906,3.784189633918261
13714.0,1,161.35,100,0,At Risk Customers,161.35,101,0.009900990099009901,1.5975247524752474,0.6931471805599453,4.61512051684126
13717.0,2,318.29,92,0,At Risk Customers,159.145,93,0.021505376344086023,6.8449462365591405,1.0986122886681096,4.532599493153256
13719.0,6,1741.4,28,0,At Risk Customers,290.23333333333335,29,0.20689655172413793,360.2896551724138,1.9459101490553132,3.367295829986474
13721.0,1,217.39999999999998,30,0,At Risk Customers,217.39999999999998,31,0.03225806451612903,7.0129032258064505,0.6931471805599453,3.4339872044851463
13722.0,7,3260.0,55,0,At Risk Customers,465.7142857142857,56,0.125,407.5,2.0794415416798357,4.02535169073515
13723.0,5,994.23,27,0,At Risk Customers,198.846,28,0.17857142857142858,177.54107142857143,1.791759469228055,3.332204510175204
13724.0,1,213.01,272,1,Active Customers,213.01,273,0.003663003663003663,0.7802564102564102,0.6931471805599453,5.60947179518496
13727.0,6,740.6700000000001,246,1,Active Customers,123.44500000000001,247,0.024291497975708502,17.991983805668017,1.9459101490553132,5.5093883366279774
13729.0,3,724.73,70,0,At Risk Customers,241.57666666666668,71,0.04225352112676056,30.622394366197184,1.3862943611198906,4.2626798770413155
13733.0,2,487.03000000000003,45,0,At Risk Customers,243.51500000000001,46,0.043478260869565216,21.175217391304347,1.0986122886681096,3.828641396489095
13734.0,4,6695.6900000000005,143,0,At Risk Customers,1673.9225000000001,144,0.027777777777777776,185.9913888888889,1.6094379124341003,4.969813299576001
13736.0,5,2022.67,60,0,At Risk Customers,404.534,61,0.08196721311475409,165.79262295081966,1.791759469228055,4.110873864173311
13738.0,1,434.78000000000003,31,0,At Risk Customers,434.78000000000003,32,0.03125,13.586875000000001,0.6931471805599453,3.4657359027997265
13739.0,1,75.3,162,1,Active Customers,75.3,163,0.006134969325153374,0.4619631901840491,0.6931471805599453,5.093750200806762
13740.0,4,1232.02,50,0,At Risk Customers,308.005,51,0.0784313725490196,96.62901960784313,1.6094379124341003,3.9318256327243257
13745.0,1,477.32,181,1,Active Customers,477.32,182,0.005494505494505495,2.622637362637363,0.6931471805599453,5.204006687076795
13746.0,1,176.69,48,0,At Risk Customers,176.69,49,0.02040816326530612,3.6059183673469386,0.6931471805599453,3.8918202981106265
13747.0,2,169.79999999999998,8,0,At Risk Customers,84.89999999999999,9,0.2222222222222222,37.73333333333333,1.0986122886681096,2.1972245773362196
13748.0,5,1320.1,8,0,At Risk Customers,264.02,9,0.5555555555555556,733.3888888888889,1.791759469228055,2.1972245773362196
13750.0,6,1954.92,15,0,At Risk Customers,325.82,16,0.375,733.095,1.9459101490553132,2.772588722239781
13752.0,1,404.45000000000005,162,1,Active Customers,404.45000000000005,163,0.006134969325153374,2.4812883435582824,0.6931471805599453,5.093750200806762
13753.0,3,1353.31,233,1,Active Customers,451.1033333333333,234,0.01282051282051282,17.350128205128204,1.3862943611198906,5.455321115357702
13754.0,1,164.45000000000002,72,0,At Risk Customers,164.45000000000002,73,0.0136986301369863,2.2527397260273974,0.6931471805599453,4.290459441148391
13757.0,1,195.55,309,1,Active Customers,195.55,310,0.0032258064516129032,0.6308064516129033,0.6931471805599453,5.736572297479192
13760.0,3,1076.85,39,0,At Risk Customers,358.95,40,0.075,80.76374999999999,1.3862943611198906,3.6888794541139363
13761.0,4,881.52,137,0,At Risk Customers,220.38,138,0.028985507246376812,25.551304347826086,1.6094379124341003,4.927253685157205
13762.0,4,2165.76,228,1,Active Customers,541.44,229,0.017467248908296942,37.82986899563319,1.6094379124341003,5.43372200355424
13763.0,2,3502.48,52,0,At Risk Customers,1751.24,53,0.03773584905660377,132.16905660377358,1.0986122886681096,3.970291913552122
13764.0,3,1400.2,204,1,Active Customers,466.73333333333335,205,0.014634146341463415,20.490731707317074,1.3862943611198906,5.3230099791384085
13765.0,1,352.821,288,1,Active Customers,352.821,289,0.0034602076124567475,1.2208339100346022,0.6931471805599453,5.666426688112432
13766.0,1,190.35,130,0,At Risk Customers,190.35,131,0.007633587786259542,1.4530534351145037,0.6931471805599453,4.875197323201151
13768.0,2,875.97,361,1,Active Customers,437.985,362,0.0055248618784530384,4.839613259668508,1.0986122886681096,5.891644211825771
13770.0,4,785.37,57,0,At Risk Customers,196.3425,58,0.06896551724137931,54.163448275862066,1.6094379124341003,4.060443010546419
13771.0,5,3094.37,168,1,Active Customers,618.874,169,0.029585798816568046,91.54940828402366,1.791759469228055,5.1298987149230735
13772.0,5,1977.39,35,0,At Risk Customers,395.478,36,0.1388888888888889,274.63750000000005,1.791759469228055,3.58351893845611
13773.0,2,301.54,31,0,At Risk Customers,150.77,32,0.0625,18.84625,1.0986122886681096,3.4657359027997265
13775.0,1,1049.66,225,1,Active Customers,1049.66,226,0.004424778761061947,4.644513274336283,0.6931471805599453,5.420534999272286
13776.0,2,623.98,63,0,At Risk Customers,311.99,64,0.03125,19.499375,1.0986122886681096,4.1588830833596715
13778.0,3,945.79,126,0,At Risk Customers,315.2633333333333,127,0.023622047244094488,22.341496062992125,1.3862943611198906,4.844187086458591
13779.0,1,161.13,150,1,Active Customers,161.13,151,0.006622516556291391,1.0670860927152317,0.6931471805599453,5.017279836814924
13780.0,1,372.06,42,0,At Risk Customers,372.06,43,0.023255813953488372,8.652558139534884,0.6931471805599453,3.7612001156935624
13781.0,2,650.99,227,1,Active Customers,325.495,228,0.008771929824561403,5.710438596491228,1.0986122886681096,5.429345628954441
13782.0,7,877.22,88,0,At Risk Customers,125.31714285714285,89,0.07865168539325842,68.99483146067416,2.0794415416798357,4.48863636973214
13783.0,4,1542.09,122,0,At Risk Customers,385.5225,123,0.032520325203252036,50.149268292682926,1.6094379124341003,4.812184355372417
13784.0,3,447.44,69,0,At Risk Customers,149.14666666666668,70,0.04285714285714286,19.176000000000002,1.3862943611198906,4.248495242049359
13785.0,4,542.49,63,0,At Risk Customers,135.6225,64,0.0625,33.905625,1.6094379124341003,4.1588830833596715
13787.0,4,913.46,93,0,At Risk Customers,228.365,94,0.0425531914893617,38.87063829787234,1.6094379124341003,4.543294782270004
13788.0,1,3.75,140,1,Active Customers,3.75,141,0.0070921985815602835,0.026595744680851064,0.6931471805599453,4.948759890378168
13789.0,1,239.45999999999998,23,0,At Risk Customers,239.45999999999998,24,0.041666666666666664,9.9775,0.6931471805599453,3.1780538303479458
13792.0,1,188.4,57,0,At Risk Customers,188.4,58,0.017241379310344827,3.2482758620689656,0.6931471805599453,4.060443010546419
13793.0,1,96.0,281,1,Active Customers,96.0,282,0.0035460992907801418,0.3404255319148936,0.6931471805599453,5.641907070938114
13794.0,1,126.03,181,1,Active Customers,126.03,182,0.005494505494505495,0.6924725274725275,0.6931471805599453,5.204006687076795
13795.0,4,836.3,23,0,At Risk Customers,209.075,24,0.16666666666666666,139.38333333333333,1.6094379124341003,3.1780538303479458
13796.0,1,289.7,134,0,At Risk Customers,289.7,135,0.007407407407407408,2.145925925925926,0.6931471805599453,4.90527477843843
13797.0,3,1179.45,71,0,At Risk Customers,393.15000000000003,72,0.041666666666666664,49.14375,1.3862943611198906,4.276666119016055
13799.0,7,2114.71,79,0,At Risk Customers,302.1014285714286,80,0.0875,185.037125,2.0794415416798357,4.382026634673881
13800.0,2,1121.24,65,0,At Risk Customers,560.62,66,0.030303030303030304,33.9769696969697,1.0986122886681096,4.189654742026425
13803.0,2,1061.84,66,0,At Risk Customers,530.92,67,0.029850746268656716,31.696716417910444,1.0986122886681096,4.204692619390966
13804.0,2,572.73,70,0,At Risk Customers,286.365,71,0.028169014084507043,16.133239436619718,1.0986122886681096,4.2626798770413155
13807.0,3,422.2,2,0,At Risk Customers,140.73333333333332,3,1.0,422.19999999999993,1.3862943611198906,1.0986122886681096
13809.0,2,524.65,29,0,At Risk Customers,262.325,30,0.06666666666666667,34.97666666666667,1.0986122886681096,3.4011973816621555
13813.0,4,1398.61,162,1,Active Customers,349.6525,163,0.024539877300613498,34.32171779141104,1.6094379124341003,5.093750200806762
13814.0,1,678.2,162,1,Active Customers,678.2,163,0.006134969325153374,4.160736196319019,0.6931471805599453,5.093750200806762
13815.0,4,3448.38,41,0,At Risk Customers,862.095,42,0.09523809523809523,328.41714285714284,1.6094379124341003,3.7376696182833684
13818.0,1,61.28,64,0,At Risk Customers,61.28,65,0.015384615384615385,0.9427692307692308,0.6931471805599453,4.174387269895637
13819.0,3,1502.0,304,1,Active Customers,500.6666666666667,305,0.009836065573770493,14.77377049180328,1.3862943611198906,5.720311776607412
13820.0,3,652.75,53,0,At Risk Customers,217.58333333333334,54,0.05555555555555555,36.263888888888886,1.3862943611198906,3.9889840465642745
13821.0,4,993.44,28,0,At Risk Customers,248.36,29,0.13793103448275862,137.02620689655174,1.6094379124341003,3.367295829986474
13823.0,5,2445.79,15,0,At Risk Customers,489.158,16,0.3125,764.309375,1.791759469228055,2.772588722239781
13824.0,7,1615.82,14,0,At Risk Customers,230.83142857142857,15,0.4666666666666667,754.0493333333333,2.0794415416798357,2.70805020110221
13825.0,2,255.59,256,1,Active Customers,127.795,257,0.007782101167315175,1.9890272373540856,1.0986122886681096,5.54907608489522
13829.0,1,102.0,56,0,At Risk Customers,102.0,57,0.017543859649122806,1.789473684210526,0.6931471805599453,4.04305126783455
13830.0,1,156.85000000000002,216,1,Active Customers,156.85000000000002,217,0.004608294930875576,0.7228110599078342,0.6931471805599453,5.37989735354046
13832.0,1,557.6899999999999,57,0,At Risk Customers,557.6899999999999,58,0.017241379310344827,9.615344827586206,0.6931471805599453,4.060443010546419
13833.0,1,316.56,39,0,At Risk Customers,316.56,40,0.025,7.914000000000001,0.6931471805599453,3.6888794541139363
13834.0,2,324.19,211,1,Active Customers,162.095,212,0.009433962264150943,3.0583962264150943,1.0986122886681096,5.356586274672012
13835.0,3,260.7,154,1,Active Customers,86.89999999999999,155,0.01935483870967742,5.045806451612903,1.3862943611198906,5.043425116919247
13836.0,2,620.37,34,0,At Risk Customers,310.185,35,0.05714285714285714,35.449714285714286,1.0986122886681096,3.5553480614894135
13839.0,1,139.95000000000002,121,0,At Risk Customers,139.95000000000002,122,0.00819672131147541,1.1471311475409838,0.6931471805599453,4.804021044733257
13840.0,1,651.4,51,0,At Risk Customers,651.4,52,0.019230769230769232,12.526923076923078,0.6931471805599453,3.9512437185814275
13843.0,1,319.75,16,0,At Risk Customers,319.75,17,0.058823529411764705,18.808823529411764,0.6931471805599453,2.833213344056216
13846.0,1,442.73,34,0,At Risk Customers,442.73,35,0.02857142857142857,12.649428571428572,0.6931471805599453,3.5553480614894135
13847.0,1,310.72,354,1,Active Customers,310.72,355,0.0028169014084507044,0.8752676056338029,0.6931471805599453,5.872117789475416
13849.0,3,1931.35,32,0,At Risk Customers,643.7833333333333,33,0.09090909090909091,175.5772727272727,1.3862943611198906,3.4965075614664802
13851.0,5,1955.0,14,0,At Risk Customers,391.0,15,0.3333333333333333,651.6666666666666,1.791759469228055,2.70805020110221
13852.0,1,187.35000000000002,245,1,Active Customers,187.35000000000002,246,0.0040650406504065045,0.7615853658536587,0.6931471805599453,5.5053315359323625
13855.0,4,1310.3400000000001,135,0,At Risk Customers,327.58500000000004,136,0.029411764705882353,38.53941176470589,1.6094379124341003,4.912654885736052
13856.0,8,753.53,98,0,At Risk Customers,94.19125,99,0.08080808080808081,60.89131313131313,2.1972245773362196,4.59511985013459
13857.0,6,1001.01,28,0,At Risk Customers,166.835,29,0.20689655172413793,207.10551724137932,1.9459101490553132,3.367295829986474
13859.0,1,314.7,164,1,Active Customers,314.7,165,0.006060606060606061,1.9072727272727272,0.6931471805599453,5.10594547390058
13861.0,2,273.26,64,0,At Risk Customers,136.63,65,0.03076923076923077,8.408,1.0986122886681096,4.174387269895637
13862.0,1,346.73,24,0,At Risk Customers,346.73,25,0.04,13.869200000000001,0.6931471805599453,3.2188758248682006
13863.0,3,933.77,100,0,At Risk Customers,311.25666666666666,101,0.0297029702970297,27.735742574257422,1.3862943611198906,4.61512051684126
13864.0,1,662.4000000000001,21,0,At Risk Customers,662.4000000000001,22,0.045454545454545456,30.109090909090913,0.6931471805599453,3.091042453358316
13871.0,4,1482.6,63,0,At Risk Customers,370.65,64,0.0625,92.6625,1.6094379124341003,4.1588830833596715
13872.0,3,919.57,162,1,Active Customers,306.52333333333337,163,0.018404907975460124,16.924601226993868,1.3862943611198906,5.093750200806762
13873.0,5,649.32,18,0,At Risk Customers,129.864,19,0.2631578947368421,170.8736842105263,1.791759469228055,2.9444389791664403
13874.0,6,1508.7,139,0,At Risk Customers,251.45000000000002,140,0.04285714285714286,64.65857142857143,1.9459101490553132,4.941642422609304
13877.0,2,332.44,105,0,At Risk Customers,166.22,106,0.018867924528301886,6.272452830188679,1.0986122886681096,4.663439094112067
13878.0,3,1145.33,182,1,Active Customers,381.77666666666664,183,0.01639344262295082,18.775901639344262,1.3862943611198906,5.209486152841421
13879.0,1,395.5,280,1,Active Customers,395.5,281,0.0035587188612099642,1.4074733096085408,0.6931471805599453,5.638354669333745
13884.0,5,1037.43,11,0,At Risk Customers,207.48600000000002,12,0.4166666666666667,432.26250000000005,1.791759469228055,2.4849066497880004
13888.0,5,1405.92,39,0,At Risk Customers,281.184,40,0.125,175.74,1.791759469228055,3.6888794541139363
13889.0,5,1574.3300000000002,17,0,At Risk Customers,314.86600000000004,18,0.2777777777777778,437.3138888888889,1.791759469228055,2.8903717578961645
13890.0,4,1043.57,9,0,At Risk Customers,260.8925,10,0.4,417.428,1.6094379124341003,2.302585092994046
13891.0,3,859.21,13,0,At Risk Customers,286.40333333333336,14,0.21428571428571427,184.11642857142857,1.3862943611198906,2.639057329615259
13892.0,2,634.68,112,0,At Risk Customers,317.34,113,0.017699115044247787,11.233274336283184,1.0986122886681096,4.727387818712341
13895.0,2,1415.45,150,1,Active Customers,707.725,151,0.013245033112582781,18.747682119205297,1.0986122886681096,5.017279836814924
13896.0,1,388.55,260,1,Active Customers,388.55,261,0.0038314176245210726,1.4886973180076628,0.6931471805599453,5.564520407322694
13897.0,2,849.56,73,0,At Risk Customers,424.78,74,0.02702702702702703,22.96108108108108,1.0986122886681096,4.304065093204169
13898.0,1,530.47,46,0,At Risk Customers,530.47,47,0.02127659574468085,11.286595744680852,0.6931471805599453,3.8501476017100584
13900.0,3,869.64,24,0,At Risk Customers,289.88,25,0.12,104.35679999999999,1.3862943611198906,3.2188758248682006
13902.0,5,34095.26,267,1,Active Customers,6819.052000000001,268,0.018656716417910446,636.1055970149254,1.791759469228055,5.5909869805108565
13903.0,1,165.45000000000002,35,0,At Risk Customers,165.45000000000002,36,0.027777777777777776,4.595833333333333,0.6931471805599453,3.58351893845611
13905.0,1,312.65,367,1,Active Customers,312.65,368,0.002717391304347826,0.8495923913043477,0.6931471805599453,5.908082938168931
13906.0,1,42.0,44,0,At Risk Customers,42.0,45,0.022222222222222223,0.9333333333333333,0.6931471805599453,3.8066624897703196
13907.0,1,136.8,326,1,Active Customers,136.8,327,0.0030581039755351682,0.41834862385321103,0.6931471805599453,5.7899601708972535
13909.0,2,282.85,58,0,At Risk Customers,141.425,59,0.03389830508474576,9.58813559322034,1.0986122886681096,4.07753744390572
13912.0,1,124.95,58,0,At Risk Customers,124.95,59,0.01694915254237288,2.1177966101694916,0.6931471805599453,4.07753744390572
13913.0,1,42.22,141,1,Active Customers,42.22,142,0.007042253521126761,0.29732394366197185,0.6931471805599453,4.955827057601261
13915.0,1,70.80000000000001,29,0,At Risk Customers,70.80000000000001,30,0.03333333333333333,2.3600000000000003,0.6931471805599453,3.4011973816621555
13916.0,4,1275.81,98,0,At Risk Customers,318.9525,99,0.04040404040404041,51.54787878787879,1.6094379124341003,4.59511985013459
13919.0,2,975.87,59,0,At Risk Customers,487.935,60,0.03333333333333333,32.528999999999996,1.0986122886681096,4.0943445622221
13920.0,4,1774.68,66,0,At Risk Customers,443.67,67,0.05970149253731343,105.9510447761194,1.6094379124341003,4.204692619390966
13921.0,4,730.7,37,0,At Risk Customers,182.675,38,0.10526315789473684,76.91578947368421,1.6094379124341003,3.6375861597263857
13922.0,2,692.95,72,0,At Risk Customers,346.475,73,0.0273972602739726,18.984931506849314,1.0986122886681096,4.290459441148391
13927.0,1,359.27,72,0,At Risk Customers,359.27,73,0.0136986301369863,4.921506849315068,0.6931471805599453,4.290459441148391
13929.0,9,2651.45,51,0,At Risk Customers,294.60555555555555,52,0.17307692307692307,458.90480769230766,2.302585092994046,3.9512437185814275
13935.0,3,6116.92,231,1,Active Customers,2038.9733333333334,232,0.01293103448275862,79.09810344827586,1.3862943611198906,5.44673737166631
13936.0,2,563.08,17,0,At Risk Customers,281.54,18,0.1111111111111111,62.56444444444445,1.0986122886681096,2.8903717578961645
13937.0,1,721.28,37,0,At Risk Customers,721.28,38,0.02631578947368421,18.981052631578944,0.6931471805599453,3.6375861597263857
13939.0,4,992.41,66,0,At Risk Customers,248.1025,67,0.05970149253731343,59.248358208955224,1.6094379124341003,4.204692619390966
13942.0,1,320.0,169,1,Active Customers,320.0,170,0.0058823529411764705,1.8823529411764706,0.6931471805599453,5.135798437050262
13943.0,1,246.54,212,1,Active Customers,246.54,213,0.004694835680751174,1.1574647887323943,0.6931471805599453,5.3612921657094255
13944.0,1,200.43,288,1,Active Customers,200.43,289,0.0034602076124567475,0.693529411764706,0.6931471805599453,5.666426688112432
13945.0,2,854.15,29,0,At Risk Customers,427.075,30,0.06666666666666667,56.94333333333333,1.0986122886681096,3.4011973816621555
13946.0,3,1314.66,11,0,At Risk Customers,438.22,12,0.25,328.665,1.3862943611198906,2.4849066497880004
13948.0,3,446.76,46,0,At Risk Customers,148.92,47,0.06382978723404255,28.51659574468085,1.3862943611198906,3.8501476017100584
13953.0,5,3125.0,44,0,At Risk Customers,625.0,45,0.1111111111111111,347.22222222222223,1.791759469228055,3.8066624897703196
13955.0,1,221.10999999999999,10,0,At Risk Customers,221.10999999999999,11,0.09090909090909091,20.10090909090909,0.6931471805599453,2.3978952727983707
13957.0,3,458.25,52,0,At Risk Customers,152.75,53,0.05660377358490566,25.93867924528302,1.3862943611198906,3.970291913552122
13959.0,3,470.73,34,0,At Risk Customers,156.91,35,0.08571428571428572,40.348285714285716,1.3862943611198906,3.5553480614894135
13961.0,1,538.4,27,0,At Risk Customers,538.4,28,0.03571428571428571,19.228571428571428,0.6931471805599453,3.332204510175204
13962.0,1,193.25,70,0,At Risk Customers,193.25,71,0.014084507042253521,2.721830985915493,0.6931471805599453,4.2626798770413155
13964.0,2,438.9,22,0,At Risk Customers,219.45,23,0.08695652173913043,38.165217391304346,1.0986122886681096,3.1354942159291497
13965.0,3,996.61,111,0,At Risk Customers,332.2033333333333,112,0.026785714285714284,26.69491071428571,1.3862943611198906,4.718498871295094
13966.0,1,384.26,70,0,At Risk Customers,384.26,71,0.014084507042253521,5.412112676056338,0.6931471805599453,4.2626798770413155
13967.0,1,85.6,31,0,At Risk Customers,85.6,32,0.03125,2.675,0.6931471805599453,3.4657359027997265
13968.0,1,123.66,58,0,At Risk Customers,123.66,59,0.01694915254237288,2.0959322033898307,0.6931471805599453,4.07753744390572
13970.0,2,846.55,21,0,At Risk Customers,423.275,22,0.09090909090909091,76.9590909090909,1.0986122886681096,3.091042453358316
13971.0,6,1909.31,58,0,At Risk Customers,318.2183333333333,59,0.1016949152542373,194.1671186440678,1.9459101490553132,4.07753744390572
13974.0,1,264.13,217,1,Active Customers,264.13,218,0.0045871559633027525,1.211605504587156,0.6931471805599453,5.384495062789089
13975.0,6,2795.16,28,0,At Risk Customers,465.85999999999996,29,0.20689655172413793,578.3089655172413,1.9459101490553132,3.367295829986474
13976.0,3,834.38,141,0,At Risk Customers,278.12666666666667,142,0.02112676056338028,17.627746478873238,1.3862943611198906,4.955827057601261
13977.0,1,519.8100000000001,46,0,At Risk Customers,519.8100000000001,47,0.02127659574468085,11.059787234042554,0.6931471805599453,3.8501476017100584
13979.0,6,2510.06,28,0,At Risk Customers,418.3433333333333,29,0.20689655172413793,519.3227586206897,1.9459101490553132,3.367295829986474
13980.0,4,568.68,74,0,At Risk Customers,142.17,75,0.05333333333333334,30.3296,1.6094379124341003,4.31748811353631
13981.0,1,331.14,50,0,At Risk Customers,331.14,51,0.0196078431372549,6.4929411764705875,0.6931471805599453,3.9318256327243257
13987.0,2,682.54,14,0,At Risk Customers,341.27,15,0.13333333333333333,91.00533333333333,1.0986122886681096,2.70805020110221
13988.0,2,609.84,18,0,At Risk Customers,304.92,19,0.10526315789473684,64.19368421052631,1.0986122886681096,2.9444389791664403
13989.0,3,759.98,99,0,At Risk Customers,253.32666666666668,100,0.03,22.7994,1.3862943611198906,4.605170185988092
13992.0,2,142.7,15,0,At Risk Customers,71.35,16,0.125,17.8375,1.0986122886681096,2.772588722239781
13996.0,2,895.76,21,0,At Risk Customers,447.88,22,0.09090909090909091,81.43272727272728,1.0986122886681096,3.091042453358316
13997.0,3,376.46,154,1,Active Customers,125.48666666666666,155,0.01935483870967742,7.2863225806451615,1.3862943611198906,5.043425116919247
13998.0,3,566.7,81,0,At Risk Customers,188.9,82,0.036585365853658534,20.732926829268294,1.3862943611198906,4.406719247264253
14000.0,4,1410.68,49,0,At Risk Customers,352.67,50,0.08,112.85440000000001,1.6094379124341003,3.912023005428146
14003.0,1,209.41,367,1,Active Customers,209.41,368,0.002717391304347826,0.5690489130434783,0.6931471805599453,5.908082938168931
14004.0,4,1675.81,28,0,At Risk Customers,418.9525,29,0.13793103448275862,231.14620689655172,1.6094379124341003,3.367295829986474
14006.0,4,1234.48,163,1,Active Customers,308.62,164,0.024390243902439025,30.109268292682927,1.6094379124341003,5.099866427824199
14007.0,1,79.48,147,1,Active Customers,79.48,148,0.006756756756756757,0.5370270270270271,0.6931471805599453,4.997212273764115
14008.0,1,509.04,67,0,At Risk Customers,509.04,68,0.014705882352941176,7.485882352941177,0.6931471805599453,4.219507705176107
14009.0,1,404.3,97,0,At Risk Customers,404.3,98,0.01020408163265306,4.125510204081633,0.6931471805599453,4.584967478670572
14010.0,2,445.15,200,1,Active Customers,222.575,201,0.009950248756218905,4.429353233830845,1.0986122886681096,5.303304908059076
14011.0,2,457.82,115,0,At Risk Customers,228.91,116,0.017241379310344827,7.8934482758620685,1.0986122886681096,4.7535901911063645
14013.0,2,611.5500000000001,15,0,At Risk Customers,305.77500000000003,16,0.125,76.44375000000001,1.0986122886681096,2.772588722239781
14014.0,2,1443.03,11,0,At Risk Customers,721.515,12,0.16666666666666666,240.505,1.0986122886681096,2.4849066497880004
14017.0,1,229.75,206,1,Active Customers,229.75,207,0.004830917874396135,1.1099033816425121,0.6931471805599453,5.332718793265369
14018.0,1,367.15000000000003,280,1,Active Customers,367.15000000000003,281,0.0035587188612099642,1.3065836298932385,0.6931471805599453,5.638354669333745
14020.0,2,606.21,111,0,At Risk Customers,303.105,112,0.017857142857142856,10.825178571428571,1.0986122886681096,4.718498871295094
14021.0,4,1084.68,9,0,At Risk Customers,271.17,10,0.4,433.87200000000007,1.6094379124341003,2.302585092994046
14022.0,1,352.15000000000003,121,0,At Risk Customers,352.15000000000003,122,0.00819672131147541,2.886475409836066,0.6931471805599453,4.804021044733257
14024.0,1,318.04,25,0,At Risk Customers,318.04,26,0.038461538461538464,12.232307692307694,0.6931471805599453,3.258096538021482
14025.0,8,4057.9,99,0,At Risk Customers,507.2375,100,0.08,324.632,2.1972245773362196,4.605170185988092
14026.0,2,713.11,105,0,At Risk Customers,356.555,106,0.018867924528301886,13.454905660377358,1.0986122886681096,4.663439094112067
14028.0,3,10396.5,185,1,Active Customers,3465.5,186,0.016129032258064516,167.68548387096774,1.3862943611198906,5.225746673713202
14033.0,1,109.44,190,1,Active Customers,109.44,191,0.005235602094240838,0.5729842931937174,0.6931471805599453,5.25227342804663
14035.0,4,1366.73,41,0,At Risk Customers,341.6825,42,0.09523809523809523,130.1647619047619,1.6094379124341003,3.7376696182833684
14037.0,4,689.75,113,0,At Risk Customers,172.4375,114,0.03508771929824561,24.20175438596491,1.6094379124341003,4.736198448394496
14038.0,2,1509.5,32,0,At Risk Customers,754.75,33,0.06060606060606061,91.48484848484848,1.0986122886681096,3.4965075614664802
14039.0,1,115.08000000000001,210,1,Active Customers,115.08000000000001,211,0.004739336492890996,0.5454028436018958,0.6931471805599453,5.351858133476067
14042.0,1,431.98,360,1,Active Customers,431.98,361,0.002770083102493075,1.1966204986149584,0.6931471805599453,5.8888779583328805
14043.0,2,302.6,126,0,At Risk Customers,151.3,127,0.015748031496062992,4.765354330708662,1.0986122886681096,4.844187086458591
14044.0,6,2431.28,53,0,At Risk Customers,405.21333333333337,54,0.1111111111111111,270.14222222222224,1.9459101490553132,3.9889840465642745
14048.0,2,338.76,17,0,At Risk Customers,169.38,18,0.1111111111111111,37.63999999999999,1.0986122886681096,2.8903717578961645
14052.0,1,241.3,25,0,At Risk Customers,241.3,26,0.038461538461538464,9.280769230769232,0.6931471805599453,3.258096538021482
14053.0,2,312.05,32,0,At Risk Customers,156.025,33,0.06060606060606061,18.912121212121214,1.0986122886681096,3.4965075614664802
14055.0,2,795.3199999999999,212,1,Active Customers,397.65999999999997,213,0.009389671361502348,7.467793427230046,1.0986122886681096,5.3612921657094255
14057.0,5,2135.0,16,0,At Risk Customers,427.0,17,0.29411764705882354,627.9411764705883,1.791759469228055,2.833213344056216
14058.0,2,469.19,97,0,At Risk Customers,234.595,98,0.02040816326530612,9.575306122448978,1.0986122886681096,4.584967478670572
14061.0,3,917.4300000000001,142,1,Active Customers,305.81,143,0.02097902097902098,19.246783216783218,1.3862943611198906,4.962844630259907
14064.0,10,1925.9,65,0,At Risk Customers,192.59,66,0.15151515151515152,291.8030303030303,2.3978952727983707,4.189654742026425
14065.0,3,891.02,24,0,At Risk Customers,297.00666666666666,25,0.12,106.9224,1.3862943611198906,3.2188758248682006
14068.0,3,1250.8700000000001,238,1,Active Customers,416.9566666666667,239,0.012552301255230125,15.701297071129709,1.3862943611198906,5.476463551931511
14069.0,2,225.81,149,1,Active Customers,112.905,150,0.013333333333333334,3.0108,1.0986122886681096,5.0106352940962555
14070.0,1,321.6,319,1,Active Customers,321.6,320,0.003125,1.0050000000000001,0.6931471805599453,5.768320995793772
14072.0,1,390.85,301,1,Active Customers,390.85,302,0.0033112582781456954,1.294205298013245,0.6931471805599453,5.71042701737487
14074.0,1,219.39999999999998,258,1,Active Customers,219.39999999999998,259,0.003861003861003861,0.847104247104247,0.6931471805599453,5.556828061699537
14075.0,3,792.61,38,0,At Risk Customers,264.2033333333333,39,0.07692307692307693,60.97,1.3862943611198906,3.6635616461296463
14077.0,1,115.66,30,0,At Risk Customers,115.66,31,0.03225806451612903,3.730967741935484,0.6931471805599453,3.4339872044851463
14078.0,4,640.34,8,0,At Risk Customers,160.085,9,0.4444444444444444,284.59555555555556,1.6094379124341003,2.1972245773362196
14079.0,1,243.63,317,1,Active Customers,243.63,318,0.0031446540880503146,0.7661320754716981,0.6931471805599453,5.762051382780177
14080.0,4,1070.08,48,0,At Risk Customers,267.52,49,0.08163265306122448,87.35346938775508,1.6094379124341003,3.8918202981106265
14082.0,1,231.10999999999999,27,0,At Risk Customers,231.10999999999999,28,0.03571428571428571,8.25392857142857,0.6931471805599453,3.332204510175204
14083.0,3,373.3,6,0,At Risk Customers,124.43333333333334,7,0.42857142857142855,159.9857142857143,1.3862943611198906,1.9459101490553132
14084.0,1,150.5,147,1,Active Customers,150.5,148,0.006756756756756757,1.0168918918918919,0.6931471805599453,4.997212273764115
14086.0,1,39.95,97,0,At Risk Customers,39.95,98,0.01020408163265306,0.4076530612244898,0.6931471805599453,4.584967478670572
14087.0,2,638.0,39,0,At Risk Customers,319.0,40,0.05,31.900000000000002,1.0986122886681096,3.6888794541139363
14091.0,2,9530.08,289,1,Active Customers,4765.04,290,0.006896551724137931,65.72468965517241,1.0986122886681096,5.66988092298052
14094.0,1,311.77,74,0,At Risk Customers,311.77,75,0.013333333333333334,4.156933333333333,0.6931471805599453,4.31748811353631
14095.0,1,2.95,357,1,Active Customers,2.95,358,0.002793296089385475,0.00824022346368715,0.6931471805599453,5.8805329864007
14097.0,2,422.85999999999996,116,0,At Risk Customers,211.42999999999998,117,0.017094017094017096,7.228376068376068,1.0986122886681096,4.762173934797756
14104.0,3,527.3199999999999,24,0,At Risk Customers,175.7733333333333,25,0.12,63.27839999999999,1.3862943611198906,3.2188758248682006
14105.0,4,4722.6,43,0,At Risk Customers,1180.65,44,0.09090909090909091,429.32727272727277,1.6094379124341003,3.784189633918261
14106.0,1,214.79999999999998,372,1,Active Customers,214.79999999999998,373,0.002680965147453083,0.5758713136729222,0.6931471805599453,5.921578419643816
14107.0,4,2174.07,83,0,At Risk Customers,543.5175,84,0.047619047619047616,103.52714285714286,1.6094379124341003,4.430816798843313
14108.0,2,447.05,366,1,Active Customers,223.525,367,0.005449591280653951,2.4362397820163486,1.0986122886681096,5.905361848054571
14112.0,6,2919.44,86,0,At Risk Customers,486.5733333333333,87,0.06896551724137931,201.3406896551724,1.9459101490553132,4.465908118654584
14114.0,5,977.5600000000001,30,0,At Risk Customers,195.512,31,0.16129032258064516,157.67096774193547,1.791759469228055,3.4339872044851463
14115.0,2,622.6700000000001,136,0,At Risk Customers,311.33500000000004,137,0.014598540145985401,9.090072992700732,1.0986122886681096,4.919980925828125
14118.0,1,458.45,63,0,At Risk Customers,458.45,64,0.015625,7.16328125,0.6931471805599453,4.1588830833596715
14119.0,2,183.37,10,0,At Risk Customers,91.685,11,0.18181818181818182,33.34,1.0986122886681096,2.3978952727983707
14122.0,3,362.42,41,0,At Risk Customers,120.80666666666667,42,0.07142857142857142,25.887142857142855,1.3862943611198906,3.7376696182833684
14123.0,1,436.18,368,1,Active Customers,436.18,369,0.0027100271002710027,1.182059620596206,0.6931471805599453,5.910796644040527
14126.0,1,466.33000000000004,79,0,At Risk Customers,466.33000000000004,80,0.0125,5.829125000000001,0.6931471805599453,4.382026634673881
14127.0,3,1190.3700000000001,15,0,At Risk Customers,396.79,16,0.1875,223.19437500000004,1.3862943611198906,2.772588722239781
14128.0,1,286.71,186,1,Active Customers,286.71,187,0.0053475935828877,1.5332085561497324,0.6931471805599453,5.231108616854587
14129.0,4,1467.48,34,0,At Risk Customers,366.87,35,0.11428571428571428,167.712,1.6094379124341003,3.5553480614894135
14130.0,3,1377.86,10,0,At Risk Customers,459.28666666666663,11,0.2727272727272727,375.78,1.3862943611198906,2.3978952727983707
14131.0,1,168.22,283,1,Active Customers,168.22,284,0.0035211267605633804,0.5923239436619718,0.6931471805599453,5.648974238161206
14133.0,1,305.5,368,1,Active Customers,305.5,369,0.0027100271002710027,0.8279132791327913,0.6931471805599453,5.910796644040527
14136.0,5,1570.81,35,0,At Risk Customers,314.162,36,0.1388888888888889,218.16805555555555,1.791759469228055,3.58351893845611
14137.0,1,332.7,330,1,Active Customers,332.7,331,0.0030211480362537764,1.0051359516616314,0.6931471805599453,5.802118375377063
14139.0,3,670.98,125,0,At Risk Customers,223.66,126,0.023809523809523808,15.975714285714286,1.3862943611198906,4.836281906951478
14142.0,2,671.34,8,0,At Risk Customers,335.67,9,0.2222222222222222,149.18666666666667,1.0986122886681096,2.1972245773362196
14144.0,1,30.599999999999998,121,0,At Risk Customers,30.599999999999998,122,0.00819672131147541,0.25081967213114753,0.6931471805599453,4.804021044733257
14145.0,3,3857.85,94,0,At Risk Customers,1285.95,95,0.031578947368421054,121.82684210526317,1.3862943611198906,4.553876891600541
14147.0,7,2106.8,23,0,At Risk Customers,300.9714285714286,24,0.2916666666666667,614.4833333333335,2.0794415416798357,3.1780538303479458
14148.0,1,309.09000000000003,49,0,At Risk Customers,309.09000000000003,50,0.02,6.181800000000001,0.6931471805599453,3.912023005428146
14151.0,2,679.45,308,1,Active Customers,339.725,309,0.006472491909385114,4.397734627831715,1.0986122886681096,5.733341276897746
14152.0,5,1376.05,22,0,At Risk Customers,275.21,23,0.21739130434782608,299.14130434782606,1.791759469228055,3.1354942159291497
14153.0,1,233.4,118,0,At Risk Customers,233.4,119,0.008403361344537815,1.961344537815126,0.6931471805599453,4.77912349311153
14157.0,3,553.8000000000001,24,0,At Risk Customers,184.60000000000002,25,0.12,66.456,1.3862943611198906,3.2188758248682006
14160.0,7,8421.47,245,1,Active Customers,1203.0671428571427,246,0.028455284552845527,239.635325203252,2.0794415416798357,5.5053315359323625
14163.0,1,148.71,97,0,At Risk Customers,148.71,98,0.01020408163265306,1.5174489795918367,0.6931471805599453,4.584967478670572
14166.0,2,251.15,140,1,Active Customers,125.575,141,0.014184397163120567,3.5624113475177306,1.0986122886681096,4.948759890378168
14167.0,4,711.7,99,0,At Risk Customers,177.925,100,0.04,28.468000000000004,1.6094379124341003,4.605170185988092
14168.0,2,370.45,55,0,At Risk Customers,185.225,56,0.03571428571428571,13.230357142857141,1.0986122886681096,4.02535169073515
14169.0,2,621.51,65,0,At Risk Customers,310.755,66,0.030303030303030304,18.833636363636362,1.0986122886681096,4.189654742026425
14170.0,3,570.18,10,0,At Risk Customers,190.05999999999997,11,0.2727272727272727,155.50363636363633,1.3862943611198906,2.3978952727983707
14171.0,1,135.0,365,1,Active Customers,135.0,366,0.00273224043715847,0.36885245901639346,0.6931471805599453,5.902633333401366
14172.0,3,369.02,240,1,Active Customers,123.00666666666666,241,0.012448132780082987,4.593609958506224,1.3862943611198906,5.484796933490655
14173.0,2,135.16,276,1,Active Customers,67.58,277,0.007220216606498195,0.975884476534296,1.0986122886681096,5.6240175061873385
14175.0,5,4456.58,53,0,At Risk Customers,891.316,54,0.09259259259259259,412.64629629629627,1.791759469228055,3.9889840465642745
14176.0,2,339.11,2,0,At Risk Customers,169.555,3,0.6666666666666666,226.07333333333332,1.0986122886681096,1.0986122886681096
14181.0,2,308.35,45,0,At Risk Customers,154.175,46,0.043478260869565216,13.406521739130435,1.0986122886681096,3.828641396489095
14182.0,4,678.77,78,0,At Risk Customers,169.6925,79,0.05063291139240506,34.36810126582278,1.6094379124341003,4.3694478524670215
14183.0,2,278.34000000000003,46,0,At Risk Customers,139.17000000000002,47,0.0425531914893617,11.844255319148937,1.0986122886681096,3.8501476017100584
14186.0,5,1550.63,62,0,At Risk Customers,310.12600000000003,63,0.07936507936507936,123.06587301587302,1.791759469228055,4.143134726391533
14187.0,1,123.5,108,0,At Risk Customers,123.5,109,0.009174311926605505,1.1330275229357798,0.6931471805599453,4.6913478822291435
14189.0,2,1160.31,3,0,At Risk Customers,580.155,4,0.5,580.155,1.0986122886681096,1.3862943611198906
14190.0,1,79.9,301,1,Active Customers,79.9,302,0.0033112582781456954,0.26456953642384107,0.6931471805599453,5.71042701737487
14191.0,2,132.9,29,0,At Risk Customers,66.45,30,0.06666666666666667,8.86,1.0986122886681096,3.4011973816621555
14192.0,1,293.74,23,0,At Risk Customers,293.74,24,0.041666666666666664,12.239166666666666,0.6931471805599453,3.1780538303479458
14193.0,1,356.8,31,0,At Risk Customers,356.8,32,0.03125,11.15,0.6931471805599453,3.4657359027997265
14195.0,4,1603.6,74,0,At Risk Customers,400.9,75,0.05333333333333334,85.52533333333334,1.6094379124341003,4.31748811353631
14197.0,1,390.05,45,0,At Risk Customers,390.05,46,0.021739130434782608,8.479347826086956,0.6931471805599453,3.828641396489095
14198.0,5,868.33,35,0,At Risk Customers,173.666,36,0.1388888888888889,120.60138888888888,1.791759469228055,3.58351893845611
14199.0,3,906.3,58,0,At Risk Customers,302.09999999999997,59,0.05084745762711865,46.08305084745763,1.3862943611198906,4.07753744390572
14200.0,1,379.2,252,1,Active Customers,379.2,253,0.003952569169960474,1.4988142292490116,0.6931471805599453,5.53338948872752
14201.0,3,446.1,44,0,At Risk Customers,148.70000000000002,45,0.06666666666666667,29.740000000000002,1.3862943611198906,3.8066624897703196
14202.0,3,847.76,16,0,At Risk Customers,282.58666666666664,17,0.17647058823529413,149.60470588235296,1.3862943611198906,2.833213344056216
14203.0,1,339.34,32,0,At Risk Customers,339.34,33,0.030303030303030304,10.283030303030303,0.6931471805599453,3.4965075614664802
14204.0,3,874.22,57,0,At Risk Customers,291.4066666666667,58,0.05172413793103448,45.218275862068964,1.3862943611198906,4.060443010546419
14205.0,7,1947.5,29,0,At Risk Customers,278.2142857142857,30,0.23333333333333334,454.4166666666667,2.0794415416798357,3.4011973816621555
14206.0,2,856.85,23,0,At Risk Customers,428.425,24,0.08333333333333333,71.40416666666667,1.0986122886681096,3.1780538303479458
14207.0,1,157.8,322,1,Active Customers,157.8,323,0.0030959752321981426,0.48854489164086695,0.6931471805599453,5.777652323222656
14208.0,1,415.31,186,1,Active Customers,415.31,187,0.0053475935828877,2.2209090909090907,0.6931471805599453,5.231108616854587
14211.0,9,2161.19,46,0,At Risk Customers,240.13222222222223,47,0.19148936170212766,413.8448936170213,2.302585092994046,3.8501476017100584
14212.0,1,1119.6599999999999,80,0,At Risk Customers,1119.6599999999999,81,0.012345679012345678,13.82296296296296,0.6931471805599453,4.394449154672439
14213.0,1,1192.2,39,0,At Risk Customers,1192.2,40,0.025,29.805000000000003,0.6931471805599453,3.6888794541139363
14216.0,1,310.74,49,0,At Risk Customers,310.74,50,0.02,6.2148,0.6931471805599453,3.912023005428146
14219.0,2,543.89,44,0,At Risk Customers,271.945,45,0.044444444444444446,24.172888888888888,1.0986122886681096,3.8066624897703196
14220.0,2,882.5999999999999,202,1,Active Customers,441.29999999999995,203,0.009852216748768473,8.695566502463054,1.0986122886681096,5.313205979041787
14221.0,8,3084.69,84,0,At Risk Customers,385.58625,85,0.09411764705882353,290.32376470588235,2.1972245773362196,4.442651256490317
14224.0,5,831.98,25,0,At Risk Customers,166.39600000000002,26,0.19230769230769232,159.99615384615385,1.791759469228055,3.258096538021482
14225.0,4,2031.07,69,0,At Risk Customers,507.7675,70,0.05714285714285714,116.06114285714285,1.6094379124341003,4.248495242049359
14226.0,1,770.34,76,0,At Risk Customers,770.34,77,0.012987012987012988,10.004415584415586,0.6931471805599453,4.343805421853684
14227.0,5,3017.75,49,0,At Risk Customers,603.55,50,0.1,301.77500000000003,1.791759469228055,3.912023005428146
14228.0,3,745.5,72,0,At Risk Customers,248.5,73,0.0410958904109589,30.636986301369863,1.3862943611198906,4.290459441148391
14229.0,4,1046.84,38,0,At Risk Customers,261.71,39,0.10256410256410256,107.36820512820512,1.6094379124341003,3.6635616461296463
14230.0,3,979.8000000000001,70,0,At Risk Customers,326.6,71,0.04225352112676056,41.4,1.3862943611198906,4.2626798770413155
14231.0,1,309.91,85,0,At Risk Customers,309.91,86,0.011627906976744186,3.603604651162791,0.6931471805599453,4.454347296253507
14233.0,3,1441.55,100,0,At Risk Customers,480.51666666666665,101,0.0297029702970297,42.81831683168316,1.3862943611198906,4.61512051684126
14235.0,4,1573.1299999999999,133,0,At Risk Customers,393.28249999999997,134,0.029850746268656716,46.95910447761194,1.6094379124341003,4.897839799950911
14236.0,4,1253.78,7,0,At Risk Customers,313.445,8,0.5,626.89,1.6094379124341003,2.0794415416798357
14237.0,2,471.14,8,0,At Risk Customers,235.57,9,0.2222222222222222,104.69777777777777,1.0986122886681096,2.1972245773362196
14238.0,2,287.38,297,1,Active Customers,143.69,298,0.006711409395973154,1.928724832214765,1.0986122886681096,5.697093486505405
14239.0,10,1882.3200000000002,66,0,At Risk Customers,188.23200000000003,67,0.14925373134328357,280.9432835820896,2.3978952727983707,4.204692619390966
14240.0,1,357.15,58,0,At Risk Customers,357.15,59,0.01694915254237288,6.053389830508475,0.6931471805599453,4.07753744390572
14241.0,1,120.0,331,1,Active Customers,120.0,332,0.0030120481927710845,0.3614457831325301,0.6931471805599453,5.805134968916488
14244.0,1,366.41999999999996,295,1,Active Customers,366.41999999999996,296,0.0033783783783783786,1.2379054054054053,0.6931471805599453,5.69035945432406
14247.0,4,616.79,39,0,At Risk Customers,154.1975,40,0.1,61.679,1.6094379124341003,3.6888794541139363
14248.0,2,730.37,94,0,At Risk Customers,365.185,95,0.021052631578947368,15.37621052631579,1.0986122886681096,4.553876891600541
14252.0,1,350.99,16,0,At Risk Customers,350.99,17,0.058823529411764705,20.646470588235296,0.6931471805599453,2.833213344056216
14253.0,2,363.40000000000003,128,0,At Risk Customers,181.70000000000002,129,0.015503875968992248,5.634108527131783,1.0986122886681096,4.859812404361672
14254.0,1,601.03,67,0,At Risk Customers,601.03,68,0.014705882352941176,8.838676470588235,0.6931471805599453,4.219507705176107
14255.0,1,1000.63,181,1,Active Customers,1000.63,182,0.005494505494505495,5.497967032967034,0.6931471805599453,5.204006687076795
14256.0,3,1491.73,126,0,At Risk Customers,497.24333333333334,127,0.023622047244094488,35.23771653543307,1.3862943611198906,4.844187086458591
14257.0,4,2854.73,15,0,At Risk Customers,713.6825,16,0.25,713.6825,1.6094379124341003,2.772588722239781
14260.0,3,824.28,106,0,At Risk Customers,274.76,107,0.028037383177570093,23.110654205607474,1.3862943611198906,4.672828834461906
14263.0,1,322.93,58,0,At Risk Customers,322.93,59,0.01694915254237288,5.4733898305084745,0.6931471805599453,4.07753744390572
14264.0,4,1183.39,14,0,At Risk Customers,295.8475,15,0.26666666666666666,315.5706666666667,1.6094379124341003,2.70805020110221
14265.0,2,843.17,99,0,At Risk Customers,421.585,100,0.02,16.8634,1.0986122886681096,4.605170185988092
14266.0,1,40.56,63,0,At Risk Customers,40.56,64,0.015625,0.63375,0.6931471805599453,4.1588830833596715
14268.0,1,354.85,105,0,At Risk Customers,354.85,106,0.009433962264150943,3.3476415094339624,0.6931471805599453,4.663439094112067
14269.0,1,295.73,74,0,At Risk Customers,295.73,75,0.013333333333333334,3.943066666666667,0.6931471805599453,4.31748811353631
14271.0,1,101.86,44,0,At Risk Customers,101.86,45,0.022222222222222223,2.2635555555555555,0.6931471805599453,3.8066624897703196
14272.0,2,482.85,197,1,Active Customers,241.425,198,0.010101010101010102,4.877272727272728,1.0986122886681096,5.288267030694535
14274.0,1,256.6,321,1,Active Customers,256.6,322,0.003105590062111801,0.7968944099378882,0.6931471805599453,5.7745515455444085
14275.0,6,1189.3799999999999,30,0,At Risk Customers,198.23,31,0.1935483870967742,230.20258064516125,1.9459101490553132,3.4339872044851463
14276.0,4,982.94,42,0,At Risk Customers,245.735,43,0.09302325581395349,91.43627906976745,1.6094379124341003,3.7612001156935624
14278.0,1,205.83,44,0,At Risk Customers,205.83,45,0.022222222222222223,4.574000000000001,0.6931471805599453,3.8066624897703196
14279.0,2,191.86,155,1,Active Customers,95.93,156,0.01282051282051282,2.45974358974359,1.0986122886681096,5.049856007249537
14281.0,1,245.15,43,0,At Risk Customers,245.15,44,0.022727272727272728,5.57159090909091,0.6931471805599453,3.784189633918261
14283.0,4,628.4399999999999,98,0,At Risk Customers,157.10999999999999,99,0.04040404040404041,25.39151515151515,1.6094379124341003,4.59511985013459
14284.0,1,704.4,288,1,Active Customers,704.4,289,0.0034602076124567475,2.437370242214533,0.6931471805599453,5.666426688112432
14285.0,4,1374.41,148,1,Active Customers,343.6025,149,0.026845637583892617,36.89691275167785,1.6094379124341003,5.003946305945459
14286.0,4,3851.0099999999998,39,0,At Risk Customers,962.7524999999999,40,0.1,385.101,1.6094379124341003,3.6888794541139363
14290.0,3,2201.91,48,0,At Risk Customers,733.9699999999999,49,0.061224489795918366,134.8108163265306,1.3862943611198906,3.8918202981106265
14292.0,7,4354.32,45,0,At Risk Customers,622.0457142857142,46,0.15217391304347827,662.6139130434783,2.0794415416798357,3.828641396489095
14294.0,1,375.34,42,0,At Risk Customers,375.34,43,0.023255813953488372,8.728837209302325,0.6931471805599453,3.7612001156935624
14295.0,4,2196.71,73,0,At Risk Customers,549.1775,74,0.05405405405405406,118.74108108108109,1.6094379124341003,4.304065093204169
14296.0,2,456.40000000000003,56,0,At Risk Customers,228.20000000000002,57,0.03508771929824561,16.0140350877193,1.0986122886681096,4.04305126783455
14301.0,3,1352.04,51,0,At Risk Customers,450.68,52,0.057692307692307696,78.0023076923077,1.3862943611198906,3.9512437185814275
14302.0,3,742.9000000000001,65,0,At Risk Customers,247.63333333333335,66,0.045454545454545456,33.76818181818182,1.3862943611198906,4.189654742026425
14303.0,2,277.94,42,0,At Risk Customers,138.97,43,0.046511627906976744,12.927441860465116,1.0986122886681096,3.7612001156935624
14304.0,2,1341.56,14,0,At Risk Customers,670.78,15,0.13333333333333333,178.87466666666666,1.0986122886681096,2.70805020110221
14306.0,4,1058.0800000000002,13,0,At Risk Customers,264.52000000000004,14,0.2857142857142857,302.30857142857144,1.6094379124341003,2.639057329615259
14308.0,2,1147.02,184,1,Active Customers,573.51,185,0.010810810810810811,12.400216216216217,1.0986122886681096,5.220355825078325
14309.0,2,1428.28,48,0,At Risk Customers,714.14,49,0.04081632653061224,58.29714285714285,1.0986122886681096,3.8918202981106265
14310.0,1,492.1,67,0,At Risk Customers,492.1,68,0.014705882352941176,7.236764705882353,0.6931471805599453,4.219507705176107
14311.0,1,206.19,202,1,Active Customers,206.19,203,0.0049261083743842365,1.0157142857142858,0.6931471805599453,5.313205979041787
14312.0,5,1478.7,13,0,At Risk Customers,295.74,14,0.35714285714285715,528.1071428571429,1.791759469228055,2.639057329615259
14314.0,1,109.80000000000001,65,0,At Risk Customers,109.80000000000001,66,0.015151515151515152,1.6636363636363638,0.6931471805599453,4.189654742026425
14315.0,2,716.69,199,1,Active Customers,358.345,200,0.01,7.166900000000001,1.0986122886681096,5.298317366548036
14316.0,5,1370.34,57,0,At Risk Customers,274.068,58,0.08620689655172414,118.13275862068966,1.791759469228055,4.060443010546419
14318.0,1,158.02,95,0,At Risk Customers,158.02,96,0.010416666666666666,1.6460416666666666,0.6931471805599453,4.564348191467836
14319.0,1,494.85,59,0,At Risk Customers,494.85,60,0.016666666666666666,8.2475,0.6931471805599453,4.0943445622221
14320.0,3,868.96,181,1,Active Customers,289.65333333333336,182,0.016483516483516484,14.323516483516485,1.3862943611198906,5.204006687076795
14321.0,2,687.3100000000001,66,0,At Risk Customers,343.65500000000003,67,0.029850746268656716,20.516716417910448,1.0986122886681096,4.204692619390966
14322.0,4,474.1,64,0,At Risk Customers,118.525,65,0.06153846153846154,29.17538461538462,1.6094379124341003,4.174387269895637
14324.0,2,701.61,44,0,At Risk Customers,350.805,45,0.044444444444444446,31.18266666666667,1.0986122886681096,3.8066624897703196
14325.0,1,245.48000000000002,204,1,Active Customers,245.48000000000002,205,0.004878048780487805,1.1974634146341465,0.6931471805599453,5.3230099791384085
14326.0,2,757.13,98,0,At Risk Customers,378.565,99,0.020202020202020204,15.295555555555557,1.0986122886681096,4.59511985013459
14327.0,5,1583.28,17,0,At Risk Customers,316.656,18,0.2777777777777778,439.8,1.791759469228055,2.8903717578961645
14328.0,1,445.05,73,0,At Risk Customers,445.05,74,0.013513513513513514,6.01418918918919,0.6931471805599453,4.304065093204169
14330.0,1,200.63,258,1,Active Customers,200.63,259,0.003861003861003861,0.7746332046332046,0.6931471805599453,5.556828061699537
14332.0,2,1077.2,16,0,At Risk Customers,538.6,17,0.11764705882352941,126.72941176470589,1.0986122886681096,2.833213344056216
14334.0,4,1766.27,60,0,At Risk Customers,441.5675,61,0.06557377049180328,115.82098360655738,1.6094379124341003,4.110873864173311
14338.0,1,339.88,171,1,Active Customers,339.88,172,0.005813953488372093,1.976046511627907,0.6931471805599453,5.147494476813453
14339.0,1,310.75,63,0,At Risk Customers,310.75,64,0.015625,4.85546875,0.6931471805599453,4.1588830833596715
14341.0,10,2285.04,55,0,At Risk Customers,228.504,56,0.17857142857142858,408.04285714285714,2.3978952727983707,4.02535169073515
14342.0,2,249.88,67,0,At Risk Customers,124.94,68,0.029411764705882353,7.3494117647058825,1.0986122886681096,4.219507705176107
14343.0,4,1079.66,56,0,At Risk Customers,269.915,57,0.07017543859649122,75.76561403508772,1.6094379124341003,4.04305126783455
14346.0,3,1294.17,60,0,At Risk Customers,431.39000000000004,61,0.04918032786885246,63.64770491803279,1.3862943611198906,4.110873864173311
14347.0,1,82.6,371,1,Active Customers,82.6,372,0.002688172043010753,0.22204301075268817,0.6931471805599453,5.918893854273146
14350.0,2,689.1,15,0,At Risk Customers,344.55,16,0.125,86.1375,1.0986122886681096,2.772588722239781
14353.0,2,285.9,45,0,At Risk Customers,142.95,46,0.043478260869565216,12.430434782608694,1.0986122886681096,3.828641396489095
14358.0,2,400.06,24,0,At Risk Customers,200.03,25,0.08,32.0048,1.0986122886681096,3.2188758248682006
14361.0,1,214.70999999999998,213,1,Active Customers,214.70999999999998,214,0.004672897196261682,1.0033177570093457,0.6931471805599453,5.365976015021851
14363.0,2,227.47000000000003,37,0,At Risk Customers,113.73500000000001,38,0.05263157894736842,11.972105263157896,1.0986122886681096,3.6375861597263857
14365.0,2,634.68,29,0,At Risk Customers,317.34,30,0.06666666666666667,42.312,1.0986122886681096,3.4011973816621555
14366.0,1,136.0,160,1,Active Customers,136.0,161,0.006211180124223602,0.8447204968944099,0.6931471805599453,5.081404364984463
14369.0,2,469.13,277,1,Active Customers,234.565,278,0.007194244604316547,3.3750359712230216,1.0986122886681096,5.627621113690637
14370.0,6,1175.78,85,0,At Risk Customers,195.96333333333334,86,0.06976744186046512,82.03116279069768,1.9459101490553132,4.454347296253507
14372.0,2,860.08,78,0,At Risk Customers,430.04,79,0.02531645569620253,21.774177215189873,1.0986122886681096,4.3694478524670215
14374.0,1,108.0,176,1,Active Customers,108.0,177,0.005649717514124294,0.6101694915254238,0.6931471805599453,5.176149732573829
14375.0,2,871.26,85,0,At Risk Customers,435.63,86,0.023255813953488372,20.26186046511628,1.0986122886681096,4.454347296253507
14376.0,1,215.46,318,1,Active Customers,215.46,319,0.003134796238244514,0.6754231974921631,0.6931471805599453,5.765191102784844
14378.0,1,131.25,256,1,Active Customers,131.25,257,0.0038910505836575876,0.5107003891050583,0.6931471805599453,5.54907608489522
14379.0,2,917.06,28,0,At Risk Customers,458.53,29,0.06896551724137931,63.245517241379304,1.0986122886681096,3.367295829986474
14380.0,1,48.96,317,1,Active Customers,48.96,318,0.0031446540880503146,0.1539622641509434,0.6931471805599453,5.762051382780177
14381.0,1,423.26,86,0,At Risk Customers,423.26,87,0.011494252873563218,4.865057471264367,0.6931471805599453,4.465908118654584
14382.0,1,578.14,25,0,At Risk Customers,578.14,26,0.038461538461538464,22.236153846153847,0.6931471805599453,3.258096538021482
14384.0,1,58.5,135,0,At Risk Customers,58.5,136,0.007352941176470588,0.4301470588235294,0.6931471805599453,4.912654885736052
14389.0,3,854.55,59,0,At Risk Customers,284.84999999999997,60,0.05,42.7275,1.3862943611198906,4.0943445622221
14391.0,1,135.6,211,1,Active Customers,135.6,212,0.0047169811320754715,0.6396226415094339,0.6931471805599453,5.356586274672012
14392.0,1,266.4,67,0,At Risk Customers,266.4,68,0.014705882352941176,3.917647058823529,0.6931471805599453,4.219507705176107
14394.0,1,93.8,199,1,Active Customers,93.8,200,0.005,0.469,0.6931471805599453,5.298317366548036
14398.0,2,707.79,36,0,At Risk Customers,353.895,37,0.05405405405405406,38.258918918918916,1.0986122886681096,3.6109179126442243
14399.0,8,2108.21,29,0,At Risk Customers,263.52625,30,0.26666666666666666,562.1893333333334,2.1972245773362196,3.4011973816621555
14400.0,2,1157.77,43,0,At Risk Customers,578.885,44,0.045454545454545456,52.62590909090909,1.0986122886681096,3.784189633918261
14401.0,9,2744.42,59,0,At Risk Customers,304.93555555555554,60,0.15,411.663,2.302585092994046,4.0943445622221
14402.0,1,285.6,287,1,Active Customers,285.6,288,0.003472222222222222,0.9916666666666667,0.6931471805599453,5.662960480135946
14403.0,2,404.7,224,1,Active Customers,202.35,225,0.008888888888888889,3.5973333333333333,1.0986122886681096,5.41610040220442
14405.0,1,195.0,21,0,At Risk Customers,195.0,22,0.045454545454545456,8.863636363636363,0.6931471805599453,3.091042453358316
14408.0,4,1503.2400000000002,106,0,At Risk Customers,375.81000000000006,107,0.037383177570093455,56.195887850467294,1.6094379124341003,4.672828834461906
14410.0,2,1531.63,11,0,At Risk Customers,765.815,12,0.16666666666666666,255.27166666666668,1.0986122886681096,2.4849066497880004
14412.0,1,656.16,59,0,At Risk Customers,656.16,60,0.016666666666666666,10.936,0.6931471805599453,4.0943445622221
14413.0,3,643.47,45,0,At Risk Customers,214.49,46,0.06521739130434782,41.965434782608696,1.3862943611198906,3.828641396489095
14414.0,1,902.35,9,0,At Risk Customers,902.35,10,0.1,90.23500000000001,0.6931471805599453,2.302585092994046
14417.0,1,524.65,22,0,At Risk Customers,524.65,23,0.043478260869565216,22.81086956521739,0.6931471805599453,3.1354942159291497
14419.0,1,202.85,17,0,At Risk Customers,202.85,18,0.05555555555555555,11.269444444444444,0.6931471805599453,2.8903717578961645
14420.0,3,1251.65,31,0,At Risk Customers,417.2166666666667,32,0.09375,117.34218750000001,1.3862943611198906,3.4657359027997265
14421.0,4,1656.26,147,1,Active Customers,414.065,148,0.02702702702702703,44.763783783783786,1.6094379124341003,4.997212273764115
14423.0,2,651.41,72,0,At Risk Customers,325.705,73,0.0273972602739726,17.846849315068493,1.0986122886681096,4.290459441148391
14425.0,3,661.39,69,0,At Risk Customers,220.46333333333334,70,0.04285714285714286,28.345285714285716,1.3862943611198906,4.248495242049359
14427.0,2,900.1800000000001,129,0,At Risk Customers,450.09000000000003,130,0.015384615384615385,13.848923076923079,1.0986122886681096,4.867534450455582
14429.0,1,516.28,38,0,At Risk Customers,516.28,39,0.02564102564102564,13.237948717948717,0.6931471805599453,3.6635616461296463
14430.0,3,1220.9,146,1,Active Customers,406.9666666666667,147,0.02040816326530612,24.916326530612245,1.3862943611198906,4.990432586778736
14431.0,3,2143.84,14,0,At Risk Customers,714.6133333333333,15,0.2,428.76800000000003,1.3862943611198906,2.70805020110221
14433.0,1,280.7,100,0,At Risk Customers,280.7,101,0.009900990099009901,2.779207920792079,0.6931471805599453,4.61512051684126
14435.0,1,90.42,136,0,At Risk Customers,90.42,137,0.0072992700729927005,0.66,0.6931471805599453,4.919980925828125
14436.0,1,182.64000000000001,188,1,Active Customers,182.64000000000001,189,0.005291005291005291,0.9663492063492064,0.6931471805599453,5.241747015059643
14439.0,4,6781.8,78,0,At Risk Customers,1695.45,79,0.05063291139240506,343.3822784810127,1.6094379124341003,4.3694478524670215
14442.0,5,3777.2,49,0,At Risk Customers,755.4399999999999,50,0.1,377.72,1.791759469228055,3.912023005428146
14443.0,2,966.27,3,0,At Risk Customers,483.135,4,0.5,483.135,1.0986122886681096,1.3862943611198906
14444.0,1,120.44,91,0,At Risk Customers,120.44,92,0.010869565217391304,1.3091304347826087,0.6931471805599453,4.5217885770490405
14445.0,1,221.65,90,0,At Risk Customers,221.65,91,0.01098901098901099,2.435714285714286,0.6931471805599453,4.51085950651685
14446.0,1,189.93,21,0,At Risk Customers,189.93,22,0.045454545454545456,8.633181818181818,0.6931471805599453,3.091042453358316
14447.0,1,548.5,35,0,At Risk Customers,548.5,36,0.027777777777777776,15.23611111111111,0.6931471805599453,3.58351893845611
14450.0,4,645.19,14,0,At Risk Customers,161.2975,15,0.26666666666666666,172.05066666666667,1.6094379124341003,2.70805020110221
14452.0,2,399.9,30,0,At Risk Customers,199.95,31,0.06451612903225806,25.799999999999997,1.0986122886681096,3.4339872044851463
14454.0,5,977.3,11,0,At Risk Customers,195.45999999999998,12,0.4166666666666667,407.2083333333333,1.791759469228055,2.4849066497880004
14455.0,4,617.72,67,0,At Risk Customers,154.43,68,0.058823529411764705,36.336470588235294,1.6094379124341003,4.219507705176107
14458.0,1,228.07,15,0,At Risk Customers,228.07,16,0.0625,14.254375,0.6931471805599453,2.772588722239781
14459.0,1,3537.821,286,1,Active Customers,3537.821,287,0.003484320557491289,12.32690243902439,0.6931471805599453,5.659482215759621
14460.0,6,659.16,31,0,At Risk Customers,109.86,32,0.1875,123.5925,1.9459101490553132,3.4657359027997265
14462.0,1,262.24,67,0,At Risk Customers,262.24,68,0.014705882352941176,3.856470588235294,0.6931471805599453,4.219507705176107
14463.0,1,256.95,134,0,At Risk Customers,256.95,135,0.007407407407407408,1.9033333333333333,0.6931471805599453,4.90527477843843
14464.0,2,111.0,203,1,Active Customers,55.5,204,0.00980392156862745,1.088235294117647,1.0986122886681096,5.318119993844216
14465.0,8,2887.4100000000003,63,0,At Risk Customers,360.92625000000004,64,0.125,360.92625000000004,2.1972245773362196,4.1588830833596715
14467.0,8,1606.98,24,0,At Risk Customers,200.8725,25,0.32,514.2336,2.1972245773362196,3.2188758248682006
14468.0,1,204.24,368,1,Active Customers,204.24,369,0.0027100271002710027,0.5534959349593496,0.6931471805599453,5.910796644040527
14469.0,4,2093.46,51,0,At Risk Customers,523.365,52,0.07692307692307693,161.03538461538463,1.6094379124341003,3.9512437185814275
14470.0,1,250.85,65,0,At Risk Customers,250.85,66,0.015151515151515152,3.800757575757576,0.6931471805599453,4.189654742026425
14471.0,2,400.95,226,1,Active Customers,200.475,227,0.00881057268722467,3.5325991189427315,1.0986122886681096,5.424950017481403
14472.0,1,266.05,324,1,Active Customers,266.05,325,0.003076923076923077,0.8186153846153846,0.6931471805599453,5.783825182329737
14474.0,1,711.23,214,1,Active Customers,711.23,215,0.004651162790697674,3.308046511627907,0.6931471805599453,5.3706380281276624
14475.0,1,225.3,43,0,At Risk Customers,225.3,44,0.022727272727272728,5.120454545454546,0.6931471805599453,3.784189633918261
14477.0,3,660.0,71,0,At Risk Customers,220.0,72,0.041666666666666664,27.5,1.3862943611198906,4.276666119016055
14478.0,4,1276.66,17,0,At Risk Customers,319.165,18,0.2222222222222222,283.70222222222225,1.6094379124341003,2.8903717578961645
14480.0,3,1020.47,37,0,At Risk Customers,340.1566666666667,38,0.07894736842105263,80.56342105263158,1.3862943611198906,3.6375861597263857
14481.0,3,1648.18,42,0,At Risk Customers,549.3933333333333,43,0.06976744186046512,114.98930232558138,1.3862943611198906,3.7612001156935624
14483.0,1,120.0,371,1,Active Customers,120.0,372,0.002688172043010753,0.32258064516129037,0.6931471805599453,5.918893854273146
14484.0,3,749.0600000000001,36,0,At Risk Customers,249.6866666666667,37,0.08108108108108109,60.734594594594604,1.3862943611198906,3.6109179126442243
14486.0,2,175.5,146,1,Active Customers,87.75,147,0.013605442176870748,2.387755102040816,1.0986122886681096,4.990432586778736
14487.0,2,225.89000000000001,3,0,At Risk Customers,112.94500000000001,4,0.5,112.94500000000001,1.0986122886681096,1.3862943611198906
14489.0,3,1111.55,72,0,At Risk Customers,370.51666666666665,73,0.0410958904109589,45.68013698630136,1.3862943611198906,4.290459441148391
14490.0,2,1273.47,41,0,At Risk Customers,636.735,42,0.047619047619047616,60.64142857142857,1.0986122886681096,3.7376696182833684
14491.0,1,127.2,7,0,At Risk Customers,127.2,8,0.125,15.9,0.6931471805599453,2.0794415416798357
14492.0,7,1921.91,65,0,At Risk Customers,274.55857142857144,66,0.10606060606060606,203.8389393939394,2.0794415416798357,4.189654742026425
14493.0,5,2704.62,25,0,At Risk Customers,540.924,26,0.19230769230769232,520.1192307692307,1.791759469228055,3.258096538021482
14494.0,2,261.9,36,0,At Risk Customers,130.95,37,0.05405405405405406,14.156756756756756,1.0986122886681096,3.6109179126442243
14495.0,1,51.0,294,1,Active Customers,51.0,295,0.003389830508474576,0.17288135593220338,0.6931471805599453,5.68697535633982
14497.0,1,221.69,308,1,Active Customers,221.69,309,0.003236245954692557,0.7174433656957929,0.6931471805599453,5.733341276897746
14498.0,5,1943.51,36,0,At Risk Customers,388.702,37,0.13513513513513514,262.6364864864865,1.791759469228055,3.6109179126442243
14499.0,4,1293.3500000000001,9,0,At Risk Customers,323.33750000000003,10,0.4,517.34,1.6094379124341003,2.302585092994046
14506.0,3,1256.6000000000001,4,0,At Risk Customers,418.86666666666673,5,0.6,753.96,1.3862943611198906,1.6094379124341003
14507.0,5,1848.8600000000001,13,0,At Risk Customers,369.77200000000005,14,0.35714285714285715,660.3071428571429,1.791759469228055,2.639057329615259
14508.0,3,554.87,11,0,At Risk Customers,184.95666666666668,12,0.25,138.7175,1.3862943611198906,2.4849066497880004
14509.0,1,110.95,169,1,Active Customers,110.95,170,0.0058823529411764705,0.6526470588235295,0.6931471805599453,5.135798437050262
14510.0,3,979.85,10,0,At Risk Customers,326.6166666666667,11,0.2727272727272727,267.23181818181814,1.3862943611198906,2.3978952727983707
14512.0,5,940.69,18,0,At Risk Customers,188.138,19,0.2631578947368421,247.55,1.791759469228055,2.9444389791664403
14513.0,3,332.42,71,0,At Risk Customers,110.80666666666667,72,0.041666666666666664,13.850833333333334,1.3862943611198906,4.276666119016055
14514.0,6,3389.84,71,0,At Risk Customers,564.9733333333334,72,0.08333333333333333,282.4866666666667,1.9459101490553132,4.276666119016055
14515.0,6,1647.17,22,0,At Risk Customers,274.52833333333336,23,0.2608695652173913,429.69652173913045,1.9459101490553132,3.1354942159291497
14516.0,1,151.17,151,1,Active Customers,151.17,152,0.006578947368421052,0.9945394736842104,0.6931471805599453,5.0238805208462765
14519.0,2,203.14,318,1,Active Customers,101.57,319,0.006269592476489028,1.273605015673981,1.0986122886681096,5.765191102784844
14521.0,1,199.45000000000002,126,0,At Risk Customers,199.45000000000002,127,0.007874015748031496,1.570472440944882,0.6931471805599453,4.844187086458591
14522.0,4,773.8800000000001,230,1,Active Customers,193.47000000000003,231,0.017316017316017316,13.400519480519483,1.6094379124341003,5.442417710521793
14524.0,4,1066.03,44,0,At Risk Customers,266.5075,45,0.08888888888888889,94.75822222222223,1.6094379124341003,3.8066624897703196
14525.0,8,3810.64,63,0,At Risk Customers,476.33,64,0.125,476.33,2.1972245773362196,4.1588830833596715
14526.0,1,258.65,24,0,At Risk Customers,258.65,25,0.04,10.346,0.6931471805599453,3.2188758248682006
14531.0,1,376.34,114,0,At Risk Customers,376.34,115,0.008695652173913044,3.2725217391304344,0.6931471805599453,4.74493212836325
14532.0,7,2912.93,46,0,At Risk Customers,416.1328571428571,47,0.14893617021276595,433.8406382978723,2.0794415416798357,3.8501476017100584
14533.0,4,1516.65,42,0,At Risk Customers,379.1625,43,0.09302325581395349,141.08372093023257,1.6094379124341003,3.7612001156935624
14534.0,8,1790.36,32,0,At Risk Customers,223.795,33,0.24242424242424243,434.02666666666664,2.1972245773362196,3.4965075614664802
14535.0,6,3118.39,30,0,At Risk Customers,519.7316666666667,31,0.1935483870967742,603.5593548387097,1.9459101490553132,3.4339872044851463
14537.0,1,285.84000000000003,258,1,Active Customers,285.84000000000003,259,0.003861003861003861,1.1036293436293438,0.6931471805599453,5.556828061699537
14538.0,3,982.59,165,1,Active Customers,327.53000000000003,166,0.018072289156626505,17.75765060240964,1.3862943611198906,5.111987788356544
14541.0,6,1038.03,51,0,At Risk Customers,173.005,52,0.11538461538461539,119.77269230769231,1.9459101490553132,3.9512437185814275
14544.0,1,934.23,105,0,At Risk Customers,934.23,106,0.009433962264150943,8.813490566037736,0.6931471805599453,4.663439094112067
14545.0,1,349.25,309,1,Active Customers,349.25,310,0.0032258064516129032,1.1266129032258065,0.6931471805599453,5.736572297479192
14548.0,7,1888.49,119,0,At Risk Customers,269.7842857142857,120,0.058333333333333334,110.16191666666667,2.0794415416798357,4.787491742782046
14549.0,3,624.36,55,0,At Risk Customers,208.12,56,0.05357142857142857,33.44785714285714,1.3862943611198906,4.02535169073515
14550.0,2,587.69,23,0,At Risk Customers,293.845,24,0.08333333333333333,48.97416666666667,1.0986122886681096,3.1780538303479458
14551.0,5,691.86,46,0,At Risk Customers,138.372,47,0.10638297872340426,73.60212765957448,1.791759469228055,3.8501476017100584
14552.0,2,343.71,15,0,At Risk Customers,171.855,16,0.125,42.96375,1.0986122886681096,2.772588722239781
14553.0,4,959.33,46,0,At Risk Customers,239.8325,47,0.0851063829787234,81.64510638297872,1.6094379124341003,3.8501476017100584
14555.0,4,1991.49,16,0,At Risk Customers,497.8725,17,0.23529411764705882,468.58588235294116,1.6094379124341003,2.833213344056216
14556.0,3,815.69,231,1,Active Customers,271.8966666666667,232,0.01293103448275862,10.54771551724138,1.3862943611198906,5.44673737166631
14558.0,3,655.5,289,1,Active Customers,218.5,290,0.010344827586206896,6.781034482758621,1.3862943611198906,5.66988092298052
14559.0,1,75.6,25,0,At Risk Customers,75.6,26,0.038461538461538464,2.9076923076923076,0.6931471805599453,3.258096538021482
14562.0,8,1631.38,25,0,At Risk Customers,203.9225,26,0.3076923076923077,501.963076923077,2.1972245773362196,3.258096538021482
14563.0,2,640.54,144,1,Active Customers,320.27,145,0.013793103448275862,8.835034482758621,1.0986122886681096,4.976733742420574
14564.0,2,2605.62,69,0,At Risk Customers,1302.81,70,0.02857142857142857,74.44628571428571,1.0986122886681096,4.248495242049359
14565.0,1,760.1,108,0,At Risk Customers,760.1,109,0.009174311926605505,6.973394495412845,0.6931471805599453,4.6913478822291435
14566.0,3,2660.0,52,0,At Risk Customers,886.6666666666666,53,0.05660377358490566,150.56603773584905,1.3862943611198906,3.970291913552122
14568.0,1,919.7,70,0,At Risk Customers,919.7,71,0.014084507042253521,12.953521126760565,0.6931471805599453,4.2626798770413155
14569.0,3,369.94,87,0,At Risk Customers,123.31333333333333,88,0.03409090909090909,12.611590909090909,1.3862943611198906,4.477336814478207
14570.0,1,395.69,78,0,At Risk Customers,395.69,79,0.012658227848101266,5.00873417721519,0.6931471805599453,4.3694478524670215
14571.0,1,160.0,60,0,At Risk Customers,160.0,61,0.01639344262295082,2.6229508196721314,0.6931471805599453,4.110873864173311
14572.0,4,2722.34,52,0,At Risk Customers,680.585,53,0.07547169811320754,205.45962264150944,1.6094379124341003,3.970291913552122
14573.0,5,925.3,7,0,At Risk Customers,185.06,8,0.625,578.3125,1.791759469228055,2.0794415416798357
14574.0,1,143.70000000000002,367,1,Active Customers,143.70000000000002,368,0.002717391304347826,0.39048913043478267,0.6931471805599453,5.908082938168931
14575.0,1,420.22,123,0,At Risk Customers,420.22,124,0.008064516129032258,3.3888709677419357,0.6931471805599453,4.820281565605037
14576.0,1,35.400000000000006,7,0,At Risk Customers,35.400000000000006,8,0.125,4.425000000000001,0.6931471805599453,2.0794415416798357
14577.0,3,504.44,29,0,At Risk Customers,168.14666666666668,30,0.1,50.44400000000001,1.3862943611198906,3.4011973816621555
14579.0,1,105.56,67,0,At Risk Customers,105.56,68,0.014705882352941176,1.5523529411764705,0.6931471805599453,4.219507705176107
14580.0,1,14.850000000000001,153,1,Active Customers,14.850000000000001,154,0.006493506493506494,0.09642857142857145,0.6931471805599453,5.0369526024136295
14581.0,1,271.05,179,1,Active Customers,271.05,180,0.005555555555555556,1.5058333333333334,0.6931471805599453,5.19295685089021
14583.0,3,673.33,18,0,At Risk Customers,224.44333333333336,19,0.15789473684210525,106.31526315789473,1.3862943611198906,2.9444389791664403
14584.0,4,705.1,56,0,At Risk Customers,176.275,57,0.07017543859649122,49.48070175438596,1.6094379124341003,4.04305126783455
14585.0,4,986.22,17,0,At Risk Customers,246.555,18,0.2222222222222222,219.16,1.6094379124341003,2.8903717578961645
14588.0,1,135.39,213,1,Active Customers,135.39,214,0.004672897196261682,0.632663551401869,0.6931471805599453,5.365976015021851
14589.0,1,39.75,6,0,At Risk Customers,39.75,7,0.14285714285714285,5.678571428571428,0.6931471805599453,1.9459101490553132
14594.0,1,255.0,8,0,At Risk Customers,255.0,9,0.1111111111111111,28.333333333333332,0.6931471805599453,2.1972245773362196
14595.0,2,423.85,88,0,At Risk Customers,211.925,89,0.02247191011235955,9.524719101123596,1.0986122886681096,4.48863636973214
14596.0,1,222.22000000000003,261,1,Active Customers,222.22000000000003,262,0.003816793893129771,0.8481679389312978,0.6931471805599453,5.568344503761097
14597.0,4,1318.3899999999999,14,0,At Risk Customers,329.59749999999997,15,0.26666666666666666,351.5706666666666,1.6094379124341003,2.70805020110221
14598.0,1,162.07,204,1,Active Customers,162.07,205,0.004878048780487805,0.7905853658536585,0.6931471805599453,5.3230099791384085
14599.0,2,457.89,25,0,At Risk Customers,228.945,26,0.07692307692307693,35.222307692307695,1.0986122886681096,3.258096538021482
14600.0,1,471.84000000000003,28,0,At Risk Customers,471.84000000000003,29,0.034482758620689655,16.270344827586207,0.6931471805599453,3.367295829986474
14602.0,1,205.35999999999999,291,1,Active Customers,205.35999999999999,292,0.003424657534246575,0.7032876712328766,0.6931471805599453,5.676753802268282
14604.0,1,143.85999999999999,268,1,Active Customers,143.85999999999999,269,0.0037174721189591076,0.5347955390334572,0.6931471805599453,5.594711379601839
14605.0,4,921.5600000000001,9,0,At Risk Customers,230.39000000000001,10,0.4,368.624,1.6094379124341003,2.302585092994046
14607.0,8,7553.63,102,0,At Risk Customers,944.20375,103,0.07766990291262135,586.6897087378641,2.1972245773362196,4.634728988229636
14608.0,7,1567.79,14,0,At Risk Customers,223.97,15,0.4666666666666667,731.6353333333333,2.0794415416798357,2.70805020110221
14609.0,6,884.64,25,0,At Risk Customers,147.44,26,0.23076923076923078,204.14769230769232,1.9459101490553132,3.258096538021482
14610.0,2,24.35,30,0,At Risk Customers,12.175,31,0.06451612903225806,1.570967741935484,1.0986122886681096,3.4339872044851463
14611.0,2,604.3299999999999,78,0,At Risk Customers,302.16499999999996,79,0.02531645569620253,15.299493670886074,1.0986122886681096,4.3694478524670215
14612.0,1,877.7,50,0,At Risk Customers,877.7,51,0.0196078431372549,17.20980392156863,0.6931471805599453,3.9318256327243257
14613.0,1,76.32000000000001,315,1,Active Customers,76.32000000000001,316,0.0031645569620253164,0.24151898734177218,0.6931471805599453,5.755742213586912
14614.0,1,295.13,21,0,At Risk Customers,295.13,22,0.045454545454545456,13.415000000000001,0.6931471805599453,3.091042453358316
14615.0,5,951.76,29,0,At Risk Customers,190.352,30,0.16666666666666666,158.62666666666667,1.791759469228055,3.4011973816621555
14616.0,2,121.7,20,0,At Risk Customers,60.85,21,0.09523809523809523,11.59047619047619,1.0986122886681096,3.044522437723423
14617.0,2,190.47000000000003,37,0,At Risk Customers,95.23500000000001,38,0.05263157894736842,10.024736842105265,1.0986122886681096,3.6375861597263857
14618.0,4,788.88,11,0,At Risk Customers,197.22,12,0.3333333333333333,262.96,1.6094379124341003,2.4849066497880004
14619.0,1,896.8000000000001,176,1,Active Customers,896.8000000000001,177,0.005649717514124294,5.066666666666667,0.6931471805599453,5.176149732573829
14621.0,4,1212.21,146,1,Active Customers,303.0525,147,0.027210884353741496,32.98530612244898,1.6094379124341003,4.990432586778736
14623.0,5,1130.28,15,0,At Risk Customers,226.05599999999998,16,0.3125,353.2125,1.791759469228055,2.772588722239781
14624.0,4,588.22,50,0,At Risk Customers,147.055,51,0.0784313725490196,46.13490196078431,1.6094379124341003,3.9318256327243257
14626.0,7,2619.65,30,0,At Risk Customers,374.2357142857143,31,0.22580645161290322,591.5338709677419,2.0794415416798357,3.4339872044851463
14627.0,1,462.75,14,0,At Risk Customers,462.75,15,0.06666666666666667,30.849999999999998,0.6931471805599453,2.70805020110221
14628.0,3,1326.04,77,0,At Risk Customers,442.0133333333333,78,0.038461538461538464,51.001538461538466,1.3862943611198906,4.356708826689592
14630.0,1,338.65,119,0,At Risk Customers,338.65,120,0.008333333333333333,2.822083333333333,0.6931471805599453,4.787491742782046
14631.0,3,1018.71,21,0,At Risk Customers,339.57,22,0.13636363636363635,138.915,1.3862943611198906,3.091042453358316
14634.0,4,2124.46,72,0,At Risk Customers,531.115,73,0.0547945205479452,116.40876712328766,1.6094379124341003,4.290459441148391
14635.0,1,215.22,88,0,At Risk Customers,215.22,89,0.011235955056179775,2.418202247191011,0.6931471805599453,4.48863636973214
14637.0,1,106.67999999999999,312,1,Active Customers,106.67999999999999,313,0.003194888178913738,0.34083067092651753,0.6931471805599453,5.746203190540153
14639.0,3,1994.47,43,0,At Risk Customers,664.8233333333334,44,0.06818181818181818,135.98659090909092,1.3862943611198906,3.784189633918261
14640.0,4,1541.98,44,0,At Risk Customers,385.495,45,0.08888888888888889,137.0648888888889,1.6094379124341003,3.8066624897703196
14643.0,3,986.08,252,1,Active Customers,328.6933333333333,253,0.011857707509881422,11.692648221343871,1.3862943611198906,5.53338948872752
14644.0,5,1416.96,49,0,At Risk Customers,283.392,50,0.1,141.696,1.791759469228055,3.912023005428146
14645.0,1,279.8,269,1,Active Customers,279.8,270,0.003703703703703704,1.0362962962962963,0.6931471805599453,5.598421958998375
14647.0,1,270.0,158,1,Active Customers,270.0,159,0.006289308176100629,1.6981132075471699,0.6931471805599453,5.0689042022202315
14649.0,5,2248.6,17,0,At Risk Customers,449.71999999999997,18,0.2777777777777778,624.6111111111111,1.791759469228055,2.8903717578961645
14650.0,1,62.5,223,1,Active Customers,62.5,224,0.004464285714285714,0.27901785714285715,0.6931471805599453,5.4116460518550396
14651.0,7,1371.77,29,0,At Risk Customers,195.96714285714285,30,0.23333333333333334,320.07966666666664,2.0794415416798357,3.4011973816621555
14653.0,5,1666.41,148,1,Active Customers,333.28200000000004,149,0.03355704697986577,55.91979865771813,1.791759469228055,5.003946305945459
14654.0,1,246.86,373,1,Active Customers,246.86,374,0.00267379679144385,0.6600534759358289,0.6931471805599453,5.924255797414532
14655.0,3,1946.28,23,0,At Risk Customers,648.76,24,0.125,243.285,1.3862943611198906,3.1780538303479458
14656.0,3,498.95,50,0,At Risk Customers,166.31666666666666,51,0.058823529411764705,29.349999999999998,1.3862943611198906,3.9318256327243257
14657.0,2,601.97,64,0,At Risk Customers,300.985,65,0.03076923076923077,18.52215384615385,1.0986122886681096,4.174387269895637
14662.0,3,635.06,62,0,At Risk Customers,211.68666666666664,63,0.047619047619047616,30.240952380952375,1.3862943611198906,4.143134726391533
14663.0,2,490.6,65,0,At Risk Customers,245.3,66,0.030303030303030304,14.866666666666667,1.0986122886681096,4.189654742026425
14665.0,2,913.95,62,0,At Risk Customers,456.975,63,0.031746031746031744,29.014285714285712,1.0986122886681096,4.143134726391533
14668.0,1,111.63,80,0,At Risk Customers,111.63,81,0.012345679012345678,1.3781481481481481,0.6931471805599453,4.394449154672439
14669.0,4,1957.54,268,1,Active Customers,489.385,269,0.01486988847583643,29.108401486988846,1.6094379124341003,5.594711379601839
14670.0,1,190.47,367,1,Active Customers,190.47,368,0.002717391304347826,0.5175815217391304,0.6931471805599453,5.908082938168931
14671.0,2,1127.45,184,1,Active Customers,563.725,185,0.010810810810810811,12.18864864864865,1.0986122886681096,5.220355825078325
14672.0,2,347.59,150,1,Active Customers,173.795,151,0.013245033112582781,4.603841059602649,1.0986122886681096,5.017279836814924
14674.0,1,173.66,144,1,Active Customers,173.66,145,0.006896551724137931,1.1976551724137932,0.6931471805599453,4.976733742420574
14675.0,1,419.22,23,0,At Risk Customers,419.22,24,0.041666666666666664,17.4675,0.6931471805599453,3.1780538303479458
14677.0,1,184.91,227,1,Active Customers,184.91,228,0.0043859649122807015,0.8110087719298245,0.6931471805599453,5.429345628954441
14678.0,1,403.39,214,1,Active Customers,403.39,215,0.004651162790697674,1.8762325581395347,0.6931471805599453,5.3706380281276624
14679.0,3,1289.44,16,0,At Risk Customers,429.81333333333333,17,0.17647058823529413,227.54823529411766,1.3862943611198906,2.833213344056216
14681.0,3,376.20000000000005,22,0,At Risk Customers,125.40000000000002,23,0.13043478260869565,49.06956521739131,1.3862943611198906,3.1354942159291497
14682.0,4,1462.81,63,0,At Risk Customers,365.7025,64,0.0625,91.425625,1.6094379124341003,4.1588830833596715
14683.0,1,146.56,223,1,Active Customers,146.56,224,0.004464285714285714,0.6542857142857142,0.6931471805599453,5.4116460518550396
14684.0,1,228.52,25,0,At Risk Customers,228.52,26,0.038461538461538464,8.78923076923077,0.6931471805599453,3.258096538021482
14685.0,8,4536.64,211,1,Active Customers,567.08,212,0.03773584905660377,171.19396226415094,2.1972245773362196,5.356586274672012
14686.0,5,852.53,49,0,At Risk Customers,170.506,50,0.1,85.253,1.791759469228055,3.912023005428146
14687.0,2,773.6800000000001,35,0,At Risk Customers,386.84000000000003,36,0.05555555555555555,42.98222222222223,1.0986122886681096,3.58351893845611
14690.0,2,422.63,27,0,At Risk Customers,211.315,28,0.07142857142857142,30.18785714285714,1.0986122886681096,3.332204510175204
14692.0,8,1123.59,15,0,At Risk Customers,140.44875,16,0.5,561.795,2.1972245773362196,2.772588722239781
14693.0,6,992.46,60,0,At Risk Customers,165.41,61,0.09836065573770492,97.61901639344262,1.9459101490553132,4.110873864173311
14694.0,1,244.31,252,1,Active Customers,244.31,253,0.003952569169960474,0.9656521739130435,0.6931471805599453,5.53338948872752
14695.0,3,1534.22,154,1,Active Customers,511.4066666666667,155,0.01935483870967742,29.69458064516129,1.3862943611198906,5.043425116919247
14696.0,2,688.95,8,0,At Risk Customers,344.475,9,0.2222222222222222,153.1,1.0986122886681096,2.1972245773362196
14699.0,3,593.47,70,0,At Risk Customers,197.82333333333335,71,0.04225352112676056,25.076197183098593,1.3862943611198906,4.2626798770413155
14700.0,2,880.96,50,0,At Risk Customers,440.48,51,0.0392156862745098,34.547450980392156,1.0986122886681096,3.9318256327243257
14701.0,6,1961.02,77,0,At Risk Customers,326.83666666666664,78,0.07692307692307693,150.8476923076923,1.9459101490553132,4.356708826689592
14704.0,2,258.96,59,0,At Risk Customers,129.48,60,0.03333333333333333,8.632,1.0986122886681096,4.0943445622221
14706.0,1,367.54,253,1,Active Customers,367.54,254,0.003937007874015748,1.4470078740157482,0.6931471805599453,5.537334267018537
14707.0,2,139.2,70,0,At Risk Customers,69.6,71,0.028169014084507043,3.92112676056338,1.0986122886681096,4.2626798770413155
14710.0,9,1300.31,14,0,At Risk Customers,144.4788888888889,15,0.6,780.1859999999999,2.302585092994046,2.70805020110221
14712.0,1,411.0,53,0,At Risk Customers,411.0,54,0.018518518518518517,7.611111111111111,0.6931471805599453,3.9889840465642745
14714.0,3,746.05,42,0,At Risk Customers,248.6833333333333,43,0.06976744186046512,52.05,1.3862943611198906,3.7612001156935624
14715.0,4,958.0699999999999,77,0,At Risk Customers,239.51749999999998,78,0.05128205128205128,49.13179487179487,1.6094379124341003,4.356708826689592
14716.0,1,235.77,79,0,At Risk Customers,235.77,80,0.0125,2.947125,0.6931471805599453,4.382026634673881
14717.0,1,81.3,368,1,Active Customers,81.3,369,0.0027100271002710027,0.2203252032520325,0.6931471805599453,5.910796644040527
14718.0,1,226.42,45,0,At Risk Customers,226.42,46,0.021739130434782608,4.922173913043478,0.6931471805599453,3.828641396489095
14721.0,1,109.07,14,0,At Risk Customers,109.07,15,0.06666666666666667,7.271333333333333,0.6931471805599453,2.70805020110221
14722.0,2,309.1,112,0,At Risk Customers,154.55,113,0.017699115044247787,5.470796460176992,1.0986122886681096,4.727387818712341
14724.0,1,341.9,225,1,Active Customers,341.9,226,0.004424778761061947,1.5128318584070795,0.6931471805599453,5.420534999272286
14725.0,3,597.16,29,0,At Risk Customers,199.0533333333333,30,0.1,59.716,1.3862943611198906,3.4011973816621555
14726.0,1,116.5,289,1,Active Customers,116.5,290,0.0034482758620689655,0.40172413793103445,0.6931471805599453,5.66988092298052
14727.0,2,195.15,181,1,Active Customers,97.575,182,0.01098901098901099,2.144505494505495,1.0986122886681096,5.204006687076795
14728.0,1,190.58,48,0,At Risk Customers,190.58,49,0.02040816326530612,3.8893877551020406,0.6931471805599453,3.8918202981106265
14729.0,3,586.24,8,0,At Risk Customers,195.41333333333333,9,0.3333333333333333,195.41333333333333,1.3862943611198906,2.1972245773362196
14734.0,4,1056.42,60,0,At Risk Customers,264.105,61,0.06557377049180328,69.27344262295082,1.6094379124341003,4.110873864173311
14736.0,2,374.05,120,0,At Risk Customers,187.025,121,0.01652892561983471,6.182644628099174,1.0986122886681096,4.795790545596741
14737.0,1,2389.62,35,0,At Risk Customers,2389.62,36,0.027777777777777776,66.37833333333333,0.6931471805599453,3.58351893845611
14738.0,2,507.45,195,1,Active Customers,253.725,196,0.01020408163265306,5.178061224489795,1.0986122886681096,5.278114659230518
14740.0,8,2712.85,44,0,At Risk Customers,339.10625,45,0.17777777777777778,482.28444444444443,2.1972245773362196,3.8066624897703196
14741.0,2,497.25,7,0,At Risk Customers,248.625,8,0.25,124.3125,1.0986122886681096,2.0794415416798357
14742.0,1,579.85,70,0,At Risk Customers,579.85,71,0.014084507042253521,8.166901408450705,0.6931471805599453,4.2626798770413155
14743.0,1,50.48,227,1,Active Customers,50.48,228,0.0043859649122807015,0.2214035087719298,0.6931471805599453,5.429345628954441
14745.0,7,1331.15,136,0,At Risk Customers,190.16428571428574,137,0.051094890510948905,68.01496350364964,2.0794415416798357,4.919980925828125
14746.0,4,593.5,41,0,At Risk Customers,148.375,42,0.09523809523809523,56.52380952380952,1.6094379124341003,3.7376696182833684
14749.0,1,310.15,114,0,At Risk Customers,310.15,115,0.008695652173913044,2.6969565217391303,0.6931471805599453,4.74493212836325
14750.0,1,112.03,371,1,Active Customers,112.03,372,0.002688172043010753,0.30115591397849467,0.6931471805599453,5.918893854273146
14751.0,2,126.45,319,1,Active Customers,63.225,320,0.00625,0.7903125000000001,1.0986122886681096,5.768320995793772
14753.0,1,306.36,95,0,At Risk Customers,306.36,96,0.010416666666666666,3.19125,0.6931471805599453,4.564348191467836
14754.0,4,909.88,60,0,At Risk Customers,227.47,61,0.06557377049180328,59.66426229508197,1.6094379124341003,4.110873864173311
14756.0,2,1914.8,17,0,At Risk Customers,957.4,18,0.1111111111111111,212.75555555555553,1.0986122886681096,2.8903717578961645
14758.0,3,1380.9099999999999,31,0,At Risk Customers,460.3033333333333,32,0.09375,129.4603125,1.3862943611198906,3.4657359027997265
14761.0,1,192.02,79,0,At Risk Customers,192.02,80,0.0125,2.40025,0.6931471805599453,4.382026634673881
14762.0,1,117.05000000000001,261,1,Active Customers,117.05000000000001,262,0.003816793893129771,0.4467557251908397,0.6931471805599453,5.568344503761097
14767.0,1,382.81,109,0,At Risk Customers,382.81,110,0.00909090909090909,3.480090909090909,0.6931471805599453,4.700480365792417
14770.0,6,2761.2200000000003,102,0,At Risk Customers,460.2033333333334,103,0.05825242718446602,160.8477669902913,1.9459101490553132,4.634728988229636
14771.0,2,594.62,256,1,Active Customers,297.31,257,0.007782101167315175,4.6273929961089495,1.0986122886681096,5.54907608489522
14773.0,1,140.55,227,1,Active Customers,140.55,228,0.0043859649122807015,0.6164473684210526,0.6931471805599453,5.429345628954441
14774.0,1,241.45,163,1,Active Customers,241.45,164,0.006097560975609756,1.4722560975609755,0.6931471805599453,5.099866427824199
14775.0,1,406.56,7,0,At Risk Customers,406.56,8,0.125,50.82,0.6931471805599453,2.0794415416798357
14776.0,4,1170.0,22,0,At Risk Customers,292.5,23,0.17391304347826086,203.47826086956522,1.6094379124341003,3.1354942159291497
14777.0,1,307.56,38,0,At Risk Customers,307.56,39,0.02564102564102564,7.886153846153846,0.6931471805599453,3.6635616461296463
14783.0,1,307.3,294,1,Active Customers,307.3,295,0.003389830508474576,1.0416949152542372,0.6931471805599453,5.68697535633982
14784.0,1,159.94,24,0,At Risk Customers,159.94,25,0.04,6.3976,0.6931471805599453,3.2188758248682006
14786.0,1,90.96,185,1,Active Customers,90.96,186,0.005376344086021506,0.4890322580645161,0.6931471805599453,5.225746673713202
14787.0,1,110.65,106,0,At Risk Customers,110.65,107,0.009345794392523364,1.0341121495327104,0.6931471805599453,4.672828834461906
14788.0,1,476.88,231,1,Active Customers,476.88,232,0.004310344827586207,2.0555172413793104,0.6931471805599453,5.44673737166631
14791.0,1,303.63,241,1,Active Customers,303.63,242,0.004132231404958678,1.2546694214876033,0.6931471805599453,5.488937726156687
14793.0,1,396.91,170,1,Active Customers,396.91,171,0.005847953216374269,2.321111111111111,0.6931471805599453,5.14166355650266
14794.0,3,633.99,37,0,At Risk Customers,211.33,38,0.07894736842105263,50.051842105263155,1.3862943611198906,3.6375861597263857
14797.0,1,300.31,142,1,Active Customers,300.31,143,0.006993006993006993,2.10006993006993,0.6931471805599453,4.962844630259907
14798.0,5,550.5699999999999,16,0,At Risk Customers,110.11399999999999,17,0.29411764705882354,161.93235294117645,1.791759469228055,2.833213344056216
14799.0,1,180.45,372,1,Active Customers,180.45,373,0.002680965147453083,0.4837801608579088,0.6931471805599453,5.921578419643816
14802.0,2,1502.98,73,0,At Risk Customers,751.49,74,0.02702702702702703,40.62108108108109,1.0986122886681096,4.304065093204169
14805.0,3,536.15,39,0,At Risk Customers,178.71666666666667,40,0.075,40.21125,1.3862943611198906,3.6888794541139363
14806.0,1,110.03999999999999,74,0,At Risk Customers,110.03999999999999,75,0.013333333333333334,1.4672,0.6931471805599453,4.31748811353631
14807.0,2,504.14,25,0,At Risk Customers,252.07,26,0.07692307692307693,38.78,1.0986122886681096,3.258096538021482
14809.0,2,686.76,256,1,Active Customers,343.38,257,0.007782101167315175,5.34443579766537,1.0986122886681096,5.54907608489522
14810.0,3,446.59,4,0,At Risk Customers,148.86333333333332,5,0.6,267.95399999999995,1.3862943611198906,1.6094379124341003
14811.0,1,170.5,22,0,At Risk Customers,170.5,23,0.043478260869565216,7.413043478260869,0.6931471805599453,3.1354942159291497
14812.0,1,178.85,233,1,Active Customers,178.85,234,0.004273504273504274,0.7643162393162394,0.6931471805599453,5.455321115357702
14813.0,4,888.91,4,0,At Risk Customers,222.2275,5,0.8,711.128,1.6094379124341003,1.6094379124341003
14814.0,1,154.21,216,1,Active Customers,154.21,217,0.004608294930875576,0.7106451612903226,0.6931471805599453,5.37989735354046
14817.0,5,2849.52,30,0,At Risk Customers,569.904,31,0.16129032258064516,459.59999999999997,1.791759469228055,3.4339872044851463
14818.0,3,495.76,93,0,At Risk Customers,165.25333333333333,94,0.031914893617021274,15.822127659574466,1.3862943611198906,4.543294782270004
14819.0,2,184.34,129,0,At Risk Customers,92.17,130,0.015384615384615385,2.8360000000000003,1.0986122886681096,4.867534450455582
14820.0,5,767.47,15,0,At Risk Customers,153.494,16,0.3125,239.83437500000002,1.791759469228055,2.772588722239781
14822.0,1,157.70000000000002,120,0,At Risk Customers,157.70000000000002,121,0.008264462809917356,1.303305785123967,0.6931471805599453,4.795790545596741
14826.0,2,385.2,216,1,Active Customers,192.6,217,0.009216589861751152,3.5502304147465438,1.0986122886681096,5.37989735354046
14829.0,4,995.29,7,0,At Risk Customers,248.8225,8,0.5,497.645,1.6094379124341003,2.0794415416798357
14831.0,3,1676.57,315,1,Active Customers,558.8566666666667,316,0.00949367088607595,15.916803797468356,1.3862943611198906,5.755742213586912
14832.0,1,322.69,265,1,Active Customers,322.69,266,0.0037593984962406013,1.2131203007518796,0.6931471805599453,5.583496308781699
14833.0,1,94.8,133,0,At Risk Customers,94.8,134,0.007462686567164179,0.7074626865671642,0.6931471805599453,4.897839799950911
14834.0,1,485.86,42,0,At Risk Customers,485.86,43,0.023255813953488372,11.29906976744186,0.6931471805599453,3.7612001156935624
14835.0,2,297.0,163,1,Active Customers,148.5,164,0.012195121951219513,3.6219512195121952,1.0986122886681096,5.099866427824199
14837.0,5,1810.82,77,0,At Risk Customers,362.164,78,0.0641025641025641,116.07820512820511,1.791759469228055,4.356708826689592
14838.0,2,769.9200000000001,58,0,At Risk Customers,384.96000000000004,59,0.03389830508474576,26.09898305084746,1.0986122886681096,4.07753744390572
14839.0,3,915.28,53,0,At Risk Customers,305.0933333333333,54,0.05555555555555555,50.84888888888889,1.3862943611198906,3.9889840465642745
14840.0,1,299.86,174,1,Active Customers,299.86,175,0.005714285714285714,1.7134857142857143,0.6931471805599453,5.1647859739235145
14843.0,1,211.79999999999998,71,0,At Risk Customers,211.79999999999998,72,0.013888888888888888,2.9416666666666664,0.6931471805599453,4.276666119016055
14844.0,6,3512.62,65,0,At Risk Customers,585.4366666666666,66,0.09090909090909091,319.3290909090909,1.9459101490553132,4.189654742026425
14845.0,1,150.0,234,1,Active Customers,150.0,235,0.00425531914893617,0.6382978723404256,0.6931471805599453,5.459585514144159
14846.0,1,437.4,62,0,At Risk Customers,437.4,63,0.015873015873015872,6.942857142857142,0.6931471805599453,4.143134726391533
14847.0,2,1039.55,42,0,At Risk Customers,519.775,43,0.046511627906976744,48.35116279069767,1.0986122886681096,3.7612001156935624
14848.0,1,310.56,39,0,At Risk Customers,310.56,40,0.025,7.764,0.6931471805599453,3.6888794541139363
14850.0,6,1445.21,52,0,At Risk Customers,240.86833333333334,53,0.11320754716981132,163.608679245283,1.9459101490553132,3.970291913552122
14851.0,1,318.06,265,1,Active Customers,318.06,266,0.0037593984962406013,1.1957142857142857,0.6931471805599453,5.583496308781699
14852.0,12,3295.7400000000002,59,0,At Risk Customers,274.64500000000004,60,0.2,659.1480000000001,2.5649493574615367,4.0943445622221
14853.0,3,901.0699999999999,58,0,At Risk Customers,300.3566666666666,59,0.05084745762711865,45.8171186440678,1.3862943611198906,4.07753744390572
14854.0,4,1563.03,25,0,At Risk Customers,390.7575,26,0.15384615384615385,240.46615384615384,1.6094379124341003,3.258096538021482
14855.0,5,5874.65,109,0,At Risk Customers,1174.9299999999998,110,0.045454545454545456,267.0295454545454,1.791759469228055,4.700480365792417
14857.0,5,2478.731,77,0,At Risk Customers,495.74620000000004,78,0.0641025641025641,158.8930128205128,1.791759469228055,4.356708826689592
14858.0,1,180.75,140,1,Active Customers,180.75,141,0.0070921985815602835,1.2819148936170213,0.6931471805599453,4.948759890378168
14859.0,1,351.9,189,1,Active Customers,351.9,190,0.005263157894736842,1.8521052631578945,0.6931471805599453,5.247024072160486
14861.0,9,1254.94,15,0,At Risk Customers,139.4377777777778,16,0.5625,705.9037500000001,2.302585092994046,2.772588722239781
14865.0,3,77.52000000000001,7,0,At Risk Customers,25.840000000000003,8,0.375,29.070000000000004,1.3862943611198906,2.0794415416798357
14868.0,4,1230.42,15,0,At Risk Customers,307.605,16,0.25,307.605,1.6094379124341003,2.772588722239781
14869.0,4,2056.69,23,0,At Risk Customers,514.1725,24,0.16666666666666666,342.78166666666664,1.6094379124341003,3.1780538303479458
14870.0,5,1511.7,48,0,At Risk Customers,302.34000000000003,49,0.10204081632653061,154.25510204081635,1.791759469228055,3.8918202981106265
14871.0,5,726.89,128,0,At Risk Customers,145.378,129,0.03875968992248062,28.174031007751932,1.791759469228055,4.859812404361672
14872.0,3,816.6,118,0,At Risk Customers,272.2,119,0.025210084033613446,20.586554621848737,1.3862943611198906,4.77912349311153
14873.0,1,334.45,268,1,Active Customers,334.45,269,0.0037174721189591076,1.2433085501858736,0.6931471805599453,5.594711379601839
14874.0,1,116.18,170,1,Active Customers,116.18,171,0.005847953216374269,0.6794152046783626,0.6931471805599453,5.14166355650266
14875.0,1,1397.08,76,0,At Risk Customers,1397.08,77,0.012987012987012988,18.143896103896104,0.6931471805599453,4.343805421853684
14876.0,2,256.7,156,1,Active Customers,128.35,157,0.012738853503184714,3.270063694267516,1.0986122886681096,5.056245805348308
14877.0,2,425.85,53,0,At Risk Customers,212.925,54,0.037037037037037035,15.772222222222222,1.0986122886681096,3.9889840465642745
14879.0,1,185.06,319,1,Active Customers,185.06,320,0.003125,0.5783125,0.6931471805599453,5.768320995793772
14884.0,1,120.6,304,1,Active Customers,120.6,305,0.003278688524590164,0.3954098360655737,0.6931471805599453,5.720311776607412
14885.0,2,832.8,62,0,At Risk Customers,416.4,63,0.031746031746031744,26.438095238095237,1.0986122886681096,4.143134726391533
14890.0,2,691.6,253,1,Active Customers,345.8,254,0.007874015748031496,5.445669291338583,1.0986122886681096,5.537334267018537
14891.0,2,552.35,51,0,At Risk Customers,276.175,52,0.038461538461538464,21.24423076923077,1.0986122886681096,3.9512437185814275
14892.0,1,202.35000000000002,325,1,Active Customers,202.35000000000002,326,0.003067484662576687,0.6207055214723928,0.6931471805599453,5.786897381366708
14893.0,1,571.76,252,1,Active Customers,571.76,253,0.003952569169960474,2.2599209486166005,0.6931471805599453,5.53338948872752
14894.0,2,837.0600000000001,78,0,At Risk Customers,418.53000000000003,79,0.02531645569620253,21.191392405063294,1.0986122886681096,4.3694478524670215
14897.0,4,1774.16,44,0,At Risk Customers,443.54,45,0.08888888888888889,157.70311111111113,1.6094379124341003,3.8066624897703196
14899.0,1,1331.38,30,0,At Risk Customers,1331.38,31,0.03225806451612903,42.947741935483876,0.6931471805599453,3.4339872044851463
14900.0,1,13.919999999999998,157,1,Active Customers,13.919999999999998,158,0.006329113924050633,0.0881012658227848,0.6931471805599453,5.062595033026967
14902.0,2,702.96,30,0,At Risk Customers,351.48,31,0.06451612903225806,45.35225806451613,1.0986122886681096,3.4339872044851463
14904.0,2,605.05,43,0,At Risk Customers,302.525,44,0.045454545454545456,27.502272727272725,1.0986122886681096,3.784189633918261
14906.0,1,68.44,80,0,At Risk Customers,68.44,81,0.012345679012345678,0.8449382716049382,0.6931471805599453,4.394449154672439
14908.0,1,104.10000000000001,98,0,At Risk Customers,104.10000000000001,99,0.010101010101010102,1.0515151515151517,0.6931471805599453,4.59511985013459
14909.0,3,1404.68,72,0,At Risk Customers,468.2266666666667,73,0.0410958904109589,57.72657534246575,1.3862943611198906,4.290459441148391
14912.0,4,1021.4,36,0,At Risk Customers,255.35,37,0.10810810810810811,110.42162162162163,1.6094379124341003,3.6109179126442243
14913.0,4,2845.7,23,0,At Risk Customers,711.425,24,0.16666666666666666,474.2833333333333,1.6094379124341003,3.1780538303479458
14916.0,4,1773.97,66,0,At Risk Customers,443.4925,67,0.05970149253731343,105.90865671641791,1.6094379124341003,4.204692619390966
14917.0,2,1123.75,231,1,Active Customers,561.875,232,0.008620689655172414,9.6875,1.0986122886681096,5.44673737166631
14918.0,7,4345.66,39,0,At Risk Customers,620.8085714285714,40,0.175,760.4904999999999,2.0794415416798357,3.6888794541139363
14919.0,1,359.35,174,1,Active Customers,359.35,175,0.005714285714285714,2.0534285714285714,0.6931471805599453,5.1647859739235145
14920.0,1,629.4,200,1,Active Customers,629.4,201,0.004975124378109453,3.1313432835820896,0.6931471805599453,5.303304908059076
14922.0,2,843.74,28,0,At Risk Customers,421.87,29,0.06896551724137931,58.18896551724138,1.0986122886681096,3.367295829986474
14924.0,2,620.96,245,1,Active Customers,310.48,246,0.008130081300813009,5.048455284552847,1.0986122886681096,5.5053315359323625
14926.0,2,359.4,16,0,At Risk Customers,179.7,17,0.11764705882352941,42.28235294117647,1.0986122886681096,2.833213344056216
14927.0,1,308.2,31,0,At Risk Customers,308.2,32,0.03125,9.63125,0.6931471805599453,3.4657359027997265
14928.0,1,223.91000000000003,262,1,Active Customers,223.91000000000003,263,0.0038022813688212928,0.8513688212927758,0.6931471805599453,5.572154032177765
14929.0,1,612.8100000000001,56,0,At Risk Customers,612.8100000000001,57,0.017543859649122806,10.751052631578947,0.6931471805599453,4.04305126783455
14930.0,3,2873.77,105,0,At Risk Customers,957.9233333333333,106,0.02830188679245283,81.33311320754717,1.3862943611198906,4.663439094112067
14933.0,4,1770.0,78,0,At Risk Customers,442.5,79,0.05063291139240506,89.62025316455696,1.6094379124341003,4.3694478524670215
14934.0,3,1612.56,13,0,At Risk Customers,537.52,14,0.21428571428571427,345.5485714285714,1.3862943611198906,2.639057329615259
14935.0,1,1065.12,254,1,Active Customers,1065.12,255,0.00392156862745098,4.176941176470588,0.6931471805599453,5.541263545158426
14936.0,4,4273.79,25,0,At Risk Customers,1068.4475,26,0.15384615384615385,657.5061538461539,1.6094379124341003,3.258096538021482
14938.0,2,2322.43,197,1,Active Customers,1161.215,198,0.010101010101010102,23.45888888888889,1.0986122886681096,5.288267030694535
14940.0,2,531.49,52,0,At Risk Customers,265.745,53,0.03773584905660377,20.05622641509434,1.0986122886681096,3.970291913552122
14941.0,1,182.1,213,1,Active Customers,182.1,214,0.004672897196261682,0.8509345794392522,0.6931471805599453,5.365976015021851
14942.0,4,746.56,36,0,At Risk Customers,186.64,37,0.10810810810810811,80.70918918918919,1.6094379124341003,3.6109179126442243
14943.0,1,107.62,298,1,Active Customers,107.62,299,0.0033444816053511705,0.359933110367893,0.6931471805599453,5.700443573390686
14945.0,1,179.4,48,0,At Risk Customers,179.4,49,0.02040816326530612,3.6612244897959183,0.6931471805599453,3.8918202981106265
14947.0,4,758.97,23,0,At Risk Customers,189.7425,24,0.16666666666666666,126.495,1.6094379124341003,3.1780538303479458
14949.0,4,515.0,104,0,At Risk Customers,128.75,105,0.0380952380952381,19.61904761904762,1.6094379124341003,4.653960350157523
14953.0,3,685.65,53,0,At Risk Customers,228.54999999999998,54,0.05555555555555555,38.09166666666666,1.3862943611198906,3.9889840465642745
14954.0,1,167.27,338,1,Active Customers,167.27,339,0.0029498525073746312,0.49342182890855457,0.6931471805599453,5.82600010738045
14955.0,1,163.77,367,1,Active Customers,163.77,368,0.002717391304347826,0.4450271739130435,0.6931471805599453,5.908082938168931
14956.0,1,1325.0,56,0,At Risk Customers,1325.0,57,0.017543859649122806,23.24561403508772,0.6931471805599453,4.04305126783455
14957.0,1,203.2,279,1,Active Customers,203.2,280,0.0035714285714285713,0.7257142857142856,0.6931471805599453,5.634789603169249
14958.0,3,458.26,230,1,Active Customers,152.75333333333333,231,0.012987012987012988,5.951428571428572,1.3862943611198906,5.442417710521793
14962.0,3,240.21000000000004,174,1,Active Customers,80.07000000000001,175,0.017142857142857144,4.117885714285715,1.3862943611198906,5.1647859739235145
14963.0,7,1651.23,14,0,At Risk Customers,235.89000000000001,15,0.4666666666666667,770.5740000000001,2.0794415416798357,2.70805020110221
14966.0,5,881.24,22,0,At Risk Customers,176.248,23,0.21739130434782608,191.57391304347826,1.791759469228055,3.1354942159291497
14967.0,5,1518.81,76,0,At Risk Customers,303.762,77,0.06493506493506493,98.62402597402595,1.791759469228055,4.343805421853684
14968.0,1,353.65,93,0,At Risk Customers,353.65,94,0.010638297872340425,3.762234042553191,0.6931471805599453,4.543294782270004
14969.0,1,906.23,338,1,Active Customers,906.23,339,0.0029498525073746312,2.673244837758112,0.6931471805599453,5.82600010738045
14970.0,8,3327.29,44,0,At Risk Customers,415.91125,45,0.17777777777777778,591.5182222222222,2.1972245773362196,3.8066624897703196
14972.0,1,30.300000000000004,16,0,At Risk Customers,30.300000000000004,17,0.058823529411764705,1.782352941176471,0.6931471805599453,2.833213344056216
14975.0,1,192.45,56,0,At Risk Customers,192.45,57,0.017543859649122806,3.3763157894736837,0.6931471805599453,4.04305126783455
14977.0,1,31.929999999999996,360,1,Active Customers,31.929999999999996,361,0.002770083102493075,0.08844875346260386,0.6931471805599453,5.8888779583328805
14978.0,5,1190.82,65,0,At Risk Customers,238.164,66,0.07575757575757576,90.21363636363637,1.791759469228055,4.189654742026425
14979.0,1,429.66,370,1,Active Customers,429.66,371,0.0026954177897574125,1.1581132075471698,0.6931471805599453,5.916202062607435
14980.0,1,150.68,372,1,Active Customers,150.68,373,0.002680965147453083,0.4039678284182306,0.6931471805599453,5.921578419643816
14981.0,1,270.8,58,0,At Risk Customers,270.8,59,0.01694915254237288,4.589830508474576,0.6931471805599453,4.07753744390572
14982.0,1,237.78,207,1,Active Customers,237.78,208,0.004807692307692308,1.143173076923077,0.6931471805599453,5.337538079701318
14983.0,1,183.20000000000002,324,1,Active Customers,183.20000000000002,325,0.003076923076923077,0.5636923076923077,0.6931471805599453,5.783825182329737
14984.0,4,1058.1399999999999,23,0,At Risk Customers,264.53499999999997,24,0.16666666666666666,176.35666666666663,1.6094379124341003,3.1780538303479458
14986.0,2,563.1,11,0,At Risk Customers,281.55,12,0.16666666666666666,93.85,1.0986122886681096,2.4849066497880004
14988.0,6,1704.11,15,0,At Risk Customers,284.0183333333333,16,0.375,639.04125,1.9459101490553132,2.772588722239781
14989.0,1,342.4,296,1,Active Customers,342.4,297,0.003367003367003367,1.1528619528619528,0.6931471805599453,5.6937321388027
14990.0,2,304.17,247,1,Active Customers,152.085,248,0.008064516129032258,2.452983870967742,1.0986122886681096,5.5134287461649825
14991.0,1,314.67,65,0,At Risk Customers,314.67,66,0.015151515151515152,4.7677272727272735,0.6931471805599453,4.189654742026425
14992.0,1,210.5,77,0,At Risk Customers,210.5,78,0.01282051282051282,2.6987179487179485,0.6931471805599453,4.356708826689592
14993.0,1,36.13,198,1,Active Customers,36.13,199,0.005025125628140704,0.18155778894472363,0.6931471805599453,5.293304824724492
14994.0,5,946.72,17,0,At Risk Customers,189.344,18,0.2777777777777778,262.9777777777778,1.791759469228055,2.8903717578961645
14996.0,2,442.28999999999996,116,0,At Risk Customers,221.14499999999998,117,0.017094017094017096,7.5605128205128205,1.0986122886681096,4.762173934797756
14997.0,1,230.4,290,1,Active Customers,230.4,291,0.003436426116838488,0.7917525773195876,0.6931471805599453,5.673323267171493
14998.0,2,338.31,63,0,At Risk Customers,169.155,64,0.03125,10.5721875,1.0986122886681096,4.1588830833596715
14999.0,1,129.48000000000002,227,1,Active Customers,129.48000000000002,228,0.0043859649122807015,0.5678947368421053,0.6931471805599453,5.429345628954441
15001.0,2,199.10999999999999,29,0,At Risk Customers,99.55499999999999,30,0.06666666666666667,13.274,1.0986122886681096,3.4011973816621555
15003.0,6,1027.03,108,0,At Risk Customers,171.17166666666665,109,0.05504587155963303,56.53376146788991,1.9459101490553132,4.6913478822291435
15006.0,1,277.4,88,0,At Risk Customers,277.4,89,0.011235955056179775,3.1168539325842692,0.6931471805599453,4.48863636973214
15008.0,2,360.0,115,0,At Risk Customers,180.0,116,0.017241379310344827,6.206896551724138,1.0986122886681096,4.7535901911063645
15011.0,2,416.6,30,0,At Risk Customers,208.3,31,0.06451612903225806,26.87741935483871,1.0986122886681096,3.4339872044851463
15012.0,2,429.78,8,0,At Risk Customers,214.89,9,0.2222222222222222,95.50666666666666,1.0986122886681096,2.1972245773362196
15013.0,10,1610.82,122,0,At Risk Customers,161.082,123,0.08130081300813008,130.96097560975608,2.3978952727983707,4.812184355372417
15015.0,13,2354.97,136,0,At Risk Customers,181.15153846153845,137,0.0948905109489051,223.46430656934302,2.639057329615259,4.919980925828125
15016.0,4,450.85,28,0,At Risk Customers,112.7125,29,0.13793103448275862,62.186206896551724,1.6094379124341003,3.367295829986474
15018.0,1,111.25,2,0,At Risk Customers,111.25,3,0.3333333333333333,37.08333333333333,0.6931471805599453,1.0986122886681096
15020.0,1,198.47,14,0,At Risk Customers,198.47,15,0.06666666666666667,13.231333333333334,0.6931471805599453,2.70805020110221
15022.0,1,281.05,312,1,Active Customers,281.05,313,0.003194888178913738,0.8979233226837061,0.6931471805599453,5.746203190540153
15025.0,1,617.83,203,1,Active Customers,617.83,204,0.004901960784313725,3.0285784313725492,0.6931471805599453,5.318119993844216
15026.0,2,579.89,10,0,At Risk Customers,289.945,11,0.18181818181818182,105.43454545454546,1.0986122886681096,2.3978952727983707
15027.0,6,2129.45,30,0,At Risk Customers,354.9083333333333,31,0.1935483870967742,412.1516129032258,1.9459101490553132,3.4339872044851463
15028.0,3,521.78,3,0,At Risk Customers,173.92666666666665,4,0.75,391.335,1.3862943611198906,1.3862943611198906
15029.0,1,365.1,254,1,Active Customers,365.1,255,0.00392156862745098,1.431764705882353,0.6931471805599453,5.541263545158426
15030.0,6,1461.63,15,0,At Risk Customers,243.60500000000002,16,0.375,548.11125,1.9459101490553132,2.772588722239781
15037.0,2,397.76,11,0,At Risk Customers,198.88,12,0.16666666666666666,66.29333333333332,1.0986122886681096,2.4849066497880004
15038.0,4,579.67,4,0,At Risk Customers,144.9175,5,0.8,463.736,1.6094379124341003,1.6094379124341003
15040.0,1,7.49,176,1,Active Customers,7.49,177,0.005649717514124294,0.042316384180790964,0.6931471805599453,5.176149732573829
15041.0,1,109.47,79,0,At Risk Customers,109.47,80,0.0125,1.3683750000000001,0.6931471805599453,4.382026634673881
15042.0,1,179.52,230,1,Active Customers,179.52,231,0.004329004329004329,0.7771428571428571,0.6931471805599453,5.442417710521793
15043.0,5,2333.3199999999997,98,0,At Risk Customers,466.66399999999993,99,0.050505050505050504,117.84444444444443,1.791759469228055,4.59511985013459
15046.0,10,2533.37,60,0,At Risk Customers,253.337,61,0.16393442622950818,415.30655737704916,2.3978952727983707,4.110873864173311
15048.0,1,98.7,3,0,At Risk Customers,98.7,4,0.25,24.675,0.6931471805599453,1.3862943611198906
15050.0,2,2349.5,56,0,At Risk Customers,1174.75,57,0.03508771929824561,82.43859649122807,1.0986122886681096,4.04305126783455
15055.0,3,549.12,109,0,At Risk Customers,183.04,110,0.02727272727272727,14.975999999999999,1.3862943611198906,4.700480365792417
15056.0,1,113.64999999999999,155,1,Active Customers,113.64999999999999,156,0.00641025641025641,0.728525641025641,0.6931471805599453,5.049856007249537
15057.0,3,1766.46,78,0,At Risk Customers,588.82,79,0.0379746835443038,67.08075949367088,1.3862943611198906,4.3694478524670215
15058.0,5,1285.04,11,0,At Risk Customers,257.008,12,0.4166666666666667,535.4333333333334,1.791759469228055,2.4849066497880004
15062.0,4,1597.76,58,0,At Risk Customers,399.44,59,0.06779661016949153,108.32271186440678,1.6094379124341003,4.07753744390572
15064.0,4,1254.41,45,0,At Risk Customers,313.6025,46,0.08695652173913043,109.07913043478261,1.6094379124341003,3.828641396489095
15065.0,1,168.73,45,0,At Risk Customers,168.73,46,0.021739130434782608,3.668043478260869,0.6931471805599453,3.828641396489095
15067.0,2,2118.12,48,0,At Risk Customers,1059.06,49,0.04081632653061224,86.4538775510204,1.0986122886681096,3.8918202981106265
15068.0,2,621.54,53,0,At Risk Customers,310.77,54,0.037037037037037035,23.019999999999996,1.0986122886681096,3.9889840465642745
15070.0,3,737.0500000000001,7,0,At Risk Customers,245.68333333333337,8,0.375,276.39375,1.3862943611198906,2.0794415416798357
15071.0,2,473.49,21,0,At Risk Customers,236.745,22,0.09090909090909091,43.04454545454546,1.0986122886681096,3.091042453358316
15072.0,1,187.51999999999998,114,0,At Risk Customers,187.51999999999998,115,0.008695652173913044,1.6306086956521737,0.6931471805599453,4.74493212836325
15073.0,5,1744.61,35,0,At Risk Customers,348.92199999999997,36,0.1388888888888889,242.30694444444444,1.791759469228055,3.58351893845611
15074.0,2,817.46,64,0,At Risk Customers,408.73,65,0.03076923076923077,25.152615384615387,1.0986122886681096,4.174387269895637
15076.0,2,566.89,127,0,At Risk Customers,283.445,128,0.015625,8.85765625,1.0986122886681096,4.852030263919617
15077.0,2,2428.08,129,0,At Risk Customers,1214.04,130,0.015384615384615385,37.35507692307692,1.0986122886681096,4.867534450455582
15080.0,2,546.25,62,0,At Risk Customers,273.125,63,0.031746031746031744,17.341269841269842,1.0986122886681096,4.143134726391533
15082.0,1,93.35000000000001,303,1,Active Customers,93.35000000000001,304,0.003289473684210526,0.3070723684210526,0.6931471805599453,5.717027701406222
15084.0,2,965.2,14,0,At Risk Customers,482.6,15,0.13333333333333333,128.69333333333333,1.0986122886681096,2.70805020110221
15085.0,1,347.54,364,1,Active Customers,347.54,365,0.0027397260273972603,0.9521643835616439,0.6931471805599453,5.8998973535824915
15086.0,2,218.53,199,1,Active Customers,109.265,200,0.01,2.1853000000000002,1.0986122886681096,5.298317366548036
15091.0,2,565.9,309,1,Active Customers,282.95,310,0.0064516129032258064,3.650967741935484,1.0986122886681096,5.736572297479192
15092.0,1,318.65,97,0,At Risk Customers,318.65,98,0.01020408163265306,3.2515306122448973,0.6931471805599453,4.584967478670572
15094.0,2,83.0,98,0,At Risk Customers,41.5,99,0.020202020202020204,1.676767676767677,1.0986122886681096,4.59511985013459
15095.0,6,1771.04,55,0,At Risk Customers,295.17333333333335,56,0.10714285714285714,189.7542857142857,1.9459101490553132,4.02535169073515
15097.0,2,660.27,218,1,Active Customers,330.135,219,0.0091324200913242,6.0298630136986295,1.0986122886681096,5.389071729816501
15101.0,4,1160.41,150,1,Active Customers,290.1025,151,0.026490066225165563,30.739337748344372,1.6094379124341003,5.017279836814924
15102.0,2,554.67,165,1,Active Customers,277.335,166,0.012048192771084338,6.682771084337349,1.0986122886681096,5.111987788356544
15105.0,2,795.98,65,0,At Risk Customers,397.99,66,0.030303030303030304,24.12060606060606,1.0986122886681096,4.189654742026425
15107.0,4,620.85,7,0,At Risk Customers,155.2125,8,0.5,310.425,1.6094379124341003,2.0794415416798357
15109.0,2,498.15000000000003,214,1,Active Customers,249.07500000000002,215,0.009302325581395349,4.633953488372093,1.0986122886681096,5.3706380281276624
15110.0,2,509.75,38,0,At Risk Customers,254.875,39,0.05128205128205128,26.14102564102564,1.0986122886681096,3.6635616461296463
15111.0,3,1163.39,7,0,At Risk Customers,387.7966666666667,8,0.375,436.27125,1.3862943611198906,2.0794415416798357
15112.0,1,209.4,246,1,Active Customers,209.4,247,0.004048582995951417,0.8477732793522268,0.6931471805599453,5.5093883366279774
15114.0,2,639.56,18,0,At Risk Customers,319.78,19,0.10526315789473684,67.32210526315788,1.0986122886681096,2.9444389791664403
15115.0,1,191.74,367,1,Active Customers,191.74,368,0.002717391304347826,0.5210326086956522,0.6931471805599453,5.908082938168931
15117.0,3,934.19,83,0,At Risk Customers,311.3966666666667,84,0.03571428571428571,33.36392857142857,1.3862943611198906,4.430816798843313
15122.0,8,2853.4900000000002,57,0,At Risk Customers,356.68625000000003,58,0.13793103448275862,393.5848275862069,2.1972245773362196,4.060443010546419
15123.0,3,2456.86,56,0,At Risk Customers,818.9533333333334,57,0.05263157894736842,129.3084210526316,1.3862943611198906,4.04305126783455
15124.0,2,266.63,111,0,At Risk Customers,133.315,112,0.017857142857142856,4.7612499999999995,1.0986122886681096,4.718498871295094
15125.0,9,5496.39,114,0,At Risk Customers,610.71,115,0.0782608695652174,430.1522608695653,2.302585092994046,4.74493212836325
15126.0,2,449.49,171,1,Active Customers,224.745,172,0.011627906976744186,5.226627906976744,1.0986122886681096,5.147494476813453
15127.0,1,304.97,154,1,Active Customers,304.97,155,0.0064516129032258064,1.9675483870967743,0.6931471805599453,5.043425116919247
15128.0,1,312.68,65,0,At Risk Customers,312.68,66,0.015151515151515152,4.737575757575758,0.6931471805599453,4.189654742026425
15131.0,1,80.28,29,0,At Risk Customers,80.28,30,0.03333333333333333,2.676,0.6931471805599453,3.4011973816621555
15133.0,2,824.48,17,0,At Risk Customers,412.24,18,0.1111111111111111,91.60888888888888,1.0986122886681096,2.8903717578961645
15134.0,2,208.3,16,0,At Risk Customers,104.15,17,0.11764705882352941,24.50588235294118,1.0986122886681096,2.833213344056216
15135.0,1,166.63,191,1,Active Customers,166.63,192,0.005208333333333333,0.8678645833333333,0.6931471805599453,5.2574953720277815
15137.0,2,823.4,155,1,Active Customers,411.7,156,0.01282051282051282,10.556410256410256,1.0986122886681096,5.049856007249537
15138.0,1,502.52,28,0,At Risk Customers,502.52,29,0.034482758620689655,17.328275862068963,0.6931471805599453,3.367295829986474
15140.0,1,889.44,77,0,At Risk Customers,889.44,78,0.01282051282051282,11.403076923076924,0.6931471805599453,4.356708826689592
15141.0,7,1388.47,92,0,At Risk Customers,198.35285714285715,93,0.07526881720430108,104.50849462365592,2.0794415416798357,4.532599493153256
15142.0,5,2121.18,45,0,At Risk Customers,424.236,46,0.10869565217391304,230.56304347826085,1.791759469228055,3.828641396489095
15143.0,1,304.18,67,0,At Risk Customers,304.18,68,0.014705882352941176,4.473235294117647,0.6931471805599453,4.219507705176107
15149.0,4,1033.81,211,1,Active Customers,258.4525,212,0.018867924528301886,19.505849056603772,1.6094379124341003,5.356586274672012
15150.0,3,3686.61,91,0,At Risk Customers,1228.8700000000001,92,0.03260869565217391,120.21554347826088,1.3862943611198906,4.5217885770490405
15151.0,2,2085.61,58,0,At Risk Customers,1042.805,59,0.03389830508474576,70.69864406779661,1.0986122886681096,4.07753744390572
15152.0,1,518.14,336,1,Active Customers,518.14,337,0.002967359050445104,1.537507418397626,0.6931471805599453,5.820082930352362
15154.0,2,1089.44,113,0,At Risk Customers,544.72,114,0.017543859649122806,19.11298245614035,1.0986122886681096,4.736198448394496
15155.0,1,383.96999999999997,18,0,At Risk Customers,383.96999999999997,19,0.05263157894736842,20.20894736842105,0.6931471805599453,2.9444389791664403
15157.0,2,718.04,204,1,Active Customers,359.02,205,0.00975609756097561,7.005268292682927,1.0986122886681096,5.3230099791384085
15158.0,1,204.62,36,0,At Risk Customers,204.62,37,0.02702702702702703,5.530270270270271,0.6931471805599453,3.6109179126442243
15159.0,4,3475.7200000000003,30,0,At Risk Customers,868.9300000000001,31,0.12903225806451613,448.48,1.6094379124341003,3.4339872044851463
15160.0,3,431.11,9,0,At Risk Customers,143.70333333333335,10,0.3,129.333,1.3862943611198906,2.302585092994046
15161.0,1,119.92,23,0,At Risk Customers,119.92,24,0.041666666666666664,4.996666666666666,0.6931471805599453,3.1780538303479458
15162.0,1,312.9,366,1,Active Customers,312.9,367,0.0027247956403269754,0.8525885558583105,0.6931471805599453,5.905361848054571
15164.0,6,1203.53,24,0,At Risk Customers,200.58833333333334,25,0.24,288.8472,1.9459101490553132,3.2188758248682006
15165.0,1,487.75,8,0,At Risk Customers,487.75,9,0.1111111111111111,54.19444444444444,0.6931471805599453,2.1972245773362196
15166.0,1,167.16,102,0,At Risk Customers,167.16,103,0.009708737864077669,1.622912621359223,0.6931471805599453,4.634728988229636
15167.0,4,1468.82,42,0,At Risk Customers,367.205,43,0.09302325581395349,136.63441860465116,1.6094379124341003,3.7612001156935624
15169.0,2,569.22,17,0,At Risk Customers,284.61,18,0.1111111111111111,63.24666666666667,1.0986122886681096,2.8903717578961645
15170.0,1,81.15,41,0,At Risk Customers,81.15,42,0.023809523809523808,1.9321428571428572,0.6931471805599453,3.7376696182833684
15173.0,7,1494.6,15,0,At Risk Customers,213.5142857142857,16,0.4375,653.8874999999999,2.0794415416798357,2.772588722239781
15174.0,1,345.71,45,0,At Risk Customers,345.71,46,0.021739130434782608,7.515434782608695,0.6931471805599453,3.828641396489095
15176.0,1,988.04,302,1,Active Customers,988.04,303,0.0033003300330033004,3.260858085808581,0.6931471805599453,5.713732805509369
15177.0,1,948.93,60,0,At Risk Customers,948.93,61,0.01639344262295082,15.556229508196722,0.6931471805599453,4.110873864173311
15181.0,2,510.72,55,0,At Risk Customers,255.36,56,0.03571428571428571,18.24,1.0986122886681096,4.02535169073515
15183.0,3,639.93,182,1,Active Customers,213.30999999999997,183,0.01639344262295082,10.490655737704918,1.3862943611198906,5.209486152841421
15184.0,2,283.19,22,0,At Risk Customers,141.595,23,0.08695652173913043,24.625217391304346,1.0986122886681096,3.1354942159291497
15186.0,3,991.7900000000001,109,0,At Risk Customers,330.5966666666667,110,0.02727272727272727,27.048818181818184,1.3862943611198906,4.700480365792417
15188.0,1,310.43,360,1,Active Customers,310.43,361,0.002770083102493075,0.8599168975069252,0.6931471805599453,5.8888779583328805
15189.0,5,1298.99,16,0,At Risk Customers,259.798,17,0.29411764705882354,382.0558823529412,1.791759469228055,2.833213344056216
15190.0,1,834.4399999999999,69,0,At Risk Customers,834.4399999999999,70,0.014285714285714285,11.920571428571428,0.6931471805599453,4.248495242049359
15191.0,3,588.05,98,0,At Risk Customers,196.01666666666665,99,0.030303030303030304,17.81969696969697,1.3862943611198906,4.59511985013459
15196.0,2,313.7,67,0,At Risk Customers,156.85,68,0.029411764705882353,9.226470588235294,1.0986122886681096,4.219507705176107
15197.0,3,797.9,29,0,At Risk Customers,265.96666666666664,30,0.1,79.78999999999999,1.3862943611198906,3.4011973816621555
15198.0,3,377.71,43,0,At Risk Customers,125.90333333333332,44,0.06818181818181818,25.752954545454543,1.3862943611198906,3.784189633918261
15200.0,1,549.05,129,0,At Risk Customers,549.05,130,0.007692307692307693,4.223461538461538,0.6931471805599453,4.867534450455582
15201.0,2,606.4100000000001,74,0,At Risk Customers,303.20500000000004,75,0.02666666666666667,16.170933333333338,1.0986122886681096,4.31748811353631
15202.0,3,6001.49,55,0,At Risk Customers,2000.4966666666667,56,0.05357142857142857,321.50839285714284,1.3862943611198906,4.02535169073515
15207.0,3,683.9200000000001,51,0,At Risk Customers,227.97333333333336,52,0.057692307692307696,39.45692307692308,1.3862943611198906,3.9512437185814275
15208.0,1,100.4,58,0,At Risk Customers,100.4,59,0.01694915254237288,1.7016949152542373,0.6931471805599453,4.07753744390572
15209.0,1,178.98000000000002,365,1,Active Customers,178.98000000000002,366,0.00273224043715847,0.489016393442623,0.6931471805599453,5.902633333401366
15210.0,2,845.01,13,0,At Risk Customers,422.505,14,0.14285714285714285,120.71571428571428,1.0986122886681096,2.639057329615259
15211.0,1,383.07,0,0,At Risk Customers,383.07,1,1.0,383.07,0.6931471805599453,0.0
15212.0,1,106.47999999999999,11,0,At Risk Customers,106.47999999999999,12,0.08333333333333333,8.873333333333331,0.6931471805599453,2.4849066497880004
15215.0,4,1687.49,28,0,At Risk Customers,421.8725,29,0.13793103448275862,232.75724137931033,1.6094379124341003,3.367295829986474
15216.0,1,389.49,253,1,Active Customers,389.49,254,0.003937007874015748,1.5334251968503938,0.6931471805599453,5.537334267018537
15217.0,1,426.24,198,1,Active Customers,426.24,199,0.005025125628140704,2.1419095477386936,0.6931471805599453,5.293304824724492
15219.0,1,379.7,283,1,Active Customers,379.7,284,0.0035211267605633804,1.3369718309859155,0.6931471805599453,5.648974238161206
15222.0,10,2965.91,107,0,At Risk Customers,296.591,108,0.09259259259259259,274.6212962962963,2.3978952727983707,4.68213122712422
15223.0,3,662.2,244,1,Active Customers,220.73333333333335,245,0.012244897959183673,8.108571428571429,1.3862943611198906,5.501258210544727
15224.0,3,549.28,147,1,Active Customers,183.09333333333333,148,0.02027027027027027,11.134054054054054,1.3862943611198906,4.997212273764115
15227.0,4,1269.0900000000001,31,0,At Risk Customers,317.27250000000004,32,0.125,158.63625000000002,1.6094379124341003,3.4657359027997265
15228.0,2,2193.56,63,0,At Risk Customers,1096.78,64,0.03125,68.54875,1.0986122886681096,4.1588830833596715
15229.0,1,160.5,221,1,Active Customers,160.5,222,0.0045045045045045045,0.7229729729729729,0.6931471805599453,5.402677381872279
15231.0,1,250.26,256,1,Active Customers,250.26,257,0.0038910505836575876,0.9737743190661479,0.6931471805599453,5.54907608489522
15233.0,1,59.400000000000006,36,0,At Risk Customers,59.400000000000006,37,0.02702702702702703,1.6054054054054057,0.6931471805599453,3.6109179126442243
15241.0,3,1293.72,65,0,At Risk Customers,431.24,66,0.045454545454545456,58.80545454545455,1.3862943611198906,4.189654742026425
15242.0,1,302.04,57,0,At Risk Customers,302.04,58,0.017241379310344827,5.207586206896552,0.6931471805599453,4.060443010546419
15243.0,1,610.6,70,0,At Risk Customers,610.6,71,0.014084507042253521,8.6,0.6931471805599453,4.2626798770413155
15244.0,1,280.51,301,1,Active Customers,280.51,302,0.0033112582781456954,0.928841059602649,0.6931471805599453,5.71042701737487
15245.0,5,2095.0,37,0,At Risk Customers,419.0,38,0.13157894736842105,275.6578947368421,1.791759469228055,3.6375861597263857
15246.0,1,266.25,190,1,Active Customers,266.25,191,0.005235602094240838,1.393979057591623,0.6931471805599453,5.25227342804663
15247.0,2,620.06,112,0,At Risk Customers,310.03,113,0.017699115044247787,10.974513274336282,1.0986122886681096,4.727387818712341
15248.0,3,1893.93,46,0,At Risk Customers,631.3100000000001,47,0.06382978723404255,120.88914893617022,1.3862943611198906,3.8501476017100584
15249.0,5,2577.54,65,0,At Risk Customers,515.508,66,0.07575757575757576,195.26818181818183,1.791759469228055,4.189654742026425
15250.0,1,60.0,275,1,Active Customers,60.0,276,0.0036231884057971015,0.21739130434782608,0.6931471805599453,5.62040086571715
15252.0,3,1362.63,56,0,At Risk Customers,454.21000000000004,57,0.05263157894736842,71.71736842105264,1.3862943611198906,4.04305126783455
15253.0,3,1136.89,38,0,At Risk Customers,378.96333333333337,39,0.07692307692307693,87.45307692307694,1.3862943611198906,3.6635616461296463
15254.0,2,787.99,181,1,Active Customers,393.995,182,0.01098901098901099,8.65923076923077,1.0986122886681096,5.204006687076795
15255.0,8,2815.17,31,0,At Risk Customers,351.89625,32,0.25,703.7925,2.1972245773362196,3.4657359027997265
15256.0,1,71.95,196,1,Active Customers,71.95,197,0.005076142131979695,0.36522842639593905,0.6931471805599453,5.2832037287379885
15257.0,1,368.75,49,0,At Risk Customers,368.75,50,0.02,7.375,0.6931471805599453,3.912023005428146
15259.0,4,1182.3799999999999,147,1,Active Customers,295.59499999999997,148,0.02702702702702703,31.956216216216216,1.6094379124341003,4.997212273764115
15261.0,3,1253.18,16,0,At Risk Customers,417.7266666666667,17,0.17647058823529413,221.14941176470592,1.3862943611198906,2.833213344056216
15262.0,2,239.87,15,0,At Risk Customers,119.935,16,0.125,29.98375,1.0986122886681096,2.772588722239781
15264.0,1,454.66,165,1,Active Customers,454.66,166,0.006024096385542169,2.738915662650603,0.6931471805599453,5.111987788356544
15265.0,2,1839.52,239,1,Active Customers,919.76,240,0.008333333333333333,15.329333333333333,1.0986122886681096,5.480638923341991
15266.0,4,732.91,14,0,At Risk Customers,183.2275,15,0.26666666666666666,195.44266666666667,1.6094379124341003,2.70805020110221
15268.0,3,961.9000000000001,113,0,At Risk Customers,320.6333333333334,114,0.02631578947368421,25.313157894736843,1.3862943611198906,4.736198448394496
15269.0,2,816.56,15,0,At Risk Customers,408.28,16,0.125,102.07,1.0986122886681096,2.772588722239781
15272.0,4,1309.01,85,0,At Risk Customers,327.2525,86,0.046511627906976744,60.88418604651163,1.6094379124341003,4.454347296253507
15273.0,1,228.96,234,1,Active Customers,228.96,235,0.00425531914893617,0.9742978723404255,0.6931471805599453,5.459585514144159
15276.0,3,491.17,29,0,At Risk Customers,163.72333333333333,30,0.1,49.117,1.3862943611198906,3.4011973816621555
15277.0,1,220.44,60,0,At Risk Customers,220.44,61,0.01639344262295082,3.6137704918032787,0.6931471805599453,4.110873864173311
15278.0,4,496.15999999999997,196,1,Active Customers,124.03999999999999,197,0.02030456852791878,10.07431472081218,1.6094379124341003,5.2832037287379885
15279.0,4,1290.03,15,0,At Risk Customers,322.5075,16,0.25,322.5075,1.6094379124341003,2.772588722239781
15280.0,2,284.4,123,0,At Risk Customers,142.2,124,0.016129032258064516,4.587096774193548,1.0986122886681096,4.820281565605037
15282.0,1,348.59,205,1,Active Customers,348.59,206,0.0048543689320388345,1.6921844660194172,0.6931471805599453,5.327876168789581
15283.0,3,148.33,25,0,At Risk Customers,49.443333333333335,26,0.11538461538461539,17.115000000000002,1.3862943611198906,3.258096538021482
15284.0,1,24.75,135,0,At Risk Customers,24.75,136,0.007352941176470588,0.18198529411764705,0.6931471805599453,4.912654885736052
15285.0,1,94.92,42,0,At Risk Customers,94.92,43,0.023255813953488372,2.2074418604651163,0.6931471805599453,3.7612001156935624
15287.0,3,369.34000000000003,14,0,At Risk Customers,123.11333333333334,15,0.2,73.86800000000001,1.3862943611198906,2.70805020110221
15289.0,2,653.3100000000001,93,0,At Risk Customers,326.65500000000003,94,0.02127659574468085,13.900212765957448,1.0986122886681096,4.543294782270004
15290.0,8,2553.06,28,0,At Risk Customers,319.1325,29,0.27586206896551724,704.2924137931034,2.1972245773362196,3.367295829986474
15293.0,1,247.5,300,1,Active Customers,247.5,301,0.0033222591362126247,0.8222591362126246,0.6931471805599453,5.707110264748875
15294.0,1,233.35,45,0,At Risk Customers,233.35,46,0.021739130434782608,5.072826086956521,0.6931471805599453,3.828641396489095
15295.0,1,207.04,289,1,Active Customers,207.04,290,0.0034482758620689655,0.7139310344827586,0.6931471805599453,5.66988092298052
15296.0,6,6650.17,55,0,At Risk Customers,1108.3616666666667,56,0.10714285714285714,712.5182142857143,1.9459101490553132,4.02535169073515
15302.0,1,308.0,365,1,Active Customers,308.0,366,0.00273224043715847,0.8415300546448088,0.6931471805599453,5.902633333401366
15303.0,2,650.16,200,1,Active Customers,325.08,201,0.009950248756218905,6.469253731343283,1.0986122886681096,5.303304908059076
15304.0,2,225.15,3,0,At Risk Customers,112.575,4,0.5,112.575,1.0986122886681096,1.3862943611198906
15305.0,1,93.6,190,1,Active Customers,93.6,191,0.005235602094240838,0.4900523560209424,0.6931471805599453,5.25227342804663
15306.0,6,2310.38,135,0,At Risk Customers,385.06333333333333,136,0.04411764705882353,101.92852941176471,1.9459101490553132,4.912654885736052
15309.0,4,797.96,245,1,Active Customers,199.49,246,0.016260162601626018,12.974959349593497,1.6094379124341003,5.5053315359323625
15310.0,1,1634.64,113,0,At Risk Customers,1634.64,114,0.008771929824561403,14.338947368421053,0.6931471805599453,4.736198448394496
15314.0,2,492.47999999999996,48,0,At Risk Customers,246.23999999999998,49,0.04081632653061224,20.101224489795914,1.0986122886681096,3.8918202981106265
15317.0,1,129.75,312,1,Active Customers,129.75,313,0.003194888178913738,0.4145367412140575,0.6931471805599453,5.746203190540153
15321.0,9,3961.42,72,0,At Risk Customers,440.15777777777777,73,0.1232876712328767,488.39424657534244,2.302585092994046,4.290459441148391
15322.0,1,711.18,111,0,At Risk Customers,711.18,112,0.008928571428571428,6.349821428571428,0.6931471805599453,4.718498871295094
15323.0,3,434.6,197,1,Active Customers,144.86666666666667,198,0.015151515151515152,6.584848484848485,1.3862943611198906,5.288267030694535
15324.0,1,140.22000000000003,336,1,Active Customers,140.22000000000003,337,0.002967359050445104,0.41608308605341254,0.6931471805599453,5.820082930352362
15325.0,7,1439.72,30,0,At Risk Customers,205.67428571428573,31,0.22580645161290322,325.09806451612906,2.0794415416798357,3.4339872044851463
15326.0,4,1388.81,244,1,Active Customers,347.2025,245,0.0163265306122449,22.674448979591837,1.6094379124341003,5.501258210544727
15328.0,1,107.24,42,0,At Risk Customers,107.24,43,0.023255813953488372,2.493953488372093,0.6931471805599453,3.7612001156935624
15331.0,3,767.91,134,0,At Risk Customers,255.97,135,0.022222222222222223,17.064666666666668,1.3862943611198906,4.90527477843843
15336.0,1,240.5,36,0,At Risk Customers,240.5,37,0.02702702702702703,6.5,0.6931471805599453,3.6109179126442243
15337.0,1,373.02,46,0,At Risk Customers,373.02,47,0.02127659574468085,7.936595744680851,0.6931471805599453,3.8501476017100584
15338.0,1,277.93,312,1,Active Customers,277.93,313,0.003194888178913738,0.8879552715654951,0.6931471805599453,5.746203190540153
15339.0,5,1246.95,56,0,At Risk Customers,249.39000000000001,57,0.08771929824561403,109.38157894736842,1.791759469228055,4.04305126783455
15340.0,1,105.5,196,1,Active Customers,105.5,197,0.005076142131979695,0.5355329949238579,0.6931471805599453,5.2832037287379885
15341.0,1,382.2,84,0,At Risk Customers,382.2,85,0.011764705882352941,4.496470588235294,0.6931471805599453,4.442651256490317
15346.0,2,343.7,60,0,At Risk Customers,171.85,61,0.03278688524590164,11.268852459016394,1.0986122886681096,4.110873864173311
15350.0,2,547.6,8,0,At Risk Customers,273.8,9,0.2222222222222222,121.68888888888888,1.0986122886681096,2.1972245773362196
15352.0,1,111.15,183,1,Active Customers,111.15,184,0.005434782608695652,0.6040760869565217,0.6931471805599453,5.214935757608986
15354.0,3,284.4,238,1,Active Customers,94.8,239,0.012552301255230125,3.5698744769874473,1.3862943611198906,5.476463551931511
15356.0,4,664.66,3,0,At Risk Customers,166.165,4,1.0,664.66,1.6094379124341003,1.3862943611198906
15359.0,8,181.35,297,1,Active Customers,22.66875,298,0.026845637583892617,4.868456375838926,2.1972245773362196,5.697093486505405
15361.0,3,270.15000000000003,161,1,Active Customers,90.05000000000001,162,0.018518518518518517,5.002777777777778,1.3862943611198906,5.087596335232384
15362.0,2,613.08,83,0,At Risk Customers,306.54,84,0.023809523809523808,14.597142857142858,1.0986122886681096,4.430816798843313
15363.0,2,678.11,7,0,At Risk Customers,339.055,8,0.25,169.5275,1.0986122886681096,2.0794415416798357
15365.0,6,2242.81,38,0,At Risk Customers,373.8016666666667,39,0.15384615384615385,345.04769230769233,1.9459101490553132,3.6635616461296463
15366.0,5,1786.57,44,0,At Risk Customers,357.31399999999996,45,0.1111111111111111,198.50777777777773,1.791759469228055,3.8066624897703196
15367.0,7,3203.74,53,0,At Risk Customers,457.6771428571428,54,0.12962962962962962,415.2996296296296,2.0794415416798357,3.9889840465642745
15368.0,1,275.8,29,0,At Risk Customers,275.8,30,0.03333333333333333,9.193333333333333,0.6931471805599453,3.4011973816621555
15369.0,11,6251.26,127,0,At Risk Customers,568.2963636363637,128,0.0859375,537.2176562500001,2.4849066497880004,4.852030263919617
15370.0,1,1352.96,45,0,At Risk Customers,1352.96,46,0.021739130434782608,29.41217391304348,0.6931471805599453,3.828641396489095
15371.0,1,59.400000000000006,297,1,Active Customers,59.400000000000006,298,0.003355704697986577,0.1993288590604027,0.6931471805599453,5.697093486505405
15372.0,7,4009.66,85,0,At Risk Customers,572.8085714285714,86,0.08139534883720931,326.3676744186047,2.0794415416798357,4.454347296253507
15374.0,1,139.32,259,1,Active Customers,139.32,260,0.0038461538461538464,0.5358461538461539,0.6931471805599453,5.560681631015528
15375.0,1,60.959999999999994,325,1,Active Customers,60.959999999999994,326,0.003067484662576687,0.18699386503067483,0.6931471805599453,5.786897381366708
15377.0,4,1211.75,17,0,At Risk Customers,302.9375,18,0.2222222222222222,269.27777777777777,1.6094379124341003,2.8903717578961645
15378.0,2,246.5,97,0,At Risk Customers,123.25,98,0.02040816326530612,5.030612244897958,1.0986122886681096,4.584967478670572
15379.0,1,1174.55,35,0,At Risk Customers,1174.55,36,0.027777777777777776,32.62638888888888,0.6931471805599453,3.58351893845611
15381.0,3,1293.72,58,0,At Risk Customers,431.24,59,0.05084745762711865,65.78237288135594,1.3862943611198906,4.07753744390572
15384.0,2,1385.38,16,0,At Risk Customers,692.69,17,0.11764705882352941,162.9858823529412,1.0986122886681096,2.833213344056216
15385.0,2,625.2,27,0,At Risk Customers,312.6,28,0.07142857142857142,44.65714285714286,1.0986122886681096,3.332204510175204
15387.0,1,468.65,127,0,At Risk Customers,468.65,128,0.0078125,3.661328125,0.6931471805599453,4.852030263919617
15389.0,4,2233.8,35,0,At Risk Customers,558.45,36,0.1111111111111111,248.20000000000002,1.6094379124341003,3.58351893845611
15390.0,2,1216.66,31,0,At Risk Customers,608.33,32,0.0625,76.04125,1.0986122886681096,3.4657359027997265
15391.0,1,289.87,219,1,Active Customers,289.87,220,0.004545454545454545,1.317590909090909,0.6931471805599453,5.393627546352361
15392.0,3,1376.0900000000001,9,0,At Risk Customers,458.6966666666667,10,0.3,412.82700000000006,1.3862943611198906,2.302585092994046
15393.0,3,659.48,202,1,Active Customers,219.82666666666668,203,0.014778325123152709,9.746009852216748,1.3862943611198906,5.313205979041787
15394.0,7,3103.26,30,0,At Risk Customers,443.3228571428572,31,0.22580645161290322,700.7361290322581,2.0794415416798357,3.4339872044851463
15396.0,1,508.20000000000005,218,1,Active Customers,508.20000000000005,219,0.0045662100456621,2.3205479452054796,0.6931471805599453,5.389071729816501
15400.0,3,586.1,55,0,At Risk Customers,195.36666666666667,56,0.05357142857142857,31.398214285714285,1.3862943611198906,4.02535169073515
15401.0,2,216.95000000000002,87,0,At Risk Customers,108.47500000000001,88,0.022727272727272728,4.930681818181819,1.0986122886681096,4.477336814478207
15402.0,4,1203.77,22,0,At Risk Customers,300.9425,23,0.17391304347826086,209.35130434782607,1.6094379124341003,3.1354942159291497
15403.0,2,170.88,126,0,At Risk Customers,85.44,127,0.015748031496062992,2.691023622047244,1.0986122886681096,4.844187086458591
15404.0,1,257.06,10,0,At Risk Customers,257.06,11,0.09090909090909091,23.36909090909091,0.6931471805599453,2.3978952727983707
15405.0,1,310.74,211,1,Active Customers,310.74,212,0.0047169811320754715,1.465754716981132,0.6931471805599453,5.356586274672012
15406.0,2,465.15999999999997,88,0,At Risk Customers,232.57999999999998,89,0.02247191011235955,10.453033707865167,1.0986122886681096,4.48863636973214
15409.0,1,131.25,356,1,Active Customers,131.25,357,0.0028011204481792717,0.36764705882352944,0.6931471805599453,5.877735781779639
15410.0,2,1234.88,203,1,Active Customers,617.44,204,0.00980392156862745,12.106666666666667,1.0986122886681096,5.318119993844216
15413.0,5,6798.72,326,1,Active Customers,1359.7440000000001,327,0.01529051987767584,103.95596330275231,1.791759469228055,5.7899601708972535
15416.0,3,588.5,113,0,At Risk Customers,196.16666666666666,114,0.02631578947368421,15.486842105263158,1.3862943611198906,4.736198448394496
15418.0,2,449.42,60,0,At Risk Customers,224.71,61,0.03278688524590164,14.735081967213116,1.0986122886681096,4.110873864173311
15420.0,6,743.0,69,0,At Risk Customers,123.83333333333333,70,0.08571428571428572,63.68571428571428,1.9459101490553132,4.248495242049359
15422.0,5,1522.27,14,0,At Risk Customers,304.454,15,0.3333333333333333,507.4233333333333,1.791759469228055,2.70805020110221
15423.0,2,223.39,216,1,Active Customers,111.695,217,0.009216589861751152,2.0588940092165897,1.0986122886681096,5.37989735354046
15424.0,1,214.44,98,0,At Risk Customers,214.44,99,0.010101010101010102,2.166060606060606,0.6931471805599453,4.59511985013459
15425.0,4,1941.1200000000001,35,0,At Risk Customers,485.28000000000003,36,0.1111111111111111,215.68,1.6094379124341003,3.58351893845611
15428.0,3,668.97,22,0,At Risk Customers,222.99,23,0.13043478260869565,87.25695652173913,1.3862943611198906,3.1354942159291497
15430.0,2,954.75,102,0,At Risk Customers,477.375,103,0.019417475728155338,18.53883495145631,1.0986122886681096,4.634728988229636
15431.0,1,153.24,137,0,At Risk Customers,153.24,138,0.007246376811594203,1.1104347826086958,0.6931471805599453,4.927253685157205
15432.0,1,149.57,176,1,Active Customers,149.57,177,0.005649717514124294,0.8450282485875705,0.6931471805599453,5.176149732573829
15437.0,1,193.29000000000002,275,1,Active Customers,193.29000000000002,276,0.0036231884057971015,0.7003260869565219,0.6931471805599453,5.62040086571715
15439.0,4,1269.05,39,0,At Risk Customers,317.2625,40,0.1,126.905,1.6094379124341003,3.6888794541139363
15441.0,3,1254.21,31,0,At Risk Customers,418.07,32,0.09375,117.5821875,1.3862943611198906,3.4657359027997265
15443.0,7,1900.64,109,0,At Risk Customers,271.52000000000004,110,0.06363636363636363,120.94981818181819,2.0794415416798357,4.700480365792417
15445.0,1,171.0,225,1,Active Customers,171.0,226,0.004424778761061947,0.7566371681415929,0.6931471805599453,5.420534999272286
15446.0,3,399.75,11,0,At Risk Customers,133.25,12,0.25,99.9375,1.3862943611198906,2.4849066497880004
15447.0,4,337.71000000000004,162,1,Active Customers,84.42750000000001,163,0.024539877300613498,8.287361963190184,1.6094379124341003,5.093750200806762
15448.0,1,294.17,309,1,Active Customers,294.17,310,0.0032258064516129032,0.9489354838709678,0.6931471805599453,5.736572297479192
15451.0,2,226.86,69,0,At Risk Customers,113.43,70,0.02857142857142857,6.481714285714286,1.0986122886681096,4.248495242049359
15452.0,3,1256.63,25,0,At Risk Customers,418.8766666666667,26,0.11538461538461539,144.99576923076924,1.3862943611198906,3.258096538021482
15454.0,1,126.89,253,1,Active Customers,126.89,254,0.003937007874015748,0.49956692913385825,0.6931471805599453,5.537334267018537
15455.0,1,38.25,232,1,Active Customers,38.25,233,0.004291845493562232,0.16416309012875535,0.6931471805599453,5.4510384535657
15456.0,7,1656.93,38,0,At Risk Customers,236.70428571428573,39,0.1794871794871795,297.3976923076923,2.0794415416798357,3.6635616461296463
15458.0,1,208.79999999999998,37,0,At Risk Customers,208.79999999999998,38,0.02631578947368421,5.4947368421052625,0.6931471805599453,3.6375861597263857
15459.0,2,202.82999999999998,52,0,At Risk Customers,101.41499999999999,53,0.03773584905660377,7.653962264150943,1.0986122886681096,3.970291913552122
15461.0,2,429.7,95,0,At Risk Customers,214.85,96,0.020833333333333332,8.952083333333333,1.0986122886681096,4.564348191467836
15462.0,1,502.45,80,0,At Risk Customers,502.45,81,0.012345679012345678,6.2030864197530855,0.6931471805599453,4.394449154672439
15466.0,3,1225.93,24,0,At Risk Customers,408.6433333333334,25,0.12,147.1116,1.3862943611198906,3.2188758248682006
15468.0,1,962.97,27,0,At Risk Customers,962.97,28,0.03571428571428571,34.39178571428571,0.6931471805599453,3.332204510175204
15469.0,1,335.7,73,0,At Risk Customers,335.7,74,0.013513513513513514,4.536486486486487,0.6931471805599453,4.304065093204169
15470.0,1,63.419999999999995,210,1,Active Customers,63.419999999999995,211,0.004739336492890996,0.3005687203791469,0.6931471805599453,5.351858133476067
15471.0,2,837.53,15,0,At Risk Customers,418.765,16,0.125,104.69125,1.0986122886681096,2.772588722239781
15473.0,1,274.8,79,0,At Risk Customers,274.8,80,0.0125,3.4350000000000005,0.6931471805599453,4.382026634673881
15474.0,1,150.35,230,1,Active Customers,150.35,231,0.004329004329004329,0.6508658008658008,0.6931471805599453,5.442417710521793
15476.0,4,2209.98,15,0,At Risk Customers,552.495,16,0.25,552.495,1.6094379124341003,2.772588722239781
15477.0,1,368.4,284,1,Active Customers,368.4,285,0.0035087719298245615,1.2926315789473684,0.6931471805599453,5.652489180268651
15478.0,1,583.56,210,1,Active Customers,583.56,211,0.004739336492890996,2.7656872037914693,0.6931471805599453,5.351858133476067
15479.0,1,147.4,368,1,Active Customers,147.4,369,0.0027100271002710027,0.3994579945799458,0.6931471805599453,5.910796644040527
15480.0,4,5373.5,100,0,At Risk Customers,1343.375,101,0.039603960396039604,212.8118811881188,1.6094379124341003,4.61512051684126
15481.0,1,1993.34,36,0,At Risk Customers,1993.34,37,0.02702702702702703,53.87405405405406,0.6931471805599453,3.6109179126442243
15483.0,6,592.56,20,0,At Risk Customers,98.75999999999999,21,0.2857142857142857,169.3028571428571,1.9459101490553132,3.044522437723423
15484.0,2,1061.69,175,1,Active Customers,530.845,176,0.011363636363636364,12.064659090909092,1.0986122886681096,5.170483995038151
15486.0,1,102.0,162,1,Active Customers,102.0,163,0.006134969325153374,0.6257668711656442,0.6931471805599453,5.093750200806762
15487.0,1,231.32,314,1,Active Customers,231.32,315,0.0031746031746031746,0.7343492063492063,0.6931471805599453,5.752572638825633
15488.0,4,340.6,91,0,At Risk Customers,85.15,92,0.043478260869565216,14.808695652173913,1.6094379124341003,4.5217885770490405
15489.0,5,1285.3300000000002,35,0,At Risk Customers,257.06600000000003,36,0.1388888888888889,178.51805555555558,1.791759469228055,3.58351893845611
15490.0,1,210.85,65,0,At Risk Customers,210.85,66,0.015151515151515152,3.19469696969697,0.6931471805599453,4.189654742026425
15493.0,4,2168.27,24,0,At Risk Customers,542.0675,25,0.16,346.9232,1.6094379124341003,3.2188758248682006
15494.0,3,2422.02,113,0,At Risk Customers,807.34,114,0.02631578947368421,63.73736842105263,1.3862943611198906,4.736198448394496
15495.0,1,246.5,14,0,At Risk Customers,246.5,15,0.06666666666666667,16.433333333333334,0.6931471805599453,2.70805020110221
15496.0,1,146.14000000000001,266,1,Active Customers,146.14000000000001,267,0.003745318352059925,0.5473408239700375,0.6931471805599453,5.58724865840025
15499.0,1,158.65,358,1,Active Customers,158.65,359,0.002785515320334262,0.4419220055710307,0.6931471805599453,5.883322388488279
15501.0,2,399.95,39,0,At Risk Customers,199.975,40,0.05,19.997500000000002,1.0986122886681096,3.6888794541139363
15503.0,1,116.26,361,1,Active Customers,116.26,362,0.0027624309392265192,0.32116022099447517,0.6931471805599453,5.891644211825771
15504.0,3,349.87,155,1,Active Customers,116.62333333333333,156,0.019230769230769232,6.728269230769231,1.3862943611198906,5.049856007249537
15506.0,3,1058.25,16,0,At Risk Customers,352.75,17,0.17647058823529413,186.75,1.3862943611198906,2.833213344056216
15509.0,1,152.41,15,0,At Risk Customers,152.41,16,0.0625,9.525625,0.6931471805599453,2.772588722239781
15512.0,2,210.58,25,0,At Risk Customers,105.29,26,0.07692307692307693,16.19846153846154,1.0986122886681096,3.258096538021482
15515.0,1,171.81,22,0,At Risk Customers,171.81,23,0.043478260869565216,7.47,0.6931471805599453,3.1354942159291497
15519.0,2,344.61,18,0,At Risk Customers,172.305,19,0.10526315789473684,36.27473684210526,1.0986122886681096,2.9444389791664403
15524.0,1,151.4,241,1,Active Customers,151.4,242,0.004132231404958678,0.6256198347107439,0.6931471805599453,5.488937726156687
15525.0,2,430.78,8,0,At Risk Customers,215.39,9,0.2222222222222222,95.72888888888887,1.0986122886681096,2.1972245773362196
15530.0,1,311.37,147,1,Active Customers,311.37,148,0.006756756756756757,2.1038513513513517,0.6931471805599453,4.997212273764115
15534.0,1,162.25,360,1,Active Customers,162.25,361,0.002770083102493075,0.44944598337950137,0.6931471805599453,5.8888779583328805
15535.0,2,541.47,39,0,At Risk Customers,270.735,40,0.05,27.073500000000003,1.0986122886681096,3.6888794541139363
15536.0,1,259.09,44,0,At Risk Customers,259.09,45,0.022222222222222223,5.757555555555555,0.6931471805599453,3.8066624897703196
15538.0,6,3358.3999999999996,172,1,Active Customers,559.7333333333332,173,0.03468208092485549,116.47630057803465,1.9459101490553132,5.153291594497779
15540.0,1,247.38,10,0,At Risk Customers,247.38,11,0.09090909090909091,22.48909090909091,0.6931471805599453,2.3978952727983707
15542.0,3,855.71,147,1,Active Customers,285.2366666666667,148,0.02027027027027027,17.345472972972974,1.3862943611198906,4.997212273764115
15543.0,1,114.4,94,0,At Risk Customers,114.4,95,0.010526315789473684,1.2042105263157894,0.6931471805599453,4.553876891600541
15545.0,1,135.32999999999998,6,0,At Risk Customers,135.32999999999998,7,0.14285714285714285,19.33285714285714,0.6931471805599453,1.9459101490553132
15546.0,2,1079.1000000000001,241,1,Active Customers,539.5500000000001,242,0.008264462809917356,8.91818181818182,1.0986122886681096,5.488937726156687
15548.0,1,158.09,230,1,Active Customers,158.09,231,0.004329004329004329,0.6843722943722944,0.6931471805599453,5.442417710521793
15549.0,5,652.7,56,0,At Risk Customers,130.54000000000002,57,0.08771929824561403,57.25438596491228,1.791759469228055,4.04305126783455
15551.0,6,1243.75,29,0,At Risk Customers,207.29166666666666,30,0.2,248.75,1.9459101490553132,3.4011973816621555
15552.0,1,162.4,258,1,Active Customers,162.4,259,0.003861003861003861,0.6270270270270271,0.6931471805599453,5.556828061699537
15558.0,1,202.68,274,1,Active Customers,202.68,275,0.0036363636363636364,0.7370181818181818,0.6931471805599453,5.616771097666572
15559.0,1,1109.4,203,1,Active Customers,1109.4,204,0.004901960784313725,5.438235294117647,0.6931471805599453,5.318119993844216
15560.0,2,153.52,32,0,At Risk Customers,76.76,33,0.06060606060606061,9.304242424242425,1.0986122886681096,3.4965075614664802
15561.0,4,1133.8,18,0,At Risk Customers,283.45,19,0.21052631578947367,238.69473684210524,1.6094379124341003,2.9444389791664403
15562.0,2,536.88,59,0,At Risk Customers,268.44,60,0.03333333333333333,17.896,1.0986122886681096,4.0943445622221
15563.0,3,1459.02,149,1,Active Customers,486.34,150,0.02,29.1804,1.3862943611198906,5.0106352940962555
15564.0,2,70.74000000000001,98,0,At Risk Customers,35.370000000000005,99,0.020202020202020204,1.4290909090909094,1.0986122886681096,4.59511985013459
15566.0,2,227.87,27,0,At Risk Customers,113.935,28,0.07142857142857142,16.27642857142857,1.0986122886681096,3.332204510175204
15569.0,5,2207.74,25,0,At Risk Customers,441.54799999999994,26,0.19230769230769232,424.5653846153846,1.791759469228055,3.258096538021482
15572.0,3,1431.78,15,0,At Risk Customers,477.26,16,0.1875,268.45875,1.3862943611198906,2.772588722239781
15573.0,3,597.23,253,1,Active Customers,199.07666666666668,254,0.011811023622047244,7.053897637795275,1.3862943611198906,5.537334267018537
15574.0,3,774.84,7,0,At Risk Customers,258.28000000000003,8,0.375,290.56500000000005,1.3862943611198906,2.0794415416798357
15575.0,1,30.1,254,1,Active Customers,30.1,255,0.00392156862745098,0.11803921568627451,0.6931471805599453,5.541263545158426
15577.0,2,137.15,358,1,Active Customers,68.575,359,0.005571030640668524,0.764066852367688,1.0986122886681096,5.883322388488279
15579.0,3,923.03,18,0,At Risk Customers,307.6766666666667,19,0.15789473684210525,145.7415789473684,1.3862943611198906,2.9444389791664403
15583.0,1,95.96,11,0,At Risk Customers,95.96,12,0.08333333333333333,7.996666666666666,0.6931471805599453,2.4849066497880004
15584.0,2,547.34,34,0,At Risk Customers,273.67,35,0.05714285714285714,31.27657142857143,1.0986122886681096,3.5553480614894135
15586.0,3,1139.1,227,1,Active Customers,379.7,228,0.013157894736842105,14.98815789473684,1.3862943611198906,5.429345628954441
15587.0,3,608.4000000000001,27,0,At Risk Customers,202.80000000000004,28,0.10714285714285714,65.1857142857143,1.3862943611198906,3.332204510175204
15588.0,1,579.6,312,1,Active Customers,579.6,313,0.003194888178913738,1.8517571884984025,0.6931471805599453,5.746203190540153
15590.0,5,1496.6,17,0,At Risk Customers,299.32,18,0.2777777777777778,415.72222222222223,1.791759469228055,2.8903717578961645
15591.0,3,217.9,217,1,Active Customers,72.63333333333334,218,0.013761467889908258,2.9986238532110097,1.3862943611198906,5.384495062789089
15595.0,1,357.6,122,0,At Risk Customers,357.6,123,0.008130081300813009,2.907317073170732,0.6931471805599453,4.812184355372417
15597.0,1,238.8,210,1,Active Customers,238.8,211,0.004739336492890996,1.1317535545023698,0.6931471805599453,5.351858133476067
15598.0,1,307.34,62,0,At Risk Customers,307.34,63,0.015873015873015872,4.878412698412697,0.6931471805599453,4.143134726391533
15599.0,1,488.32,80,0,At Risk Customers,488.32,81,0.012345679012345678,6.028641975308641,0.6931471805599453,4.394449154672439
15600.0,4,1199.31,63,0,At Risk Customers,299.8275,64,0.0625,74.956875,1.6094379124341003,4.1588830833596715
15603.0,1,40.0,283,1,Active Customers,40.0,284,0.0035211267605633804,0.14084507042253522,0.6931471805599453,5.648974238161206
15605.0,5,738.57,8,0,At Risk Customers,147.714,9,0.5555555555555556,410.31666666666666,1.791759469228055,2.1972245773362196
15606.0,8,2310.83,25,0,At Risk Customers,288.85375,26,0.3076923076923077,711.0246153846155,2.1972245773362196,3.258096538021482
15607.0,8,1604.21,178,1,Active Customers,200.52625,179,0.0446927374301676,71.69653631284916,2.1972245773362196,5.187385805840755
15608.0,1,692.3,50,0,At Risk Customers,692.3,51,0.0196078431372549,13.574509803921568,0.6931471805599453,3.9318256327243257
15613.0,1,433.71999999999997,245,1,Active Customers,433.71999999999997,246,0.0040650406504065045,1.763089430894309,0.6931471805599453,5.5053315359323625
15614.0,4,3147.36,72,0,At Risk Customers,786.84,73,0.0547945205479452,172.45808219178082,1.6094379124341003,4.290459441148391
15616.0,1,317.11,73,0,At Risk Customers,317.11,74,0.013513513513513514,4.285270270270271,0.6931471805599453,4.304065093204169
15617.0,3,828.5500000000001,31,0,At Risk Customers,276.18333333333334,32,0.09375,77.67656249999999,1.3862943611198906,3.4657359027997265
15620.0,1,389.18,44,0,At Risk Customers,389.18,45,0.022222222222222223,8.648444444444445,0.6931471805599453,3.8066624897703196
15622.0,8,4143.05,62,0,At Risk Customers,517.88125,63,0.12698412698412698,526.1015873015873,2.1972245773362196,4.143134726391533
15623.0,7,2136.02,28,0,At Risk Customers,305.1457142857143,29,0.2413793103448276,515.5910344827587,2.0794415416798357,3.367295829986474
15625.0,5,1702.1399999999999,11,0,At Risk Customers,340.428,12,0.4166666666666667,709.225,1.791759469228055,2.4849066497880004
15626.0,1,391.72,56,0,At Risk Customers,391.72,57,0.017543859649122806,6.872280701754386,0.6931471805599453,4.04305126783455
15627.0,2,566.9,92,0,At Risk Customers,283.45,93,0.021505376344086023,12.191397849462366,1.0986122886681096,4.532599493153256
15629.0,4,2240.9,85,0,At Risk Customers,560.225,86,0.046511627906976744,104.2279069767442,1.6094379124341003,4.454347296253507
15630.0,1,295.05,279,1,Active Customers,295.05,280,0.0035714285714285713,1.05375,0.6931471805599453,5.634789603169249
15631.0,1,596.67,277,1,Active Customers,596.67,278,0.0035971223021582736,2.146294964028777,0.6931471805599453,5.627621113690637
15633.0,13,4335.96,144,0,At Risk Customers,333.5353846153846,145,0.0896551724137931,388.74124137931034,2.639057329615259,4.976733742420574
15634.0,1,311.1,18,0,At Risk Customers,311.1,19,0.05263157894736842,16.373684210526317,0.6931471805599453,2.9444389791664403
15635.0,1,100.35,30,0,At Risk Customers,100.35,31,0.03225806451612903,3.237096774193548,0.6931471805599453,3.4339872044851463
15636.0,2,719.82,72,0,At Risk Customers,359.91,73,0.0273972602739726,19.721095890410957,1.0986122886681096,4.290459441148391
15637.0,4,574.23,48,0,At Risk Customers,143.5575,49,0.08163265306122448,46.875918367346934,1.6094379124341003,3.8918202981106265
15639.0,2,639.76,86,0,At Risk Customers,319.88,87,0.022988505747126436,14.707126436781609,1.0986122886681096,4.465908118654584
15642.0,1,105.78000000000002,364,1,Active Customers,105.78000000000002,365,0.0027397260273972603,0.28980821917808225,0.6931471805599453,5.8998973535824915
15645.0,2,443.16,49,0,At Risk Customers,221.58,50,0.04,17.7264,1.0986122886681096,3.912023005428146
15646.0,3,526.97,7,0,At Risk Customers,175.65666666666667,8,0.375,197.61375,1.3862943611198906,2.0794415416798357
15647.0,1,169.0,50,0,At Risk Customers,169.0,51,0.0196078431372549,3.313725490196078,0.6931471805599453,3.9318256327243257
15650.0,2,553.88,156,1,Active Customers,276.94,157,0.012738853503184714,7.055796178343949,1.0986122886681096,5.056245805348308
15651.0,2,612.76,55,0,At Risk Customers,306.38,56,0.03571428571428571,21.884285714285713,1.0986122886681096,4.02535169073515
15652.0,4,1068.2,22,0,At Risk Customers,267.05,23,0.17391304347826086,185.77391304347827,1.6094379124341003,3.1354942159291497
15658.0,4,1399.3700000000001,7,0,At Risk Customers,349.84250000000003,8,0.5,699.6850000000001,1.6094379124341003,2.0794415416798357
15659.0,2,226.04,21,0,At Risk Customers,113.02,22,0.09090909090909091,20.54909090909091,1.0986122886681096,3.091042453358316
15661.0,6,906.15,14,0,At Risk Customers,151.025,15,0.4,362.46000000000004,1.9459101490553132,2.70805020110221
15662.0,2,283.73,296,1,Active Customers,141.865,297,0.006734006734006734,1.9106397306397307,1.0986122886681096,5.6937321388027
15664.0,3,867.6,84,0,At Risk Customers,289.2,85,0.03529411764705882,30.62117647058823,1.3862943611198906,4.442651256490317
15665.0,3,1764.86,46,0,At Risk Customers,588.2866666666666,47,0.06382978723404255,112.65063829787232,1.3862943611198906,3.8501476017100584
15666.0,2,632.9399999999999,107,0,At Risk Customers,316.46999999999997,108,0.018518518518518517,11.72111111111111,1.0986122886681096,4.68213122712422
15670.0,1,152.15,191,1,Active Customers,152.15,192,0.005208333333333333,0.7924479166666667,0.6931471805599453,5.2574953720277815
15672.0,1,45.300000000000004,360,1,Active Customers,45.300000000000004,361,0.002770083102493075,0.1254847645429363,0.6931471805599453,5.8888779583328805
15673.0,5,3478.09,86,0,At Risk Customers,695.618,87,0.05747126436781609,199.89022988505747,1.791759469228055,4.465908118654584
15674.0,8,4501.63,52,0,At Risk Customers,562.70375,53,0.1509433962264151,679.491320754717,2.1972245773362196,3.970291913552122
15675.0,1,218.35,39,0,At Risk Customers,218.35,40,0.025,5.45875,0.6931471805599453,3.6888794541139363
15677.0,2,648.4,56,0,At Risk Customers,324.2,57,0.03508771929824561,22.750877192982454,1.0986122886681096,4.04305126783455
15678.0,2,1473.24,30,0,At Risk Customers,736.62,31,0.06451612903225806,95.04774193548387,1.0986122886681096,3.4339872044851463
15682.0,2,318.24,234,1,Active Customers,159.12,235,0.00851063829787234,2.7084255319148935,1.0986122886681096,5.459585514144159
15683.0,1,330.79,108,0,At Risk Customers,330.79,109,0.009174311926605505,3.0347706422018352,0.6931471805599453,4.6913478822291435
15684.0,3,173.95,182,1,Active Customers,57.98333333333333,183,0.01639344262295082,2.851639344262295,1.3862943611198906,5.209486152841421
15685.0,1,55.980000000000004,85,0,At Risk Customers,55.980000000000004,86,0.011627906976744186,0.6509302325581395,0.6931471805599453,4.454347296253507
15686.0,1,90.0,55,0,At Risk Customers,90.0,56,0.017857142857142856,1.607142857142857,0.6931471805599453,4.02535169073515
15688.0,1,190.57,53,0,At Risk Customers,190.57,54,0.018518518518518517,3.5290740740740736,0.6931471805599453,3.9889840465642745
15689.0,1,266.93,252,1,Active Customers,266.93,253,0.003952569169960474,1.0550592885375494,0.6931471805599453,5.53338948872752
15691.0,3,434.5,29,0,At Risk Customers,144.83333333333334,30,0.1,43.45,1.3862943611198906,3.4011973816621555
15693.0,1,37.5,294,1,Active Customers,37.5,295,0.003389830508474576,0.1271186440677966,0.6931471805599453,5.68697535633982
15695.0,2,721.06,232,1,Active Customers,360.53,233,0.008583690987124463,6.189356223175965,1.0986122886681096,5.4510384535657
15696.0,5,1170.1100000000001,58,0,At Risk Customers,234.02200000000002,59,0.0847457627118644,99.16186440677967,1.791759469228055,4.07753744390572
15697.0,1,246.75,324,1,Active Customers,246.75,325,0.003076923076923077,0.7592307692307693,0.6931471805599453,5.783825182329737
15698.0,1,46.2,259,1,Active Customers,46.2,260,0.0038461538461538464,0.1776923076923077,0.6931471805599453,5.560681631015528
15702.0,2,140.39000000000001,111,0,At Risk Customers,70.19500000000001,112,0.017857142857142856,2.506964285714286,1.0986122886681096,4.718498871295094
15704.0,2,1441.04,137,0,At Risk Customers,720.52,138,0.014492753623188406,20.88463768115942,1.0986122886681096,4.927253685157205
15708.0,3,969.19,4,0,At Risk Customers,323.06333333333333,5,0.6,581.514,1.3862943611198906,1.6094379124341003
15709.0,1,194.6,224,1,Active Customers,194.6,225,0.0044444444444444444,0.8648888888888888,0.6931471805599453,5.41610040220442
15710.0,1,898.87,52,0,At Risk Customers,898.87,53,0.018867924528301886,16.959811320754717,0.6931471805599453,3.970291913552122
15711.0,2,420.25,191,1,Active Customers,210.125,192,0.010416666666666666,4.377604166666666,1.0986122886681096,5.2574953720277815
15714.0,3,453.93,88,0,At Risk Customers,151.31,89,0.033707865168539325,15.301011235955055,1.3862943611198906,4.48863636973214
15715.0,5,658.02,190,1,Active Customers,131.60399999999998,191,0.02617801047120419,17.22565445026178,1.791759469228055,5.25227342804663
15717.0,4,456.70000000000005,56,0,At Risk Customers,114.17500000000001,57,0.07017543859649122,32.04912280701755,1.6094379124341003,4.04305126783455
15718.0,1,293.79,175,1,Active Customers,293.79,176,0.005681818181818182,1.6692613636363638,0.6931471805599453,5.170483995038151
15720.0,1,140.49,185,1,Active Customers,140.49,186,0.005376344086021506,0.7553225806451614,0.6931471805599453,5.225746673713202
15722.0,6,3022.79,80,0,At Risk Customers,503.79833333333335,81,0.07407407407407407,223.91037037037034,1.9459101490553132,4.394449154672439
15723.0,3,740.0,46,0,At Risk Customers,246.66666666666666,47,0.06382978723404255,47.234042553191486,1.3862943611198906,3.8501476017100584
15724.0,1,92.6,35,0,At Risk Customers,92.6,36,0.027777777777777776,2.572222222222222,0.6931471805599453,3.58351893845611
15726.0,1,321.91,25,0,At Risk Customers,321.91,26,0.038461538461538464,12.381153846153849,0.6931471805599453,3.258096538021482
15728.0,2,544.6,14,0,At Risk Customers,272.3,15,0.13333333333333333,72.61333333333333,1.0986122886681096,2.70805020110221
15729.0,2,107.55000000000001,35,0,At Risk Customers,53.775000000000006,36,0.05555555555555555,5.9750000000000005,1.0986122886681096,3.58351893845611
15730.0,2,605.7,16,0,At Risk Customers,302.85,17,0.11764705882352941,71.25882352941177,1.0986122886681096,2.833213344056216
15731.0,1,125.3,188,1,Active Customers,125.3,189,0.005291005291005291,0.6629629629629629,0.6931471805599453,5.241747015059643
15734.0,2,923.85,71,0,At Risk Customers,461.925,72,0.027777777777777776,25.662499999999998,1.0986122886681096,4.276666119016055
15735.0,1,327.68,56,0,At Risk Customers,327.68,57,0.017543859649122806,5.748771929824561,0.6931471805599453,4.04305126783455
15736.0,2,1767.12,70,0,At Risk Customers,883.56,71,0.028169014084507043,49.778028169014085,1.0986122886681096,4.2626798770413155
15741.0,2,208.62,93,0,At Risk Customers,104.31,94,0.02127659574468085,4.438723404255319,1.0986122886681096,4.543294782270004
15742.0,1,156.87,254,1,Active Customers,156.87,255,0.00392156862745098,0.6151764705882353,0.6931471805599453,5.541263545158426
15748.0,2,465.45000000000005,84,0,At Risk Customers,232.72500000000002,85,0.023529411764705882,10.951764705882354,1.0986122886681096,4.442651256490317
15751.0,11,1380.44,95,0,At Risk Customers,125.49454545454546,96,0.11458333333333333,158.17541666666668,2.4849066497880004,4.564348191467836
15752.0,3,1557.96,7,0,At Risk Customers,519.32,8,0.375,584.235,1.3862943611198906,2.0794415416798357
15754.0,6,2579.04,128,0,At Risk Customers,429.84,129,0.046511627906976744,119.9553488372093,1.9459101490553132,4.859812404361672
15757.0,4,2225.94,21,0,At Risk Customers,556.485,22,0.18181818181818182,404.71636363636367,1.6094379124341003,3.091042453358316
15759.0,4,577.8900000000001,146,1,Active Customers,144.47250000000003,147,0.027210884353741496,15.724897959183675,1.6094379124341003,4.990432586778736
15760.0,2,13916.34,265,1,Active Customers,6958.17,266,0.007518796992481203,104.63413533834586,1.0986122886681096,5.583496308781699
15761.0,1,143.05,77,0,At Risk Customers,143.05,78,0.01282051282051282,1.8339743589743591,0.6931471805599453,4.356708826689592
15764.0,2,1223.1100000000001,69,0,At Risk Customers,611.5550000000001,70,0.02857142857142857,34.946000000000005,1.0986122886681096,4.248495242049359
15765.0,1,370.63,301,1,Active Customers,370.63,302,0.0033112582781456954,1.227251655629139,0.6931471805599453,5.71042701737487
15766.0,2,516.0,91,0,At Risk Customers,258.0,92,0.021739130434782608,11.217391304347826,1.0986122886681096,4.5217885770490405
15770.0,1,321.45,247,1,Active Customers,321.45,248,0.004032258064516129,1.2961693548387097,0.6931471805599453,5.5134287461649825
15771.0,3,1006.54,239,1,Active Customers,335.5133333333333,240,0.0125,12.58175,1.3862943611198906,5.480638923341991
15772.0,1,280.88,53,0,At Risk Customers,280.88,54,0.018518518518518517,5.201481481481481,0.6931471805599453,3.9889840465642745
15773.0,1,138.84,44,0,At Risk Customers,138.84,45,0.022222222222222223,3.0853333333333337,0.6931471805599453,3.8066624897703196
15774.0,5,1017.54,53,0,At Risk Customers,203.50799999999998,54,0.09259259259259259,94.21666666666665,1.791759469228055,3.9889840465642745
15775.0,1,45.6,266,1,Active Customers,45.6,267,0.003745318352059925,0.1707865168539326,0.6931471805599453,5.58724865840025
15777.0,3,715.5,31,0,At Risk Customers,238.5,32,0.09375,67.078125,1.3862943611198906,3.4657359027997265
15778.0,1,307.95,66,0,At Risk Customers,307.95,67,0.014925373134328358,4.5962686567164175,0.6931471805599453,4.204692619390966
15779.0,2,124.08000000000001,98,0,At Risk Customers,62.040000000000006,99,0.020202020202020204,2.5066666666666673,1.0986122886681096,4.59511985013459
15782.0,1,1399.36,65,0,At Risk Customers,1399.36,66,0.015151515151515152,21.202424242424243,0.6931471805599453,4.189654742026425
15784.0,2,848.3299999999999,102,0,At Risk Customers,424.16499999999996,103,0.019417475728155338,16.472427184466017,1.0986122886681096,4.634728988229636
15786.0,2,3582.62,52,0,At Risk Customers,1791.31,53,0.03773584905660377,135.1932075471698,1.0986122886681096,3.970291913552122
15788.0,1,221.82999999999998,143,1,Active Customers,221.82999999999998,144,0.006944444444444444,1.540486111111111,0.6931471805599453,4.969813299576001
15789.0,5,1610.71,66,0,At Risk Customers,322.142,67,0.07462686567164178,120.20223880597014,1.791759469228055,4.204692619390966
15791.0,3,1995.65,164,1,Active Customers,665.2166666666667,165,0.01818181818181818,36.28454545454545,1.3862943611198906,5.10594547390058
15792.0,2,933.84,34,0,At Risk Customers,466.92,35,0.05714285714285714,53.36228571428571,1.0986122886681096,3.5553480614894135
15793.0,5,1433.96,13,0,At Risk Customers,286.79200000000003,14,0.35714285714285715,512.1285714285715,1.791759469228055,2.639057329615259
15794.0,2,777.0,371,1,Active Customers,388.5,372,0.005376344086021506,4.17741935483871,1.0986122886681096,5.918893854273146
15795.0,7,1369.8600000000001,65,0,At Risk Customers,195.69428571428574,66,0.10606060606060606,145.28818181818184,2.0794415416798357,4.189654742026425
15797.0,2,613.6800000000001,216,1,Active Customers,306.84000000000003,217,0.009216589861751152,5.656036866359448,1.0986122886681096,5.37989735354046
15798.0,3,1535.37,127,0,At Risk Customers,511.78999999999996,128,0.0234375,35.985234375,1.3862943611198906,4.852030263919617
15799.0,1,537.1999999999999,53,0,At Risk Customers,537.1999999999999,54,0.018518518518518517,9.948148148148146,0.6931471805599453,3.9889840465642745
15800.0,5,530.18,88,0,At Risk Customers,106.03599999999999,89,0.056179775280898875,29.785393258426964,1.791759469228055,4.48863636973214
15803.0,3,1513.84,80,0,At Risk Customers,504.6133333333333,81,0.037037037037037035,56.06814814814814,1.3862943611198906,4.394449154672439
15807.0,2,913.62,43,0,At Risk Customers,456.81,44,0.045454545454545456,41.52818181818182,1.0986122886681096,3.784189633918261
15809.0,2,758.67,94,0,At Risk Customers,379.335,95,0.021052631578947368,15.972,1.0986122886681096,4.553876891600541
15810.0,4,1607.06,21,0,At Risk Customers,401.765,22,0.18181818181818182,292.19272727272727,1.6094379124341003,3.091042453358316
15812.0,7,3400.33,70,0,At Risk Customers,485.76142857142855,71,0.09859154929577464,335.2438028169014,2.0794415416798357,4.2626798770413155
15814.0,2,689.11,28,0,At Risk Customers,344.555,29,0.06896551724137931,47.5248275862069,1.0986122886681096,3.367295829986474
15816.0,2,144.14999999999998,177,1,Active Customers,72.07499999999999,178,0.011235955056179775,1.6196629213483142,1.0986122886681096,5.181783550292085
15817.0,3,2766.4,55,0,At Risk Customers,922.1333333333333,56,0.05357142857142857,148.2,1.3862943611198906,4.02535169073515
15818.0,1,340.5,223,1,Active Customers,340.5,224,0.004464285714285714,1.5200892857142856,0.6931471805599453,5.4116460518550396
15819.0,6,2029.34,66,0,At Risk Customers,338.2233333333333,67,0.08955223880597014,181.73194029850742,1.9459101490553132,4.204692619390966
15822.0,4,954.59,128,0,At Risk Customers,238.6475,129,0.031007751937984496,29.59968992248062,1.6094379124341003,4.859812404361672
15824.0,2,890.94,88,0,At Risk Customers,445.47,89,0.02247191011235955,20.021123595505617,1.0986122886681096,4.48863636973214
15826.0,1,943.97,203,1,Active Customers,943.97,204,0.004901960784313725,4.627303921568627,0.6931471805599453,5.318119993844216
15828.0,1,1108.82,10,0,At Risk Customers,1108.82,11,0.09090909090909091,100.80181818181818,0.6931471805599453,2.3978952727983707
15833.0,1,80.4,372,1,Active Customers,80.4,373,0.002680965147453083,0.2155495978552279,0.6931471805599453,5.921578419643816
15834.0,3,1539.24,11,0,At Risk Customers,513.08,12,0.25,384.81000000000006,1.3862943611198906,2.4849066497880004
15837.0,1,385.03000000000003,120,0,At Risk Customers,385.03000000000003,121,0.008264462809917356,3.18206611570248,0.6931471805599453,4.795790545596741
15841.0,5,1518.35,21,0,At Risk Customers,303.66999999999996,22,0.22727272727272727,345.07954545454544,1.791759469228055,3.091042453358316
15842.0,2,548.8,28,0,At Risk Customers,274.4,29,0.06896551724137931,37.84827586206896,1.0986122886681096,3.367295829986474
15845.0,3,714.51,171,1,Active Customers,238.17,172,0.01744186046511628,12.462383720930232,1.3862943611198906,5.147494476813453
15846.0,1,107.01,20,0,At Risk Customers,107.01,21,0.047619047619047616,5.095714285714286,0.6931471805599453,3.044522437723423
15847.0,3,433.3,63,0,At Risk Customers,144.43333333333334,64,0.046875,20.3109375,1.3862943611198906,4.1588830833596715
15848.0,1,137.99,256,1,Active Customers,137.99,257,0.0038910505836575876,0.5369260700389106,0.6931471805599453,5.54907608489522
15850.0,4,771.87,11,0,At Risk Customers,192.9675,12,0.3333333333333333,257.28999999999996,1.6094379124341003,2.4849066497880004
15851.0,1,109.73,161,1,Active Customers,109.73,162,0.006172839506172839,0.6773456790123457,0.6931471805599453,5.087596335232384
15852.0,1,96.55,161,1,Active Customers,96.55,162,0.006172839506172839,0.5959876543209877,0.6931471805599453,5.087596335232384
15855.0,1,340.48,111,0,At Risk Customers,340.48,112,0.008928571428571428,3.04,0.6931471805599453,4.718498871295094
15857.0,1,273.48,65,0,At Risk Customers,273.48,66,0.015151515151515152,4.1436363636363645,0.6931471805599453,4.189654742026425
15859.0,1,438.46,67,0,At Risk Customers,438.46,68,0.014705882352941176,6.447941176470588,0.6931471805599453,4.219507705176107
15861.0,4,1222.28,91,0,At Risk Customers,305.57,92,0.043478260869565216,53.14260869565217,1.6094379124341003,4.5217885770490405
15863.0,3,286.26,252,1,Active Customers,95.42,253,0.011857707509881422,3.3943873517786556,1.3862943611198906,5.53338948872752
15864.0,1,244.44000000000003,16,0,At Risk Customers,244.44000000000003,17,0.058823529411764705,14.378823529411767,0.6931471805599453,2.833213344056216
15865.0,2,1346.29,48,0,At Risk Customers,673.145,49,0.04081632653061224,54.950612244897954,1.0986122886681096,3.8918202981106265
15868.0,1,94.53,218,1,Active Customers,94.53,219,0.0045662100456621,0.4316438356164383,0.6931471805599453,5.389071729816501
15869.0,1,171.47,261,1,Active Customers,171.47,262,0.003816793893129771,0.6544656488549618,0.6931471805599453,5.568344503761097
15870.0,3,506.02,31,0,At Risk Customers,168.67333333333332,32,0.09375,47.439375,1.3862943611198906,3.4657359027997265
15871.0,1,33.099999999999994,72,0,At Risk Customers,33.099999999999994,73,0.0136986301369863,0.4534246575342465,0.6931471805599453,4.290459441148391
15872.0,2,413.0,13,0,At Risk Customers,206.5,14,0.14285714285714285,59.0,1.0986122886681096,2.639057329615259
15873.0,4,313.91999999999996,134,0,At Risk Customers,78.47999999999999,135,0.02962962962962963,9.301333333333332,1.6094379124341003,4.90527477843843
15875.0,1,108.52,281,1,Active Customers,108.52,282,0.0035460992907801418,0.38482269503546096,0.6931471805599453,5.641907070938114
15876.0,2,1449.1399999999999,44,0,At Risk Customers,724.5699999999999,45,0.044444444444444446,64.40622222222223,1.0986122886681096,3.8066624897703196
15878.0,2,330.77,196,1,Active Customers,165.385,197,0.01015228426395939,3.358071065989847,1.0986122886681096,5.2832037287379885
15879.0,4,1137.8,39,0,At Risk Customers,284.45,40,0.1,113.78,1.6094379124341003,3.6888794541139363
15880.0,1,329.03000000000003,4,0,At Risk Customers,329.03000000000003,5,0.2,65.80600000000001,0.6931471805599453,1.6094379124341003
15884.0,2,244.60000000000002,67,0,At Risk Customers,122.30000000000001,68,0.029411764705882353,7.194117647058824,1.0986122886681096,4.219507705176107
15886.0,3,871.78,51,0,At Risk Customers,290.5933333333333,52,0.057692307692307696,50.295,1.3862943611198906,3.9512437185814275
15887.0,3,1027.15,41,0,At Risk Customers,342.3833333333334,42,0.07142857142857142,73.36785714285715,1.3862943611198906,3.7376696182833684
15888.0,2,260.85,35,0,At Risk Customers,130.425,36,0.05555555555555555,14.491666666666667,1.0986122886681096,3.58351893845611
15890.0,5,535.65,29,0,At Risk Customers,107.13,30,0.16666666666666666,89.27499999999999,1.791759469228055,3.4011973816621555
15892.0,1,128.2,304,1,Active Customers,128.2,305,0.003278688524590164,0.420327868852459,0.6931471805599453,5.720311776607412
15893.0,1,305.28000000000003,116,0,At Risk Customers,305.28000000000003,117,0.008547008547008548,2.60923076923077,0.6931471805599453,4.762173934797756
15894.0,1,151.44,4,0,At Risk Customers,151.44,5,0.2,30.288,0.6931471805599453,1.6094379124341003
15899.0,1,56.25,3,0,At Risk Customers,56.25,4,0.25,14.0625,0.6931471805599453,1.3862943611198906
15900.0,3,549.29,48,0,At Risk Customers,183.09666666666666,49,0.061224489795918366,33.629999999999995,1.3862943611198906,3.8918202981106265
15901.0,4,335.99,86,0,At Risk Customers,83.9975,87,0.04597701149425287,15.447816091954023,1.6094379124341003,4.465908118654584
15902.0,1,145.01,15,0,At Risk Customers,145.01,16,0.0625,9.063125,0.6931471805599453,2.772588722239781
15905.0,1,114.69,178,1,Active Customers,114.69,179,0.00558659217877095,0.6407262569832403,0.6931471805599453,5.187385805840755
15906.0,3,962.5,9,0,At Risk Customers,320.8333333333333,10,0.3,288.75,1.3862943611198906,2.302585092994046
15908.0,2,758.62,125,0,At Risk Customers,379.31,126,0.015873015873015872,12.0415873015873,1.0986122886681096,4.836281906951478
15910.0,7,1432.29,35,0,At Risk Customers,204.61285714285714,36,0.19444444444444445,278.50083333333333,2.0794415416798357,3.58351893845611
15911.0,8,1700.24,258,1,Active Customers,212.53,259,0.03088803088803089,52.51706563706564,2.1972245773362196,5.556828061699537
15912.0,7,810.08,71,0,At Risk Customers,115.72571428571429,72,0.09722222222222222,78.75777777777779,2.0794415416798357,4.276666119016055
15913.0,1,6.300000000000001,169,1,Active Customers,6.300000000000001,170,0.0058823529411764705,0.03705882352941177,0.6931471805599453,5.135798437050262
15914.0,2,205.99,13,0,At Risk Customers,102.995,14,0.14285714285714285,29.427142857142858,1.0986122886681096,2.639057329615259
15915.0,1,364.45,36,0,At Risk Customers,364.45,37,0.02702702702702703,9.85,0.6931471805599453,3.6109179126442243
15917.0,4,407.07,241,1,Active Customers,101.7675,242,0.01652892561983471,6.728429752066115,1.6094379124341003,5.488937726156687
15918.0,1,248.65,266,1,Active Customers,248.65,267,0.003745318352059925,0.9312734082397004,0.6931471805599453,5.58724865840025
15919.0,1,214.07999999999998,3,0,At Risk Customers,214.07999999999998,4,0.25,53.519999999999996,0.6931471805599453,1.3862943611198906
15920.0,5,401.64,59,0,At Risk Customers,80.328,60,0.08333333333333333,33.47,1.791759469228055,4.0943445622221
15921.0,3,452.23,31,0,At Risk Customers,150.74333333333334,32,0.09375,42.3965625,1.3862943611198906,3.4657359027997265
15922.0,1,369.5,8,0,At Risk Customers,369.5,9,0.1111111111111111,41.05555555555555,0.6931471805599453,2.1972245773362196
15923.0,1,127.08,7,0,At Risk Customers,127.08,8,0.125,15.885,0.6931471805599453,2.0794415416798357
15924.0,1,102.82,366,1,Active Customers,102.82,367,0.0027247956403269754,0.2801634877384196,0.6931471805599453,5.905361848054571
15926.0,1,134.44,177,1,Active Customers,134.44,178,0.0056179775280898875,0.7552808988764045,0.6931471805599453,5.181783550292085
15927.0,1,106.54,282,1,Active Customers,106.54,283,0.0035335689045936395,0.3764664310954064,0.6931471805599453,5.645446897643238
15928.0,1,293.53,291,1,Active Customers,293.53,292,0.003424657534246575,1.005239726027397,0.6931471805599453,5.676753802268282
15929.0,1,594.0,279,1,Active Customers,594.0,280,0.0035714285714285713,2.1214285714285714,0.6931471805599453,5.634789603169249
15931.0,1,239.9,63,0,At Risk Customers,239.9,64,0.015625,3.7484375,0.6931471805599453,4.1588830833596715
15934.0,2,2190.66,52,0,At Risk Customers,1095.33,53,0.03773584905660377,82.66641509433961,1.0986122886681096,3.970291913552122
15936.0,2,282.79,14,0,At Risk Customers,141.395,15,0.13333333333333333,37.705333333333336,1.0986122886681096,2.70805020110221
15938.0,4,330.23,91,0,At Risk Customers,82.5575,92,0.043478260869565216,14.357826086956521,1.6094379124341003,4.5217885770490405
15939.0,1,2945.38,9,0,At Risk Customers,2945.38,10,0.1,294.538,0.6931471805599453,2.302585092994046
15941.0,1,405.0,272,1,Active Customers,405.0,273,0.003663003663003663,1.4835164835164836,0.6931471805599453,5.60947179518496
15943.0,2,271.28999999999996,284,1,Active Customers,135.64499999999998,285,0.007017543859649123,1.9037894736842103,1.0986122886681096,5.652489180268651
15944.0,3,1839.1399999999999,28,0,At Risk Customers,613.0466666666666,29,0.10344827586206896,190.2558620689655,1.3862943611198906,3.367295829986474
15946.0,3,2304.18,137,0,At Risk Customers,768.06,138,0.021739130434782608,50.09086956521739,1.3862943611198906,4.927253685157205
15948.0,1,553.85,59,0,At Risk Customers,553.85,60,0.016666666666666666,9.230833333333333,0.6931471805599453,4.0943445622221
15951.0,1,304.95,16,0,At Risk Customers,304.95,17,0.058823529411764705,17.938235294117646,0.6931471805599453,2.833213344056216
15954.0,1,190.75,224,1,Active Customers,190.75,225,0.0044444444444444444,0.8477777777777777,0.6931471805599453,5.41610040220442
15956.0,2,617.6,186,1,Active Customers,308.8,187,0.0106951871657754,6.605347593582888,1.0986122886681096,5.231108616854587
15957.0,2,492.36,55,0,At Risk Customers,246.18,56,0.03571428571428571,17.584285714285713,1.0986122886681096,4.02535169073515
15958.0,3,357.77,38,0,At Risk Customers,119.25666666666666,39,0.07692307692307693,27.520769230769233,1.3862943611198906,3.6635616461296463
15959.0,3,542.89,317,1,Active Customers,180.96333333333334,318,0.009433962264150943,5.121603773584905,1.3862943611198906,5.762051382780177
15960.0,4,410.95,9,0,At Risk Customers,102.7375,10,0.4,164.38,1.6094379124341003,2.302585092994046
15961.0,1,451.28999999999996,14,0,At Risk Customers,451.28999999999996,15,0.06666666666666667,30.086,0.6931471805599453,2.70805020110221
15962.0,1,289.48,84,0,At Risk Customers,289.48,85,0.011764705882352941,3.4056470588235297,0.6931471805599453,4.442651256490317
15964.0,1,269.21000000000004,298,1,Active Customers,269.21000000000004,299,0.0033444816053511705,0.9003678929765887,0.6931471805599453,5.700443573390686
15966.0,1,426.53000000000003,85,0,At Risk Customers,426.53000000000003,86,0.011627906976744186,4.959651162790698,0.6931471805599453,4.454347296253507
15968.0,1,404.55,23,0,At Risk Customers,404.55,24,0.041666666666666664,16.85625,0.6931471805599453,3.1780538303479458
15969.0,2,460.95,60,0,At Risk Customers,230.475,61,0.03278688524590164,15.113114754098362,1.0986122886681096,4.110873864173311
15970.0,1,703.22,233,1,Active Customers,703.22,234,0.004273504273504274,3.0052136752136756,0.6931471805599453,5.455321115357702
15971.0,6,1702.98,20,0,At Risk Customers,283.83,21,0.2857142857142857,486.56571428571425,1.9459101490553132,3.044522437723423
15972.0,5,1769.33,91,0,At Risk Customers,353.866,92,0.05434782608695652,96.15923913043477,1.791759469228055,4.5217885770490405
15976.0,4,1266.77,45,0,At Risk Customers,316.6925,46,0.08695652173913043,110.15391304347825,1.6094379124341003,3.828641396489095
15978.0,2,2180.64,67,0,At Risk Customers,1090.32,68,0.029411764705882353,64.13647058823528,1.0986122886681096,4.219507705176107
15979.0,1,329.22,237,1,Active Customers,329.22,238,0.004201680672268907,1.38327731092437,0.6931471805599453,5.472270673671475
15980.0,4,4144.82,125,0,At Risk Customers,1036.205,126,0.031746031746031744,131.5815873015873,1.6094379124341003,4.836281906951478
15982.0,1,324.51,240,1,Active Customers,324.51,241,0.004149377593360996,1.3465145228215767,0.6931471805599453,5.484796933490655
15985.0,5,1572.8600000000001,71,0,At Risk Customers,314.572,72,0.06944444444444445,109.2263888888889,1.791759469228055,4.276666119016055
15986.0,1,186.3,16,0,At Risk Customers,186.3,17,0.058823529411764705,10.958823529411765,0.6931471805599453,2.833213344056216
15987.0,2,216.7,3,0,At Risk Customers,108.35,4,0.5,108.35,1.0986122886681096,1.3862943611198906
15988.0,2,582.11,186,1,Active Customers,291.055,187,0.0106951871657754,6.2257754010695185,1.0986122886681096,5.231108616854587
15989.0,2,368.31,10,0,At Risk Customers,184.155,11,0.18181818181818182,66.96545454545455,1.0986122886681096,2.3978952727983707
15990.0,5,1205.64,129,0,At Risk Customers,241.12800000000001,130,0.038461538461538464,46.370769230769234,1.791759469228055,4.867534450455582
15991.0,1,150.55,169,1,Active Customers,150.55,170,0.0058823529411764705,0.8855882352941177,0.6931471805599453,5.135798437050262
15992.0,2,854.61,31,0,At Risk Customers,427.305,32,0.0625,53.413125,1.0986122886681096,3.4657359027997265
15994.0,2,761.4100000000001,46,0,At Risk Customers,380.70500000000004,47,0.0425531914893617,32.4004255319149,1.0986122886681096,3.8501476017100584
15995.0,1,694.54,49,0,At Risk Customers,694.54,50,0.02,13.890799999999999,0.6931471805599453,3.912023005428146
15996.0,2,617.07,1,0,At Risk Customers,308.535,2,1.0,617.07,1.0986122886681096,0.6931471805599453
15999.0,1,20.4,370,1,Active Customers,20.4,371,0.0026954177897574125,0.05498652291105121,0.6931471805599453,5.916202062607435
16001.0,1,583.39,16,0,At Risk Customers,583.39,17,0.058823529411764705,34.31705882352941,0.6931471805599453,2.833213344056216
16002.0,1,169.21,260,1,Active Customers,169.21,261,0.0038314176245210726,0.6483141762452107,0.6931471805599453,5.564520407322694
16004.0,5,2146.39,109,0,At Risk Customers,429.27799999999996,110,0.045454545454545456,97.56318181818182,1.791759469228055,4.700480365792417
16006.0,1,231.42,22,0,At Risk Customers,231.42,23,0.043478260869565216,10.061739130434782,0.6931471805599453,3.1354942159291497
16007.0,3,1359.25,18,0,At Risk Customers,453.0833333333333,19,0.15789473684210525,214.61842105263156,1.3862943611198906,2.9444389791664403
16012.0,2,1563.3,36,0,At Risk Customers,781.65,37,0.05405405405405406,84.5027027027027,1.0986122886681096,3.6109179126442243
16014.0,2,453.45,43,0,At Risk Customers,226.725,44,0.045454545454545456,20.611363636363638,1.0986122886681096,3.784189633918261
16017.0,4,1333.7,52,0,At Risk Customers,333.425,53,0.07547169811320754,100.6566037735849,1.6094379124341003,3.970291913552122
16018.0,2,289.23,31,0,At Risk Customers,144.615,32,0.0625,18.076875,1.0986122886681096,3.4657359027997265
16021.0,2,487.03,30,0,At Risk Customers,243.515,31,0.06451612903225806,31.421290322580642,1.0986122886681096,3.4339872044851463
16024.0,2,232.96,46,0,At Risk Customers,116.48,47,0.0425531914893617,9.913191489361703,1.0986122886681096,3.8501476017100584
16027.0,9,1113.74,92,0,At Risk Customers,123.74888888888889,93,0.0967741935483871,107.78129032258065,2.302585092994046,4.532599493153256
16028.0,1,82.2,230,1,Active Customers,82.2,231,0.004329004329004329,0.35584415584415585,0.6931471805599453,5.442417710521793
16032.0,6,1965.72,91,0,At Risk Customers,327.62,92,0.06521739130434782,128.1991304347826,1.9459101490553132,4.5217885770490405
16034.0,3,473.62,29,0,At Risk Customers,157.87333333333333,30,0.1,47.362,1.3862943611198906,3.4011973816621555
16035.0,1,217.73,195,1,Active Customers,217.73,196,0.00510204081632653,1.1108673469387753,0.6931471805599453,5.278114659230518
16036.0,2,1797.92,59,0,At Risk Customers,898.96,60,0.03333333333333333,59.93066666666667,1.0986122886681096,4.0943445622221
16037.0,2,654.32,179,1,Active Customers,327.16,180,0.011111111111111112,7.270222222222223,1.0986122886681096,5.19295685089021
16039.0,2,456.4,58,0,At Risk Customers,228.2,59,0.03389830508474576,15.471186440677965,1.0986122886681096,4.07753744390572
16040.0,4,1103.35,65,0,At Risk Customers,275.8375,66,0.06060606060606061,66.86969696969696,1.6094379124341003,4.189654742026425
16042.0,3,1067.85,14,0,At Risk Customers,355.95,15,0.2,213.57,1.3862943611198906,2.70805020110221
16043.0,4,1082.6000000000001,14,0,At Risk Customers,270.65000000000003,15,0.26666666666666666,288.6933333333334,1.6094379124341003,2.70805020110221
16044.0,1,340.84000000000003,70,0,At Risk Customers,340.84000000000003,71,0.014084507042253521,4.800563380281691,0.6931471805599453,4.2626798770413155
16045.0,4,2094.23,51,0,At Risk Customers,523.5575,52,0.07692307692307693,161.0946153846154,1.6094379124341003,3.9512437185814275
16046.0,1,235.78,197,1,Active Customers,235.78,198,0.005050505050505051,1.190808080808081,0.6931471805599453,5.288267030694535
16047.0,1,107.14,317,1,Active Customers,107.14,318,0.0031446540880503146,0.3369182389937107,0.6931471805599453,5.762051382780177
16048.0,4,818.7900000000001,8,0,At Risk Customers,204.69750000000002,9,0.4444444444444444,363.9066666666667,1.6094379124341003,2.1972245773362196
16049.0,3,777.34,10,0,At Risk Customers,259.11333333333334,11,0.2727272727272727,212.00181818181818,1.3862943611198906,2.3978952727983707
16050.0,2,162.8,18,0,At Risk Customers,81.4,19,0.10526315789473684,17.13684210526316,1.0986122886681096,2.9444389791664403
16051.0,1,188.44,316,1,Active Customers,188.44,317,0.0031545741324921135,0.5944479495268139,0.6931471805599453,5.75890177387728
16053.0,4,2122.89,48,0,At Risk Customers,530.7225,49,0.08163265306122448,173.29714285714283,1.6094379124341003,3.8918202981106265
16054.0,3,1327.98,53,0,At Risk Customers,442.66,54,0.05555555555555555,73.77666666666666,1.3862943611198906,3.9889840465642745
16057.0,3,1591.73,154,1,Active Customers,530.5766666666667,155,0.01935483870967742,30.80767741935484,1.3862943611198906,5.043425116919247
16058.0,1,62.7,41,0,At Risk Customers,62.7,42,0.023809523809523808,1.4928571428571429,0.6931471805599453,3.7376696182833684
16060.0,3,541.95,35,0,At Risk Customers,180.65,36,0.08333333333333333,45.1625,1.3862943611198906,3.58351893845611
16061.0,1,89.65,66,0,At Risk Customers,89.65,67,0.014925373134328358,1.3380597014925373,0.6931471805599453,4.204692619390966
16062.0,4,1709.83,14,0,At Risk Customers,427.4575,15,0.26666666666666666,455.95466666666664,1.6094379124341003,2.70805020110221
16064.0,1,109.31,360,1,Active Customers,109.31,361,0.002770083102493075,0.302797783933518,0.6931471805599453,5.8888779583328805
16067.0,3,3269.11,197,1,Active Customers,1089.7033333333334,198,0.015151515151515152,49.5319696969697,1.3862943611198906,5.288267030694535
16068.0,1,115.73,228,1,Active Customers,115.73,229,0.004366812227074236,0.5053711790393013,0.6931471805599453,5.43372200355424
16069.0,1,457.7,52,0,At Risk Customers,457.7,53,0.018867924528301886,8.635849056603773,0.6931471805599453,3.970291913552122
16071.0,3,750.5600000000001,162,1,Active Customers,250.1866666666667,163,0.018404907975460124,13.813987730061351,1.3862943611198906,5.093750200806762
16072.0,3,3595.77,63,0,At Risk Customers,1198.59,64,0.046875,168.55171874999996,1.3862943611198906,4.1588830833596715
16074.0,1,252.5,25,0,At Risk Customers,252.5,26,0.038461538461538464,9.711538461538462,0.6931471805599453,3.258096538021482
16075.0,2,736.9300000000001,137,0,At Risk Customers,368.46500000000003,138,0.014492753623188406,10.680144927536233,1.0986122886681096,4.927253685157205
16077.0,1,2300.4,260,1,Active Customers,2300.4,261,0.0038314176245210726,8.813793103448276,0.6931471805599453,5.564520407322694
16078.0,1,283.79,304,1,Active Customers,283.79,305,0.003278688524590164,0.9304590163934426,0.6931471805599453,5.720311776607412
16080.0,2,385.40000000000003,20,0,At Risk Customers,192.70000000000002,21,0.09523809523809523,36.70476190476191,1.0986122886681096,3.044522437723423
16082.0,1,106.75,305,1,Active Customers,106.75,306,0.0032679738562091504,0.34885620915032683,0.6931471805599453,5.723585101952381
16083.0,2,1033.8,17,0,At Risk Customers,516.9,18,0.1111111111111111,114.86666666666666,1.0986122886681096,2.8903717578961645
16085.0,7,1359.52,15,0,At Risk Customers,194.21714285714285,16,0.4375,594.79,2.0794415416798357,2.772588722239781
16087.0,5,1739.92,24,0,At Risk Customers,347.98400000000004,25,0.2,347.98400000000004,1.791759469228055,3.2188758248682006
16088.0,2,1437.43,210,1,Active Customers,718.715,211,0.009478672985781991,13.624928909952608,1.0986122886681096,5.351858133476067
16089.0,2,263.49,21,0,At Risk Customers,131.745,22,0.09090909090909091,23.953636363636367,1.0986122886681096,3.091042453358316
16090.0,1,180.56,259,1,Active Customers,180.56,260,0.0038461538461538464,0.6944615384615385,0.6931471805599453,5.560681631015528
16092.0,3,770.08,139,0,At Risk Customers,256.6933333333333,140,0.02142857142857143,16.501714285714286,1.3862943611198906,4.941642422609304
16095.0,1,447.05,91,0,At Risk Customers,447.05,92,0.010869565217391304,4.859239130434783,0.6931471805599453,4.5217885770490405
16096.0,3,1264.3500000000001,51,0,At Risk Customers,421.45000000000005,52,0.057692307692307696,72.94326923076925,1.3862943611198906,3.9512437185814275
16099.0,4,841.3,52,0,At Risk Customers,210.325,53,0.07547169811320754,63.494339622641505,1.6094379124341003,3.970291913552122
16100.0,1,582.64,97,0,At Risk Customers,582.64,98,0.01020408163265306,5.945306122448979,0.6931471805599453,4.584967478670572
16101.0,3,1938.46,69,0,At Risk Customers,646.1533333333333,70,0.04285714285714286,83.07685714285715,1.3862943611198906,4.248495242049359
16104.0,8,2476.25,53,0,At Risk Customers,309.53125,54,0.14814814814814814,366.85185185185185,2.1972245773362196,3.9889840465642745
16105.0,4,2049.23,73,0,At Risk Customers,512.3075,74,0.05405405405405406,110.76918918918919,1.6094379124341003,4.304065093204169
16108.0,3,1393.42,69,0,At Risk Customers,464.47333333333336,70,0.04285714285714286,59.718,1.3862943611198906,4.248495242049359
16109.0,1,327.6,333,1,Active Customers,327.6,334,0.0029940119760479044,0.9808383233532936,0.6931471805599453,5.8111409929767
16110.0,1,460.64,157,1,Active Customers,460.64,158,0.006329113924050633,2.9154430379746836,0.6931471805599453,5.062595033026967
16111.0,1,549.33,63,0,At Risk Customers,549.33,64,0.015625,8.58328125,0.6931471805599453,4.1588830833596715
16115.0,4,892.92,32,0,At Risk Customers,223.23,33,0.12121212121212122,108.23272727272727,1.6094379124341003,3.4965075614664802
16117.0,2,422.19,37,0,At Risk Customers,211.095,38,0.05263157894736842,22.22052631578947,1.0986122886681096,3.6375861597263857
16118.0,1,4376.25,287,1,Active Customers,4376.25,288,0.003472222222222222,15.1953125,0.6931471805599453,5.662960480135946
16119.0,6,1297.45,29,0,At Risk Customers,216.24166666666667,30,0.2,259.49,1.9459101490553132,3.4011973816621555
16120.0,2,1658.3700000000001,57,0,At Risk Customers,829.1850000000001,58,0.034482758620689655,57.185172413793104,1.0986122886681096,4.060443010546419
16121.0,3,595.38,25,0,At Risk Customers,198.46,26,0.11538461538461539,68.69769230769231,1.3862943611198906,3.258096538021482
16122.0,3,316.92,1,0,At Risk Customers,105.64,2,1.5,475.38,1.3862943611198906,0.6931471805599453
16124.0,3,1523.49,53,0,At Risk Customers,507.83,54,0.05555555555555555,84.63833333333334,1.3862943611198906,3.9889840465642745
16127.0,1,145.06,361,1,Active Customers,145.06,362,0.0027624309392265192,0.4007182320441989,0.6931471805599453,5.891644211825771
16128.0,6,1920.83,15,0,At Risk Customers,320.1383333333333,16,0.375,720.31125,1.9459101490553132,2.772588722239781
16129.0,3,1396.05,42,0,At Risk Customers,465.34999999999997,43,0.06976744186046512,97.39883720930231,1.3862943611198906,3.7612001156935624
16130.0,4,987.48,57,0,At Risk Customers,246.87,58,0.06896551724137931,68.10206896551725,1.6094379124341003,4.060443010546419
16132.0,2,664.1999999999999,179,1,Active Customers,332.09999999999997,180,0.011111111111111112,7.38,1.0986122886681096,5.19295685089021
16134.0,3,1527.25,58,0,At Risk Customers,509.0833333333333,59,0.05084745762711865,77.65677966101696,1.3862943611198906,4.07753744390572
16135.0,1,301.9,218,1,Active Customers,301.9,219,0.0045662100456621,1.378538812785388,0.6931471805599453,5.389071729816501
16136.0,1,237.42,298,1,Active Customers,237.42,299,0.0033444816053511705,0.7940468227424748,0.6931471805599453,5.700443573390686
16137.0,1,422.7,315,1,Active Customers,422.7,316,0.0031645569620253164,1.3376582278481013,0.6931471805599453,5.755742213586912
16138.0,3,910.35,13,0,At Risk Customers,303.45,14,0.21428571428571427,195.07499999999996,1.3862943611198906,2.639057329615259
16139.0,2,475.74,357,1,Active Customers,237.87,358,0.00558659217877095,2.6577653631284917,1.0986122886681096,5.8805329864007
16140.0,2,832.4200000000001,6,0,At Risk Customers,416.21000000000004,7,0.2857142857142857,237.83428571428573,1.0986122886681096,1.9459101490553132
16141.0,1,335.54,52,0,At Risk Customers,335.54,53,0.018867924528301886,6.330943396226416,0.6931471805599453,3.970291913552122
16146.0,1,212.25,83,0,At Risk Customers,212.25,84,0.011904761904761904,2.526785714285714,0.6931471805599453,4.430816798843313
16147.0,4,2023.91,35,0,At Risk Customers,505.9775,36,0.1111111111111111,224.8788888888889,1.6094379124341003,3.58351893845611
16148.0,1,310.3,71,0,At Risk Customers,310.3,72,0.013888888888888888,4.309722222222222,0.6931471805599453,4.276666119016055
16149.0,1,141.70000000000002,64,0,At Risk Customers,141.70000000000002,65,0.015384615384615385,2.1800000000000006,0.6931471805599453,4.174387269895637
16153.0,6,3309.2599999999998,55,0,At Risk Customers,551.5433333333333,56,0.10714285714285714,354.5635714285714,1.9459101490553132,4.02535169073515
16155.0,5,796.9,16,0,At Risk Customers,159.38,17,0.29411764705882354,234.38235294117646,1.791759469228055,2.833213344056216
16158.0,9,628.32,157,1,Active Customers,69.81333333333333,158,0.056962025316455694,35.79037974683544,2.302585092994046,5.062595033026967
16159.0,3,884.59,105,0,At Risk Customers,294.86333333333334,106,0.02830188679245283,25.03556603773585,1.3862943611198906,4.663439094112067
16165.0,1,79.9,140,1,Active Customers,79.9,141,0.0070921985815602835,0.5666666666666667,0.6931471805599453,4.948759890378168
16166.0,2,435.83,63,0,At Risk Customers,217.915,64,0.03125,13.6196875,1.0986122886681096,4.1588830833596715
16167.0,5,1386.1200000000001,49,0,At Risk Customers,277.22400000000005,50,0.1,138.61200000000005,1.791759469228055,3.912023005428146
16172.0,3,744.34,108,0,At Risk Customers,248.11333333333334,109,0.027522935779816515,20.486422018348627,1.3862943611198906,4.6913478822291435
16174.0,4,1237.2,126,0,At Risk Customers,309.3,127,0.031496062992125984,38.966929133858265,1.6094379124341003,4.844187086458591
16175.0,3,798.85,106,0,At Risk Customers,266.28333333333336,107,0.028037383177570093,22.397663551401873,1.3862943611198906,4.672828834461906
16176.0,4,2052.69,56,0,At Risk Customers,513.1725,57,0.07017543859649122,144.04842105263157,1.6094379124341003,4.04305126783455
16177.0,7,1915.36,71,0,At Risk Customers,273.62285714285713,72,0.09722222222222222,186.21555555555554,2.0794415416798357,4.276666119016055
16178.0,1,414.7,36,0,At Risk Customers,414.7,37,0.02702702702702703,11.208108108108108,0.6931471805599453,3.6109179126442243
16180.0,5,5995.69,113,0,At Risk Customers,1199.138,114,0.043859649122807015,262.96885964912275,1.791759469228055,4.736198448394496
16182.0,5,3354.0,73,0,At Risk Customers,670.8,74,0.06756756756756757,226.62162162162164,1.791759469228055,4.304065093204169
16183.0,3,739.1,29,0,At Risk Customers,246.36666666666667,30,0.1,73.91000000000001,1.3862943611198906,3.4011973816621555
16185.0,1,115.31,199,1,Active Customers,115.31,200,0.005,0.57655,0.6931471805599453,5.298317366548036
16188.0,1,105.80000000000001,43,0,At Risk Customers,105.80000000000001,44,0.022727272727272728,2.4045454545454548,0.6931471805599453,3.784189633918261
16190.0,7,2508.4700000000003,29,0,At Risk Customers,358.3528571428572,30,0.23333333333333334,585.3096666666668,2.0794415416798357,3.4011973816621555
16192.0,1,351.3,370,1,Active Customers,351.3,371,0.0026954177897574125,0.9469002695417791,0.6931471805599453,5.916202062607435
16193.0,1,315.98,45,0,At Risk Customers,315.98,46,0.021739130434782608,6.869130434782609,0.6931471805599453,3.828641396489095
16194.0,1,308.59999999999997,10,0,At Risk Customers,308.59999999999997,11,0.09090909090909091,28.05454545454545,0.6931471805599453,2.3978952727983707
16195.0,1,323.25,358,1,Active Customers,323.25,359,0.002785515320334262,0.9004178272980501,0.6931471805599453,5.883322388488279
16196.0,1,93.3,123,0,At Risk Customers,93.3,124,0.008064516129032258,0.7524193548387096,0.6931471805599453,4.820281565605037
16197.0,9,2016.71,104,0,At Risk Customers,224.07888888888888,105,0.08571428571428572,172.86085714285716,2.302585092994046,4.653960350157523
16198.0,1,629.36,72,0,At Risk Customers,629.36,73,0.0136986301369863,8.621369863013697,0.6931471805599453,4.290459441148391
16199.0,7,942.75,27,0,At Risk Customers,134.67857142857142,28,0.25,235.68749999999997,2.0794415416798357,3.332204510175204
16201.0,1,248.65,50,0,At Risk Customers,248.65,51,0.0196078431372549,4.875490196078432,0.6931471805599453,3.9318256327243257
16202.0,8,2136.72,52,0,At Risk Customers,267.09,53,0.1509433962264151,322.5237735849056,2.1972245773362196,3.970291913552122
16203.0,3,521.64,7,0,At Risk Customers,173.88,8,0.375,195.615,1.3862943611198906,2.0794415416798357
16204.0,2,534.53,15,0,At Risk Customers,267.265,16,0.125,66.81625,1.0986122886681096,2.772588722239781
16205.0,3,1062.48,31,0,At Risk Customers,354.16,32,0.09375,99.6075,1.3862943611198906,3.4657359027997265
16208.0,8,2776.19,29,0,At Risk Customers,347.02375,30,0.26666666666666666,740.3173333333333,2.1972245773362196,3.4011973816621555
16209.0,4,1884.16,17,0,At Risk Customers,471.04,18,0.2222222222222222,418.7022222222222,1.6094379124341003,2.8903717578961645
16211.0,2,543.5699999999999,56,0,At Risk Customers,271.78499999999997,57,0.03508771929824561,19.072631578947366,1.0986122886681096,4.04305126783455
16212.0,2,603.37,253,1,Active Customers,301.685,254,0.007874015748031496,4.7509448818897635,1.0986122886681096,5.537334267018537
16214.0,1,975.5,70,0,At Risk Customers,975.5,71,0.014084507042253521,13.73943661971831,0.6931471805599453,4.2626798770413155
16219.0,1,40.8,135,0,At Risk Customers,40.8,136,0.007352941176470588,0.3,0.6931471805599453,4.912654885736052
16222.0,1,498.5,356,1,Active Customers,498.5,357,0.0028011204481792717,1.3963585434173669,0.6931471805599453,5.877735781779639
16223.0,2,1087.05,9,0,At Risk Customers,543.525,10,0.2,217.41,1.0986122886681096,2.302585092994046
16224.0,1,321.24,22,0,At Risk Customers,321.24,23,0.043478260869565216,13.96695652173913,0.6931471805599453,3.1354942159291497
16225.0,10,1762.99,37,0,At Risk Customers,176.299,38,0.2631578947368421,463.9447368421052,2.3978952727983707,3.6375861597263857
16226.0,2,417.05,13,0,At Risk Customers,208.525,14,0.14285714285714285,59.57857142857143,1.0986122886681096,2.639057329615259
16227.0,2,713.0,129,0,At Risk Customers,356.5,130,0.015384615384615385,10.96923076923077,1.0986122886681096,4.867534450455582
16228.0,3,885.71,20,0,At Risk Customers,295.2366666666667,21,0.14285714285714285,126.53,1.3862943611198906,3.044522437723423
16229.0,4,1857.26,16,0,At Risk Customers,464.315,17,0.23529411764705882,437.00235294117647,1.6094379124341003,2.833213344056216
16231.0,4,1074.47,14,0,At Risk Customers,268.6175,15,0.26666666666666666,286.5253333333333,1.6094379124341003,2.70805020110221
16232.0,3,1722.09,55,0,At Risk Customers,574.03,56,0.05357142857142857,92.25482142857142,1.3862943611198906,4.02535169073515
16234.0,3,333.18,111,0,At Risk Customers,111.06,112,0.026785714285714284,8.924464285714285,1.3862943611198906,4.718498871295094
16235.0,4,1186.4,10,0,At Risk Customers,296.6,11,0.36363636363636365,431.41818181818184,1.6094379124341003,2.3978952727983707
16237.0,1,136.65,72,0,At Risk Customers,136.65,73,0.0136986301369863,1.871917808219178,0.6931471805599453,4.290459441148391
16238.0,1,63.66,57,0,At Risk Customers,63.66,58,0.017241379310344827,1.0975862068965516,0.6931471805599453,4.060443010546419
16239.0,4,1078.0,17,0,At Risk Customers,269.5,18,0.2222222222222222,239.55555555555554,1.6094379124341003,2.8903717578961645
16244.0,1,1056.63,7,0,At Risk Customers,1056.63,8,0.125,132.07875,0.6931471805599453,2.0794415416798357
16246.0,2,821.35,94,0,At Risk Customers,410.675,95,0.021052631578947368,17.29157894736842,1.0986122886681096,4.553876891600541
16250.0,2,401.94,8,0,At Risk Customers,200.97,9,0.2222222222222222,89.32,1.0986122886681096,2.1972245773362196
16251.0,1,128.31,147,1,Active Customers,128.31,148,0.006756756756756757,0.8669594594594595,0.6931471805599453,4.997212273764115
16252.0,1,295.09000000000003,17,0,At Risk Customers,295.09000000000003,18,0.05555555555555555,16.39388888888889,0.6931471805599453,2.8903717578961645
16253.0,5,3588.34,55,0,At Risk Customers,717.668,56,0.08928571428571429,320.38750000000005,1.791759469228055,4.02535169073515
16254.0,3,967.44,13,0,At Risk Customers,322.48,14,0.21428571428571427,207.30857142857144,1.3862943611198906,2.639057329615259
16256.0,2,876.9399999999999,128,0,At Risk Customers,438.46999999999997,129,0.015503875968992248,13.59596899224806,1.0986122886681096,4.859812404361672
16259.0,3,340.94,45,0,At Risk Customers,113.64666666666666,46,0.06521739130434782,22.235217391304346,1.3862943611198906,3.828641396489095
16261.0,2,312.62,21,0,At Risk Customers,156.31,22,0.09090909090909091,28.42,1.0986122886681096,3.091042453358316
16262.0,1,755.15,13,0,At Risk Customers,755.15,14,0.07142857142857142,53.93928571428571,0.6931471805599453,2.639057329615259
16263.0,1,348.16,58,0,At Risk Customers,348.16,59,0.01694915254237288,5.901016949152543,0.6931471805599453,4.07753744390572
16264.0,2,823.53,73,0,At Risk Customers,411.765,74,0.02702702702702703,22.25756756756757,1.0986122886681096,4.304065093204169
16265.0,3,1488.17,21,0,At Risk Customers,496.0566666666667,22,0.13636363636363635,202.93227272727273,1.3862943611198906,3.091042453358316
16266.0,7,896.06,58,0,At Risk Customers,128.00857142857143,59,0.11864406779661017,106.3122033898305,2.0794415416798357,4.07753744390572
16267.0,1,186.66,226,1,Active Customers,186.66,227,0.004405286343612335,0.8222907488986785,0.6931471805599453,5.424950017481403
16269.0,1,717.57,72,0,At Risk Customers,717.57,73,0.0136986301369863,9.82972602739726,0.6931471805599453,4.290459441148391
16271.0,5,1993.18,92,0,At Risk Customers,398.636,93,0.053763440860215055,107.16021505376345,1.791759469228055,4.532599493153256
16273.0,2,318.34000000000003,283,1,Active Customers,159.17000000000002,284,0.007042253521126761,2.241830985915493,1.0986122886681096,5.648974238161206
16274.0,1,351.75,8,0,At Risk Customers,351.75,9,0.1111111111111111,39.08333333333333,0.6931471805599453,2.1972245773362196
16275.0,2,1591.24,109,0,At Risk Customers,795.62,110,0.01818181818181818,28.93163636363636,1.0986122886681096,4.700480365792417
16276.0,2,1818.79,114,0,At Risk Customers,909.395,115,0.017391304347826087,31.63113043478261,1.0986122886681096,4.74493212836325
16277.0,1,188.69,368,1,Active Customers,188.69,369,0.0027100271002710027,0.5113550135501355,0.6931471805599453,5.910796644040527
16278.0,2,551.46,115,0,At Risk Customers,275.73,116,0.017241379310344827,9.507931034482759,1.0986122886681096,4.7535901911063645
16280.0,1,238.05,360,1,Active Customers,238.05,361,0.002770083102493075,0.6594182825484765,0.6931471805599453,5.8888779583328805
16281.0,2,1361.96,58,0,At Risk Customers,680.98,59,0.03389830508474576,46.16813559322034,1.0986122886681096,4.07753744390572
16282.0,2,1139.28,122,0,At Risk Customers,569.64,123,0.016260162601626018,18.52487804878049,1.0986122886681096,4.812184355372417
16283.0,3,2779.51,53,0,At Risk Customers,926.5033333333334,54,0.05555555555555555,154.41722222222222,1.3862943611198906,3.9889840465642745
16284.0,1,205.8,28,0,At Risk Customers,205.8,29,0.034482758620689655,7.096551724137932,0.6931471805599453,3.367295829986474
16285.0,1,176.9,281,1,Active Customers,176.9,282,0.0035460992907801418,0.6273049645390071,0.6931471805599453,5.641907070938114
16286.0,2,328.95,112,0,At Risk Customers,164.475,113,0.017699115044247787,5.822123893805309,1.0986122886681096,4.727387818712341
16287.0,4,864.48,11,0,At Risk Customers,216.12,12,0.3333333333333333,288.15999999999997,1.6094379124341003,2.4849066497880004
16288.0,1,129.85,105,0,At Risk Customers,129.85,106,0.009433962264150943,1.2249999999999999,0.6931471805599453,4.663439094112067
16289.0,1,136.31,97,0,At Risk Customers,136.31,98,0.01020408163265306,1.3909183673469387,0.6931471805599453,4.584967478670572
16290.0,4,1957.7,99,0,At Risk Customers,489.425,100,0.04,78.308,1.6094379124341003,4.605170185988092
16291.0,1,117.72,317,1,Active Customers,117.72,318,0.0031446540880503146,0.37018867924528304,0.6931471805599453,5.762051382780177
16292.0,4,951.51,15,0,At Risk Customers,237.8775,16,0.25,237.8775,1.6094379124341003,2.772588722239781
16294.0,1,126.05000000000001,111,0,At Risk Customers,126.05000000000001,112,0.008928571428571428,1.1254464285714285,0.6931471805599453,4.718498871295094
16296.0,4,1313.67,261,1,Active Customers,328.4175,262,0.015267175572519083,20.056030534351144,1.6094379124341003,5.568344503761097
16298.0,4,487.5,32,0,At Risk Customers,121.875,33,0.12121212121212122,59.09090909090909,1.6094379124341003,3.4965075614664802
16299.0,1,193.65,112,0,At Risk Customers,193.65,113,0.008849557522123894,1.713716814159292,0.6931471805599453,4.727387818712341
16300.0,3,1367.32,65,0,At Risk Customers,455.7733333333333,66,0.045454545454545456,62.15090909090909,1.3862943611198906,4.189654742026425
16301.0,1,107.33,371,1,Active Customers,107.33,372,0.002688172043010753,0.2885215053763441,0.6931471805599453,5.918893854273146
16303.0,4,2567.64,27,0,At Risk Customers,641.91,28,0.14285714285714285,366.80571428571426,1.6094379124341003,3.332204510175204
16304.0,1,381.66,329,1,Active Customers,381.66,330,0.0030303030303030303,1.1565454545454545,0.6931471805599453,5.799092654460526
16306.0,2,560.55,2,0,At Risk Customers,280.275,3,0.6666666666666666,373.69999999999993,1.0986122886681096,1.0986122886681096
16307.0,3,1194.92,64,0,At Risk Customers,398.3066666666667,65,0.046153846153846156,55.150153846153856,1.3862943611198906,4.174387269895637
16308.0,3,2560.0,41,0,At Risk Customers,853.3333333333334,42,0.07142857142857142,182.85714285714283,1.3862943611198906,3.7376696182833684
16310.0,2,460.08,49,0,At Risk Customers,230.04,50,0.04,18.4032,1.0986122886681096,3.912023005428146
16312.0,1,171.15,67,0,At Risk Customers,171.15,68,0.014705882352941176,2.5169117647058825,0.6931471805599453,4.219507705176107
16314.0,3,1491.4,24,0,At Risk Customers,497.1333333333334,25,0.12,178.96800000000002,1.3862943611198906,3.2188758248682006
16315.0,1,176.34,171,1,Active Customers,176.34,172,0.005813953488372093,1.025232558139535,0.6931471805599453,5.147494476813453
16317.0,2,850.86,185,1,Active Customers,425.43,186,0.010752688172043012,9.149032258064517,1.0986122886681096,5.225746673713202
16320.0,4,4590.53,88,0,At Risk Customers,1147.6325,89,0.0449438202247191,206.31595505617975,1.6094379124341003,4.48863636973214
16321.0,2,230.9,261,1,Active Customers,115.45,262,0.007633587786259542,1.7625954198473281,1.0986122886681096,5.568344503761097
16323.0,1,146.16,212,1,Active Customers,146.16,213,0.004694835680751174,0.6861971830985916,0.6931471805599453,5.3612921657094255
16325.0,9,3003.26,59,0,At Risk Customers,333.6955555555556,60,0.15,450.48900000000003,2.302585092994046,4.0943445622221
16328.0,1,310.83,198,1,Active Customers,310.83,199,0.005025125628140704,1.5619597989949747,0.6931471805599453,5.293304824724492
16329.0,4,1664.92,62,0,At Risk Customers,416.23,63,0.06349206349206349,105.70920634920635,1.6094379124341003,4.143134726391533
16330.0,4,373.46999999999997,59,0,At Risk Customers,93.36749999999999,60,0.06666666666666667,24.897999999999996,1.6094379124341003,4.0943445622221
16331.0,6,2037.7,67,0,At Risk Customers,339.6166666666667,68,0.08823529411764706,179.79705882352943,1.9459101490553132,4.219507705176107
16332.0,4,417.21000000000004,66,0,At Risk Customers,104.30250000000001,67,0.05970149253731343,24.90805970149254,1.6094379124341003,4.204692619390966
16334.0,1,263.73,127,0,At Risk Customers,263.73,128,0.0078125,2.060390625,0.6931471805599453,4.852030263919617
16335.0,7,2753.52,186,1,Active Customers,393.36,187,0.0374331550802139,103.07294117647058,2.0794415416798357,5.231108616854587
16336.0,4,3517.69,55,0,At Risk Customers,879.4225,56,0.07142857142857142,251.26357142857142,1.6094379124341003,4.02535169073515
16340.0,2,961.93,74,0,At Risk Customers,480.965,75,0.02666666666666667,25.651466666666668,1.0986122886681096,4.31748811353631
16341.0,3,1878.92,72,0,At Risk Customers,626.3066666666667,73,0.0410958904109589,77.2158904109589,1.3862943611198906,4.290459441148391
16343.0,1,285.54,42,0,At Risk Customers,285.54,43,0.023255813953488372,6.64046511627907,0.6931471805599453,3.7612001156935624
16344.0,3,741.3199999999999,144,1,Active Customers,247.10666666666665,145,0.020689655172413793,15.337655172413792,1.3862943611198906,4.976733742420574
16345.0,1,613.33,118,0,At Risk Customers,613.33,119,0.008403361344537815,5.154033613445378,0.6931471805599453,4.77912349311153
16346.0,1,224.51,20,0,At Risk Customers,224.51,21,0.047619047619047616,10.69095238095238,0.6931471805599453,3.044522437723423
16348.0,1,328.77,65,0,At Risk Customers,328.77,66,0.015151515151515152,4.981363636363636,0.6931471805599453,4.189654742026425
16350.0,5,1137.42,9,0,At Risk Customers,227.484,10,0.5,568.71,1.791759469228055,2.302585092994046
16354.0,3,723.66,14,0,At Risk Customers,241.22,15,0.2,144.732,1.3862943611198906,2.70805020110221
16355.0,1,416.35,10,0,At Risk Customers,416.35,11,0.09090909090909091,37.85,0.6931471805599453,2.3978952727983707
16356.0,3,204.10000000000002,11,0,At Risk Customers,68.03333333333335,12,0.25,51.025000000000006,1.3862943611198906,2.4849066497880004
16357.0,1,209.49,16,0,At Risk Customers,209.49,17,0.058823529411764705,12.32294117647059,0.6931471805599453,2.833213344056216
16358.0,1,892.1500000000001,29,0,At Risk Customers,892.1500000000001,30,0.03333333333333333,29.738333333333337,0.6931471805599453,3.4011973816621555
16359.0,7,946.83,11,0,At Risk Customers,135.26142857142858,12,0.5833333333333334,552.3175000000001,2.0794415416798357,2.4849066497880004
16362.0,1,212.17,72,0,At Risk Customers,212.17,73,0.0136986301369863,2.9064383561643834,0.6931471805599453,4.290459441148391
16366.0,3,1220.83,217,1,Active Customers,406.9433333333333,218,0.013761467889908258,16.800412844036696,1.3862943611198906,5.384495062789089
16367.0,1,549.8100000000001,18,0,At Risk Customers,549.8100000000001,19,0.05263157894736842,28.937368421052632,0.6931471805599453,2.9444389791664403
16368.0,1,141.53,70,0,At Risk Customers,141.53,71,0.014084507042253521,1.993380281690141,0.6931471805599453,4.2626798770413155
16369.0,4,1111.15,71,0,At Risk Customers,277.7875,72,0.05555555555555555,61.730555555555554,1.6094379124341003,4.276666119016055
16371.0,1,157.2,83,0,At Risk Customers,157.2,84,0.011904761904761904,1.8714285714285712,0.6931471805599453,4.430816798843313
16372.0,3,934.58,44,0,At Risk Customers,311.5266666666667,45,0.06666666666666667,62.305333333333344,1.3862943611198906,3.8066624897703196
16373.0,2,309.49,17,0,At Risk Customers,154.745,18,0.1111111111111111,34.38777777777778,1.0986122886681096,2.8903717578961645
16374.0,3,1256.67,37,0,At Risk Customers,418.89000000000004,38,0.07894736842105263,99.21078947368422,1.3862943611198906,3.6375861597263857
16375.0,2,104.0,105,0,At Risk Customers,52.0,106,0.018867924528301886,1.9622641509433962,1.0986122886681096,4.663439094112067
16377.0,1,632.28,252,1,Active Customers,632.28,253,0.003952569169960474,2.499130434782608,0.6931471805599453,5.53338948872752
16381.0,2,247.85,30,0,At Risk Customers,123.925,31,0.06451612903225806,15.990322580645161,1.0986122886681096,3.4339872044851463
16382.0,2,353.1,43,0,At Risk Customers,176.55,44,0.045454545454545456,16.05,1.0986122886681096,3.784189633918261
16383.0,5,2252.93,31,0,At Risk Customers,450.58599999999996,32,0.15625,352.0203125,1.791759469228055,3.4657359027997265
16384.0,2,774.4499999999999,64,0,At Risk Customers,387.22499999999997,65,0.03076923076923077,23.82923076923077,1.0986122886681096,4.174387269895637
16385.0,3,473.69,1,0,At Risk Customers,157.89666666666668,2,1.5,710.5350000000001,1.3862943611198906,0.6931471805599453
16386.0,1,765.59,22,0,At Risk Customers,765.59,23,0.043478260869565216,33.286521739130436,0.6931471805599453,3.1354942159291497
16387.0,4,788.1,30,0,At Risk Customers,197.025,31,0.12903225806451613,101.69032258064516,1.6094379124341003,3.4339872044851463
16388.0,1,186.05,288,1,Active Customers,186.05,289,0.0034602076124567475,0.6437716262975779,0.6931471805599453,5.666426688112432
16390.0,3,467.5,171,1,Active Customers,155.83333333333334,172,0.01744186046511628,8.154069767441861,1.3862943611198906,5.147494476813453
16391.0,4,1052.26,35,0,At Risk Customers,263.065,36,0.1111111111111111,116.91777777777777,1.6094379124341003,3.58351893845611
16392.0,2,538.81,48,0,At Risk Customers,269.405,49,0.04081632653061224,21.99224489795918,1.0986122886681096,3.8918202981106265
16395.0,9,2036.35,28,0,At Risk Customers,226.2611111111111,29,0.3103448275862069,631.9706896551724,2.302585092994046,3.367295829986474
16396.0,1,137.8,111,0,At Risk Customers,137.8,112,0.008928571428571428,1.230357142857143,0.6931471805599453,4.718498871295094
16397.0,1,123.13,263,1,Active Customers,123.13,264,0.003787878787878788,0.4664015151515151,0.6931471805599453,5.575949103146316
16399.0,1,222.20000000000002,24,0,At Risk Customers,222.20000000000002,25,0.04,8.888000000000002,0.6931471805599453,3.2188758248682006
16400.0,8,2755.92,30,0,At Risk Customers,344.49,31,0.25806451612903225,711.2051612903226,2.1972245773362196,3.4339872044851463
16402.0,1,205.65,4,0,At Risk Customers,205.65,5,0.2,41.13,0.6931471805599453,1.6094379124341003
16406.0,2,374.01,85,0,At Risk Customers,187.005,86,0.023255813953488372,8.697906976744186,1.0986122886681096,4.454347296253507
16407.0,4,681.97,24,0,At Risk Customers,170.4925,25,0.16,109.1152,1.6094379124341003,3.2188758248682006
16408.0,1,231.93,226,1,Active Customers,231.93,227,0.004405286343612335,1.021718061674009,0.6931471805599453,5.424950017481403
16410.0,1,130.32,369,1,Active Customers,130.32,370,0.002702702702702703,0.35221621621621624,0.6931471805599453,5.91350300563827
16411.0,3,673.24,4,0,At Risk Customers,224.41333333333333,5,0.6,403.944,1.3862943611198906,1.6094379124341003
16412.0,4,457.2,28,0,At Risk Customers,114.3,29,0.13793103448275862,63.06206896551724,1.6094379124341003,3.367295829986474
16413.0,1,259.83,10,0,At Risk Customers,259.83,11,0.09090909090909091,23.62090909090909,0.6931471805599453,2.3978952727983707
16414.0,3,424.96000000000004,66,0,At Risk Customers,141.65333333333334,67,0.04477611940298507,19.028059701492538,1.3862943611198906,4.204692619390966
16415.0,2,496.49,218,1,Active Customers,248.245,219,0.0091324200913242,4.534155251141552,1.0986122886681096,5.389071729816501
16416.0,6,1906.48,25,0,At Risk Customers,317.74666666666667,26,0.23076923076923078,439.9569230769231,1.9459101490553132,3.258096538021482
16417.0,1,35.7,127,0,At Risk Customers,35.7,128,0.0078125,0.27890625,0.6931471805599453,4.852030263919617
16418.0,2,397.62,43,0,At Risk Customers,198.81,44,0.045454545454545456,18.073636363636364,1.0986122886681096,3.784189633918261
16419.0,2,504.99,212,1,Active Customers,252.495,213,0.009389671361502348,4.741690140845071,1.0986122886681096,5.3612921657094255
16420.0,1,75.0,31,0,At Risk Customers,75.0,32,0.03125,2.34375,0.6931471805599453,3.4657359027997265
16421.0,3,526.27,11,0,At Risk Customers,175.42333333333332,12,0.25,131.5675,1.3862943611198906,2.4849066497880004
16424.0,1,309.5,17,0,At Risk Customers,309.5,18,0.05555555555555555,17.194444444444443,0.6931471805599453,2.8903717578961645
16428.0,3,638.49,48,0,At Risk Customers,212.83,49,0.061224489795918366,39.09122448979592,1.3862943611198906,3.8918202981106265
16430.0,6,817.09,16,0,At Risk Customers,136.18166666666667,17,0.35294117647058826,288.384705882353,1.9459101490553132,2.833213344056216
16433.0,1,200.26,43,0,At Risk Customers,200.26,44,0.022727272727272728,4.551363636363637,0.6931471805599453,3.784189633918261
16434.0,5,1161.89,81,0,At Risk Customers,232.37800000000001,82,0.06097560975609756,70.8469512195122,1.791759469228055,4.406719247264253
16435.0,3,1003.0699999999999,147,1,Active Customers,334.3566666666666,148,0.02027027027027027,20.3325,1.3862943611198906,4.997212273764115
16436.0,3,319.14,303,1,Active Customers,106.38,304,0.009868421052631578,3.149407894736842,1.3862943611198906,5.717027701406222
16437.0,2,301.25,16,0,At Risk Customers,150.625,17,0.11764705882352941,35.44117647058823,1.0986122886681096,2.833213344056216
16439.0,1,310.70000000000005,357,1,Active Customers,310.70000000000005,358,0.002793296089385475,0.8678770949720672,0.6931471805599453,5.8805329864007
16440.0,1,216.3,128,0,At Risk Customers,216.3,129,0.007751937984496124,1.6767441860465118,0.6931471805599453,4.859812404361672
16441.0,3,637.93,52,0,At Risk Customers,212.64333333333332,53,0.05660377358490566,36.109245283018865,1.3862943611198906,3.970291913552122
16442.0,2,282.68,239,1,Active Customers,141.34,240,0.008333333333333333,2.3556666666666666,1.0986122886681096,5.480638923341991
16443.0,1,162.24,155,1,Active Customers,162.24,156,0.00641025641025641,1.04,0.6931471805599453,5.049856007249537
16445.0,3,352.65,21,0,At Risk Customers,117.55,22,0.13636363636363635,48.088636363636354,1.3862943611198906,3.091042453358316
16447.0,2,471.19,225,1,Active Customers,235.595,226,0.008849557522123894,4.169823008849558,1.0986122886681096,5.420534999272286
16448.0,1,178.13,106,0,At Risk Customers,178.13,107,0.009345794392523364,1.6647663551401868,0.6931471805599453,4.672828834461906
16450.0,2,1193.81,219,1,Active Customers,596.905,220,0.00909090909090909,10.852818181818181,1.0986122886681096,5.393627546352361
16451.0,2,746.1800000000001,196,1,Active Customers,373.09000000000003,197,0.01015228426395939,7.575431472081219,1.0986122886681096,5.2832037287379885
16452.0,2,332.17,265,1,Active Customers,166.085,266,0.007518796992481203,2.4975187969924812,1.0986122886681096,5.583496308781699
16453.0,2,251.71,165,1,Active Customers,125.855,166,0.012048192771084338,3.032650602409639,1.0986122886681096,5.111987788356544
16454.0,2,24.05,241,1,Active Customers,12.025,242,0.008264462809917356,0.19876033057851242,1.0986122886681096,5.488937726156687
16459.0,1,71.78999999999999,364,1,Active Customers,71.78999999999999,365,0.0027397260273972603,0.1966849315068493,0.6931471805599453,5.8998973535824915
16461.0,2,1402.91,225,1,Active Customers,701.455,226,0.008849557522123894,12.415132743362832,1.0986122886681096,5.420534999272286
16465.0,2,746.24,55,0,At Risk Customers,373.12,56,0.03571428571428571,26.65142857142857,1.0986122886681096,4.02535169073515
16467.0,7,2869.16,143,0,At Risk Customers,409.88,144,0.04861111111111111,139.47305555555556,2.0794415416798357,4.969813299576001
16468.0,2,712.62,105,0,At Risk Customers,356.31,106,0.018867924528301886,13.44566037735849,1.0986122886681096,4.663439094112067
16469.0,1,178.48000000000002,149,1,Active Customers,178.48000000000002,150,0.006666666666666667,1.1898666666666669,0.6931471805599453,5.0106352940962555
16470.0,7,1664.08,31,0,At Risk Customers,237.72571428571428,32,0.21875,364.0175,2.0794415416798357,3.4657359027997265
16471.0,3,966.03,28,0,At Risk Customers,322.01,29,0.10344827586206896,99.93413793103448,1.3862943611198906,3.367295829986474
16472.0,2,789.6,69,0,At Risk Customers,394.8,70,0.02857142857142857,22.56,1.0986122886681096,4.248495242049359
16473.0,1,154.72,9,0,At Risk Customers,154.72,10,0.1,15.472000000000001,0.6931471805599453,2.302585092994046
16476.0,1,350.35,66,0,At Risk Customers,350.35,67,0.014925373134328358,5.229104477611941,0.6931471805599453,4.204692619390966
16481.0,1,453.38,317,1,Active Customers,453.38,318,0.0031446540880503146,1.4257232704402516,0.6931471805599453,5.762051382780177
16485.0,4,1923.54,67,0,At Risk Customers,480.885,68,0.058823529411764705,113.14941176470587,1.6094379124341003,4.219507705176107
16486.0,1,134.36,172,1,Active Customers,134.36,173,0.005780346820809248,0.7766473988439306,0.6931471805599453,5.153291594497779
16487.0,2,209.4,212,1,Active Customers,104.7,213,0.009389671361502348,1.9661971830985916,1.0986122886681096,5.3612921657094255
16489.0,2,303.7,15,0,At Risk Customers,151.85,16,0.125,37.9625,1.0986122886681096,2.772588722239781
16490.0,1,205.41000000000003,71,0,At Risk Customers,205.41000000000003,72,0.013888888888888888,2.8529166666666668,0.6931471805599453,4.276666119016055
16491.0,1,801.66,48,0,At Risk Customers,801.66,49,0.02040816326530612,16.360408163265305,0.6931471805599453,3.8918202981106265
16492.0,1,385.56,175,1,Active Customers,385.56,176,0.005681818181818182,2.1906818181818184,0.6931471805599453,5.170483995038151
16493.0,3,780.46,79,0,At Risk Customers,260.15333333333336,80,0.0375,29.26725,1.3862943611198906,4.382026634673881
16496.0,3,731.25,66,0,At Risk Customers,243.75,67,0.04477611940298507,32.742537313432834,1.3862943611198906,4.204692619390966
16500.0,3,443.05,9,0,At Risk Customers,147.68333333333334,10,0.3,132.915,1.3862943611198906,2.302585092994046
16501.0,1,1191.23,18,0,At Risk Customers,1191.23,19,0.05263157894736842,62.69631578947368,0.6931471805599453,2.9444389791664403
16502.0,2,258.55,255,1,Active Customers,129.275,256,0.0078125,2.019921875,1.0986122886681096,5.545177444479562
16503.0,7,2182.41,30,0,At Risk Customers,311.7728571428571,31,0.22580645161290322,492.8022580645161,2.0794415416798357,3.4339872044851463
16507.0,1,142.71,207,1,Active Customers,142.71,208,0.004807692307692308,0.6861057692307693,0.6931471805599453,5.337538079701318
16508.0,1,240.95,265,1,Active Customers,240.95,266,0.0037593984962406013,0.9058270676691729,0.6931471805599453,5.583496308781699
16511.0,3,842.16,32,0,At Risk Customers,280.71999999999997,33,0.09090909090909091,76.55999999999999,1.3862943611198906,3.4965075614664802
16515.0,5,1554.92,14,0,At Risk Customers,310.98400000000004,15,0.3333333333333333,518.3066666666666,1.791759469228055,2.70805020110221
16518.0,2,475.05,56,0,At Risk Customers,237.525,57,0.03508771929824561,16.66842105263158,1.0986122886681096,4.04305126783455
16521.0,3,1140.11,50,0,At Risk Customers,380.03666666666663,51,0.058823529411764705,67.06529411764706,1.3862943611198906,3.9318256327243257
16522.0,2,433.36,70,0,At Risk Customers,216.68,71,0.028169014084507043,12.207323943661972,1.0986122886681096,4.2626798770413155
16523.0,7,2497.86,50,0,At Risk Customers,356.83714285714285,51,0.13725490196078433,342.84352941176473,2.0794415416798357,3.9318256327243257
16524.0,2,306.19,81,0,At Risk Customers,153.095,82,0.024390243902439025,7.4680487804878055,1.0986122886681096,4.406719247264253
16526.0,1,426.85,219,1,Active Customers,426.85,220,0.004545454545454545,1.9402272727272727,0.6931471805599453,5.393627546352361
16527.0,1,1004.88,59,0,At Risk Customers,1004.88,60,0.016666666666666666,16.748,0.6931471805599453,4.0943445622221
16529.0,3,1531.55,112,0,At Risk Customers,510.51666666666665,113,0.02654867256637168,40.66061946902655,1.3862943611198906,4.727387818712341
16530.0,1,48.349999999999994,303,1,Active Customers,48.349999999999994,304,0.003289473684210526,0.15904605263157892,0.6931471805599453,5.717027701406222
16531.0,4,1053.74,16,0,At Risk Customers,263.435,17,0.23529411764705882,247.93882352941176,1.6094379124341003,2.833213344056216
16532.0,2,2007.84,66,0,At Risk Customers,1003.92,67,0.029850746268656716,59.935522388059695,1.0986122886681096,4.204692619390966
16534.0,1,635.9,277,1,Active Customers,635.9,278,0.0035971223021582736,2.287410071942446,0.6931471805599453,5.627621113690637
16535.0,2,378.28999999999996,20,0,At Risk Customers,189.14499999999998,21,0.09523809523809523,36.02761904761904,1.0986122886681096,3.044522437723423
16537.0,1,23.35,276,1,Active Customers,23.35,277,0.0036101083032490976,0.08429602888086643,0.6931471805599453,5.6240175061873385
16538.0,3,395.07,176,1,Active Customers,131.69,177,0.01694915254237288,6.696101694915254,1.3862943611198906,5.176149732573829
16540.0,1,205.75,49,0,At Risk Customers,205.75,50,0.02,4.115,0.6931471805599453,3.912023005428146
16541.0,1,424.03,370,1,Active Customers,424.03,371,0.0026954177897574125,1.1429380053908356,0.6931471805599453,5.916202062607435
16542.0,1,137.7,36,0,At Risk Customers,137.7,37,0.02702702702702703,3.7216216216216216,0.6931471805599453,3.6109179126442243
16543.0,1,292.21,226,1,Active Customers,292.21,227,0.004405286343612335,1.2872687224669603,0.6931471805599453,5.424950017481403
16544.0,4,376.70000000000005,154,1,Active Customers,94.17500000000001,155,0.025806451612903226,9.721290322580646,1.6094379124341003,5.043425116919247
16545.0,1,350.52,10,0,At Risk Customers,350.52,11,0.09090909090909091,31.865454545454543,0.6931471805599453,2.3978952727983707
16547.0,1,104.25999999999999,181,1,Active Customers,104.25999999999999,182,0.005494505494505495,0.5728571428571428,0.6931471805599453,5.204006687076795
16548.0,1,30.15,234,1,Active Customers,30.15,235,0.00425531914893617,0.12829787234042553,0.6931471805599453,5.459585514144159
16551.0,4,1315.0,58,0,At Risk Customers,328.75,59,0.06779661016949153,89.15254237288136,1.6094379124341003,4.07753744390572
16552.0,1,95.29,8,0,At Risk Customers,95.29,9,0.1111111111111111,10.587777777777777,0.6931471805599453,2.1972245773362196
16554.0,5,2004.6200000000001,21,0,At Risk Customers,400.92400000000004,22,0.22727272727272727,455.5954545454546,1.791759469228055,3.091042453358316
16555.0,4,1629.79,140,0,At Risk Customers,407.4475,141,0.028368794326241134,46.23517730496454,1.6094379124341003,4.948759890378168
16559.0,1,175.0,32,0,At Risk Customers,175.0,33,0.030303030303030304,5.303030303030303,0.6931471805599453,3.4965075614664802
16560.0,6,2206.9700000000003,32,0,At Risk Customers,367.8283333333334,33,0.18181818181818182,401.26727272727277,1.9459101490553132,3.4965075614664802
16562.0,1,223.85999999999999,111,0,At Risk Customers,223.85999999999999,112,0.008928571428571428,1.9987499999999998,0.6931471805599453,4.718498871295094
16563.0,5,3334.82,35,0,At Risk Customers,666.964,36,0.1388888888888889,463.1694444444445,1.791759469228055,3.58351893845611
16564.0,1,87.8,204,1,Active Customers,87.8,205,0.004878048780487805,0.42829268292682926,0.6931471805599453,5.3230099791384085
16565.0,3,599.35,41,0,At Risk Customers,199.78333333333333,42,0.07142857142857142,42.81071428571428,1.3862943611198906,3.7376696182833684
16568.0,2,1020.9000000000001,62,0,At Risk Customers,510.45000000000005,63,0.031746031746031744,32.40952380952381,1.0986122886681096,4.143134726391533
16569.0,4,1331.03,266,1,Active Customers,332.7575,267,0.0149812734082397,19.940524344569287,1.6094379124341003,5.58724865840025
16571.0,7,2827.05,30,0,At Risk Customers,403.86428571428576,31,0.22580645161290322,638.3661290322581,2.0794415416798357,3.4339872044851463
16574.0,2,850.34,58,0,At Risk Customers,425.17,59,0.03389830508474576,28.825084745762712,1.0986122886681096,4.07753744390572
16576.0,2,540.87,55,0,At Risk Customers,270.435,56,0.03571428571428571,19.316785714285714,1.0986122886681096,4.02535169073515
16577.0,1,380.0,301,1,Active Customers,380.0,302,0.0033112582781456954,1.2582781456953642,0.6931471805599453,5.71042701737487
16578.0,1,156.6,261,1,Active Customers,156.6,262,0.003816793893129771,0.5977099236641221,0.6931471805599453,5.568344503761097
16579.0,1,295.05,60,0,At Risk Customers,295.05,61,0.01639344262295082,4.83688524590164,0.6931471805599453,4.110873864173311
16583.0,2,297.95,8,0,At Risk Customers,148.975,9,0.2222222222222222,66.21111111111111,1.0986122886681096,2.1972245773362196
16584.0,3,2220.09,67,0,At Risk Customers,740.0300000000001,68,0.04411764705882353,97.94514705882354,1.3862943611198906,4.219507705176107
16585.0,2,341.59,228,1,Active Customers,170.795,229,0.008733624454148471,2.983318777292576,1.0986122886681096,5.43372200355424
16586.0,2,998.83,79,0,At Risk Customers,499.415,80,0.025,24.970750000000002,1.0986122886681096,4.382026634673881
16588.0,4,1361.28,21,0,At Risk Customers,340.32,22,0.18181818181818182,247.50545454545454,1.6094379124341003,3.091042453358316
16589.0,1,153.12,85,0,At Risk Customers,153.12,86,0.011627906976744186,1.78046511627907,0.6931471805599453,4.454347296253507
16590.0,2,605.9,35,0,At Risk Customers,302.95,36,0.05555555555555555,33.66111111111111,1.0986122886681096,3.58351893845611
16593.0,5,741.11,25,0,At Risk Customers,148.222,26,0.19230769230769232,142.52115384615385,1.791759469228055,3.258096538021482
16595.0,4,1397.59,11,0,At Risk Customers,349.3975,12,0.3333333333333333,465.8633333333333,1.6094379124341003,2.4849066497880004
16596.0,3,329.48,1,0,At Risk Customers,109.82666666666667,2,1.5,494.22,1.3862943611198906,0.6931471805599453
16599.0,1,172.8,20,0,At Risk Customers,172.8,21,0.047619047619047616,8.22857142857143,0.6931471805599453,3.044522437723423
16601.0,2,434.3,25,0,At Risk Customers,217.15,26,0.07692307692307693,33.40769230769231,1.0986122886681096,3.258096538021482
16602.0,1,235.25,23,0,At Risk Customers,235.25,24,0.041666666666666664,9.802083333333332,0.6931471805599453,3.1780538303479458
16604.0,2,432.45,197,1,Active Customers,216.225,198,0.010101010101010102,4.368181818181818,1.0986122886681096,5.288267030694535
16605.0,1,60.48,359,1,Active Customers,60.48,360,0.002777777777777778,0.168,0.6931471805599453,5.886104031450156
16606.0,2,357.66,39,0,At Risk Customers,178.83,40,0.05,17.883000000000003,1.0986122886681096,3.6888794541139363
16607.0,11,2359.16,34,0,At Risk Customers,214.4690909090909,35,0.3142857142857143,741.4502857142857,2.4849066497880004,3.5553480614894135
16608.0,2,1286.6200000000001,88,0,At Risk Customers,643.3100000000001,89,0.02247191011235955,28.91280898876405,1.0986122886681096,4.48863636973214
16611.0,5,1655.64,38,0,At Risk Customers,331.12800000000004,39,0.1282051282051282,212.2615384615385,1.791759469228055,3.6635616461296463
16612.0,5,2057.77,14,0,At Risk Customers,411.554,15,0.3333333333333333,685.9233333333333,1.791759469228055,2.70805020110221
16614.0,2,673.6,37,0,At Risk Customers,336.8,38,0.05263157894736842,35.45263157894737,1.0986122886681096,3.6375861597263857
16615.0,1,291.5,261,1,Active Customers,291.5,262,0.003816793893129771,1.1125954198473282,0.6931471805599453,5.568344503761097
16619.0,3,1712.1200000000001,18,0,At Risk Customers,570.7066666666667,19,0.15789473684210525,270.33473684210526,1.3862943611198906,2.9444389791664403
16620.0,4,1579.97,24,0,At Risk Customers,394.9925,25,0.16,252.79520000000002,1.6094379124341003,3.2188758248682006
16622.0,1,225.4,178,1,Active Customers,225.4,179,0.00558659217877095,1.2592178770949722,0.6931471805599453,5.187385805840755
16623.0,3,885.79,36,0,At Risk Customers,295.2633333333333,37,0.08108108108108109,71.82081081081081,1.3862943611198906,3.6109179126442243
16625.0,4,1320.95,57,0,At Risk Customers,330.2375,58,0.06896551724137931,91.10000000000001,1.6094379124341003,4.060443010546419
16628.0,2,130.05,42,0,At Risk Customers,65.025,43,0.046511627906976744,6.048837209302326,1.0986122886681096,3.7612001156935624
16630.0,1,106.80000000000001,42,0,At Risk Customers,106.80000000000001,43,0.023255813953488372,2.4837209302325585,0.6931471805599453,3.7612001156935624
16631.0,7,1892.52,116,0,At Risk Customers,270.36,117,0.05982905982905983,113.22769230769231,2.0794415416798357,4.762173934797756
16632.0,2,406.4,120,0,At Risk Customers,203.2,121,0.01652892561983471,6.717355371900826,1.0986122886681096,4.795790545596741
16635.0,1,473.0,41,0,At Risk Customers,473.0,42,0.023809523809523808,11.261904761904761,0.6931471805599453,3.7376696182833684
16636.0,4,3802.04,73,0,At Risk Customers,950.51,74,0.05405405405405406,205.51567567567568,1.6094379124341003,4.304065093204169
16639.0,1,490.47,44,0,At Risk Customers,490.47,45,0.022222222222222223,10.899333333333335,0.6931471805599453,3.8066624897703196
16640.0,1,179.4,32,0,At Risk Customers,179.4,33,0.030303030303030304,5.4363636363636365,0.6931471805599453,3.4965075614664802
16641.0,1,323.40000000000003,336,1,Active Customers,323.40000000000003,337,0.002967359050445104,0.9596439169139467,0.6931471805599453,5.820082930352362
16642.0,1,389.12,50,0,At Risk Customers,389.12,51,0.0196078431372549,7.6298039215686275,0.6931471805599453,3.9318256327243257
16643.0,1,435.6,57,0,At Risk Customers,435.6,58,0.017241379310344827,7.5103448275862075,0.6931471805599453,4.060443010546419
16645.0,1,160.39,370,1,Active Customers,160.39,371,0.0026954177897574125,0.43231805929919137,0.6931471805599453,5.916202062607435
16646.0,1,678.8,84,0,At Risk Customers,678.8,85,0.011764705882352941,7.985882352941176,0.6931471805599453,4.442651256490317
16647.0,2,327.84,77,0,At Risk Customers,163.92,78,0.02564102564102564,8.406153846153845,1.0986122886681096,4.356708826689592
16648.0,2,382.14,90,0,At Risk Customers,191.07,91,0.02197802197802198,8.39868131868132,1.0986122886681096,4.51085950651685
16649.0,1,306.58000000000004,155,1,Active Customers,306.58000000000004,156,0.00641025641025641,1.9652564102564105,0.6931471805599453,5.049856007249537
16650.0,6,1397.69,55,0,At Risk Customers,232.94833333333335,56,0.10714285714285714,149.7525,1.9459101490553132,4.02535169073515
16651.0,1,136.2,221,1,Active Customers,136.2,222,0.0045045045045045045,0.6135135135135135,0.6931471805599453,5.402677381872279
16655.0,7,2633.74,46,0,At Risk Customers,376.2485714285714,47,0.14893617021276595,392.25914893617016,2.0794415416798357,3.8501476017100584
16660.0,3,611.9000000000001,57,0,At Risk Customers,203.9666666666667,58,0.05172413793103448,31.650000000000006,1.3862943611198906,4.060443010546419
16661.0,4,932.76,175,1,Active Customers,233.19,176,0.022727272727272728,21.19909090909091,1.6094379124341003,5.170483995038151
16662.0,1,151.05,29,0,At Risk Customers,151.05,30,0.03333333333333333,5.035,0.6931471805599453,3.4011973816621555
16663.0,1,165.0,364,1,Active Customers,165.0,365,0.0027397260273972603,0.452054794520548,0.6931471805599453,5.8998973535824915
16664.0,1,109.2,204,1,Active Customers,109.2,205,0.004878048780487805,0.5326829268292683,0.6931471805599453,5.3230099791384085
16666.0,1,98.73,256,1,Active Customers,98.73,257,0.0038910505836575876,0.38416342412451365,0.6931471805599453,5.54907608489522
16668.0,7,555.7,22,0,At Risk Customers,79.38571428571429,23,0.30434782608695654,169.12608695652176,2.0794415416798357,3.1354942159291497
16673.0,1,171.13,314,1,Active Customers,171.13,315,0.0031746031746031746,0.5432698412698412,0.6931471805599453,5.752572638825633
16675.0,2,608.86,76,0,At Risk Customers,304.43,77,0.025974025974025976,15.814545454545456,1.0986122886681096,4.343805421853684
16676.0,2,769.78,37,0,At Risk Customers,384.89,38,0.05263157894736842,40.51473684210526,1.0986122886681096,3.6375861597263857
16677.0,2,880.62,46,0,At Risk Customers,440.31,47,0.0425531914893617,37.4731914893617,1.0986122886681096,3.8501476017100584
16680.0,2,637.75,163,1,Active Customers,318.875,164,0.012195121951219513,7.777439024390244,1.0986122886681096,5.099866427824199
16681.0,1,151.5,276,1,Active Customers,151.5,277,0.0036101083032490976,0.5469314079422383,0.6931471805599453,5.6240175061873385
16683.0,1,320.25,168,1,Active Customers,320.25,169,0.005917159763313609,1.8949704142011834,0.6931471805599453,5.1298987149230735
16686.0,9,1921.19,24,0,At Risk Customers,213.46555555555557,25,0.36,691.6283999999999,2.302585092994046,3.2188758248682006
16687.0,1,157.63,25,0,At Risk Customers,157.63,26,0.038461538461538464,6.062692307692308,0.6931471805599453,3.258096538021482
16690.0,2,127.45,28,0,At Risk Customers,63.725,29,0.06896551724137931,8.789655172413793,1.0986122886681096,3.367295829986474
16691.0,2,178.83,53,0,At Risk Customers,89.415,54,0.037037037037037035,6.623333333333333,1.0986122886681096,3.9889840465642745
16692.0,2,638.6999999999999,43,0,At Risk Customers,319.34999999999997,44,0.045454545454545456,29.031818181818178,1.0986122886681096,3.784189633918261
16693.0,3,701.62,46,0,At Risk Customers,233.87333333333333,47,0.06382978723404255,44.78425531914893,1.3862943611198906,3.8501476017100584
16694.0,1,98.30000000000001,358,1,Active Customers,98.30000000000001,359,0.002785515320334262,0.27381615598885795,0.6931471805599453,5.883322388488279
16695.0,2,191.9,196,1,Active Customers,95.95,197,0.01015228426395939,1.948223350253807,1.0986122886681096,5.2832037287379885
16699.0,7,994.6,15,0,At Risk Customers,142.0857142857143,16,0.4375,435.1375,2.0794415416798357,2.772588722239781
16702.0,4,1110.83,50,0,At Risk Customers,277.7075,51,0.0784313725490196,87.12392156862744,1.6094379124341003,3.9318256327243257
16704.0,2,664.16,253,1,Active Customers,332.08,254,0.007874015748031496,5.229606299212598,1.0986122886681096,5.537334267018537
16707.0,4,533.41,35,0,At Risk Customers,133.3525,36,0.1111111111111111,59.26777777777777,1.6094379124341003,3.58351893845611
16711.0,4,1217.45,14,0,At Risk Customers,304.3625,15,0.26666666666666666,324.65333333333336,1.6094379124341003,2.70805020110221
16712.0,2,621.5600000000001,36,0,At Risk Customers,310.78000000000003,37,0.05405405405405406,33.597837837837844,1.0986122886681096,3.6109179126442243
16714.0,1,368.27,305,1,Active Customers,368.27,306,0.0032679738562091504,1.2034967320261438,0.6931471805599453,5.723585101952381
16715.0,1,323.8,197,1,Active Customers,323.8,198,0.005050505050505051,1.6353535353535356,0.6931471805599453,5.288267030694535
16716.0,1,1248.48,265,1,Active Customers,1248.48,266,0.0037593984962406013,4.693533834586466,0.6931471805599453,5.583496308781699
16720.0,2,605.79,11,0,At Risk Customers,302.895,12,0.16666666666666666,100.96499999999999,1.0986122886681096,2.4849066497880004
16723.0,2,654.96,78,0,At Risk Customers,327.48,79,0.02531645569620253,16.58126582278481,1.0986122886681096,4.3694478524670215
16724.0,1,147.35,39,0,At Risk Customers,147.35,40,0.025,3.68375,0.6931471805599453,3.6888794541139363
16726.0,2,705.14,18,0,At Risk Customers,352.57,19,0.10526315789473684,74.22526315789473,1.0986122886681096,2.9444389791664403
16727.0,3,1121.45,27,0,At Risk Customers,373.81666666666666,28,0.10714285714285714,120.15535714285714,1.3862943611198906,3.332204510175204
16731.0,1,170.3,283,1,Active Customers,170.3,284,0.0035211267605633804,0.5996478873239437,0.6931471805599453,5.648974238161206
16732.0,3,3783.89,38,0,At Risk Customers,1261.2966666666666,39,0.07692307692307693,291.0684615384615,1.3862943611198906,3.6635616461296463
16733.0,1,259.68,164,1,Active Customers,259.68,165,0.006060606060606061,1.5738181818181818,0.6931471805599453,5.10594547390058
16736.0,5,2956.56,140,0,At Risk Customers,591.312,141,0.03546099290780142,104.84255319148937,1.791759469228055,4.948759890378168
16737.0,1,417.59999999999997,212,1,Active Customers,417.59999999999997,213,0.004694835680751174,1.96056338028169,0.6931471805599453,5.3612921657094255
16739.0,1,463.43,171,1,Active Customers,463.43,172,0.005813953488372093,2.694360465116279,0.6931471805599453,5.147494476813453
16740.0,1,226.91,30,0,At Risk Customers,226.91,31,0.03225806451612903,7.319677419354838,0.6931471805599453,3.4339872044851463
16741.0,1,173.06,260,1,Active Customers,173.06,261,0.0038314176245210726,0.6630651340996169,0.6931471805599453,5.564520407322694
16742.0,13,2334.97,127,0,At Risk Customers,179.6130769230769,128,0.1015625,237.14539062499998,2.639057329615259,4.852030263919617
16743.0,7,1999.02,91,0,At Risk Customers,285.57428571428574,92,0.07608695652173914,152.09934782608698,2.0794415416798357,4.5217885770490405
16749.0,2,4157.88,226,1,Active Customers,2078.94,227,0.00881057268722467,36.633303964757715,1.0986122886681096,5.424950017481403
16752.0,1,207.5,7,0,At Risk Customers,207.5,8,0.125,25.9375,0.6931471805599453,2.0794415416798357
16755.0,4,1389.25,102,0,At Risk Customers,347.3125,103,0.038834951456310676,53.95145631067961,1.6094379124341003,4.634728988229636
16756.0,6,1072.97,39,0,At Risk Customers,178.82833333333335,40,0.15,160.9455,1.9459101490553132,3.6888794541139363
16757.0,1,163.65,44,0,At Risk Customers,163.65,45,0.022222222222222223,3.6366666666666667,0.6931471805599453,3.8066624897703196
16760.0,1,228.0,65,0,At Risk Customers,228.0,66,0.015151515151515152,3.4545454545454546,0.6931471805599453,4.189654742026425
16763.0,1,352.85,373,1,Active Customers,352.85,374,0.00267379679144385,0.9434491978609626,0.6931471805599453,5.924255797414532
16765.0,1,420.75,17,0,At Risk Customers,420.75,18,0.05555555555555555,23.375,0.6931471805599453,2.8903717578961645
16767.0,4,2481.2,53,0,At Risk Customers,620.3,54,0.07407407407407407,183.79259259259257,1.6094379124341003,3.9889840465642745
16768.0,6,1220.48,18,0,At Risk Customers,203.41333333333333,19,0.3157894736842105,385.41473684210524,1.9459101490553132,2.9444389791664403
16769.0,3,755.51,113,0,At Risk Customers,251.83666666666667,114,0.02631578947368421,19.881842105263157,1.3862943611198906,4.736198448394496
16770.0,5,1152.63,7,0,At Risk Customers,230.526,8,0.625,720.3937500000001,1.791759469228055,2.0794415416798357
16771.0,5,1706.99,92,0,At Risk Customers,341.398,93,0.053763440860215055,91.77365591397852,1.791759469228055,4.532599493153256
16772.0,3,3698.0499999999997,58,0,At Risk Customers,1232.6833333333332,59,0.05084745762711865,188.03644067796608,1.3862943611198906,4.07753744390572
16773.0,2,249.65,71,0,At Risk Customers,124.825,72,0.027777777777777776,6.934722222222222,1.0986122886681096,4.276666119016055
16774.0,4,905.96,58,0,At Risk Customers,226.49,59,0.06779661016949153,61.421016949152545,1.6094379124341003,4.07753744390572
16776.0,1,220.97,50,0,At Risk Customers,220.97,51,0.0196078431372549,4.332745098039216,0.6931471805599453,3.9318256327243257
16777.0,3,1069.56,48,0,At Risk Customers,356.52,49,0.061224489795918366,65.48326530612245,1.3862943611198906,3.8918202981106265
16780.0,1,174.16,42,0,At Risk Customers,174.16,43,0.023255813953488372,4.050232558139535,0.6931471805599453,3.7612001156935624
16781.0,2,623.0,7,0,At Risk Customers,311.5,8,0.25,155.75,1.0986122886681096,2.0794415416798357
16783.0,1,391.95,71,0,At Risk Customers,391.95,72,0.013888888888888888,5.44375,0.6931471805599453,4.276666119016055
16784.0,4,784.73,11,0,At Risk Customers,196.1825,12,0.3333333333333333,261.57666666666665,1.6094379124341003,2.4849066497880004
16785.0,1,533.78,44,0,At Risk Customers,533.78,45,0.022222222222222223,11.861777777777778,0.6931471805599453,3.8066624897703196
16786.0,1,51.839999999999996,28,0,At Risk Customers,51.839999999999996,29,0.034482758620689655,1.7875862068965516,0.6931471805599453,3.367295829986474
16787.0,4,1017.53,32,0,At Risk Customers,254.3825,33,0.12121212121212122,123.3369696969697,1.6094379124341003,3.4965075614664802
16788.0,3,1334.54,39,0,At Risk Customers,444.84666666666664,40,0.075,100.09049999999999,1.3862943611198906,3.6888794541139363
16792.0,3,513.08,18,0,At Risk Customers,171.02666666666667,19,0.15789473684210525,81.01263157894736,1.3862943611198906,2.9444389791664403
16794.0,5,856.1999999999999,15,0,At Risk Customers,171.23999999999998,16,0.3125,267.5625,1.791759469228055,2.772588722239781
16797.0,5,1802.02,28,0,At Risk Customers,360.404,29,0.1724137931034483,310.6931034482759,1.791759469228055,3.367295829986474
16798.0,3,841.16,189,1,Active Customers,280.38666666666666,190,0.015789473684210527,13.281473684210527,1.3862943611198906,5.247024072160486
16799.0,2,452.78000000000003,67,0,At Risk Customers,226.39000000000001,68,0.029411764705882353,13.317058823529413,1.0986122886681096,4.219507705176107
16802.0,2,582.61,314,1,Active Customers,291.305,315,0.006349206349206349,3.6991111111111112,1.0986122886681096,5.752572638825633
16805.0,3,630.75,212,1,Active Customers,210.25,213,0.014084507042253521,8.883802816901408,1.3862943611198906,5.3612921657094255
16807.0,3,1002.29,105,0,At Risk Customers,334.09666666666664,106,0.02830188679245283,28.366698113207548,1.3862943611198906,4.663439094112067
16809.0,4,812.74,67,0,At Risk Customers,203.185,68,0.058823529411764705,47.808235294117644,1.6094379124341003,4.219507705176107
16810.0,1,532.5,55,0,At Risk Customers,532.5,56,0.017857142857142856,9.508928571428571,0.6931471805599453,4.02535169073515
16812.0,3,1912.65,13,0,At Risk Customers,637.5500000000001,14,0.21428571428571427,409.8535714285714,1.3862943611198906,2.639057329615259
16815.0,2,406.02,88,0,At Risk Customers,203.01,89,0.02247191011235955,9.124044943820223,1.0986122886681096,4.48863636973214
16819.0,2,182.59,100,0,At Risk Customers,91.295,101,0.019801980198019802,3.6156435643564357,1.0986122886681096,4.61512051684126
16821.0,1,113.35,16,0,At Risk Customers,113.35,17,0.058823529411764705,6.667647058823529,0.6931471805599453,2.833213344056216
16822.0,1,181.39,321,1,Active Customers,181.39,322,0.003105590062111801,0.5633229813664595,0.6931471805599453,5.7745515455444085
16823.0,6,1884.71,22,0,At Risk Customers,314.11833333333334,23,0.2608695652173913,491.66347826086957,1.9459101490553132,3.1354942159291497
16824.0,1,225.6,28,0,At Risk Customers,225.6,29,0.034482758620689655,7.779310344827586,0.6931471805599453,3.367295829986474
16825.0,3,1051.71,13,0,At Risk Customers,350.57,14,0.21428571428571427,225.36642857142857,1.3862943611198906,2.639057329615259
16827.0,5,392.13,28,0,At Risk Customers,78.426,29,0.1724137931034483,67.60862068965518,1.791759469228055,3.367295829986474
16829.0,1,316.1,23,0,At Risk Customers,316.1,24,0.041666666666666664,13.170833333333334,0.6931471805599453,3.1780538303479458
16830.0,3,881.59,77,0,At Risk Customers,293.86333333333334,78,0.038461538461538464,33.9073076923077,1.3862943611198906,4.356708826689592
16831.0,1,91.8,199,1,Active Customers,91.8,200,0.005,0.459,0.6931471805599453,5.298317366548036
16832.0,2,218.45999999999998,63,0,At Risk Customers,109.22999999999999,64,0.03125,6.826874999999999,1.0986122886681096,4.1588830833596715
16833.0,2,1302.51,74,0,At Risk Customers,651.255,75,0.02666666666666667,34.7336,1.0986122886681096,4.31748811353631
16834.0,1,485.5,309,1,Active Customers,485.5,310,0.0032258064516129032,1.5661290322580645,0.6931471805599453,5.736572297479192
16835.0,5,1357.56,8,0,At Risk Customers,271.512,9,0.5555555555555556,754.2,1.791759469228055,2.1972245773362196
16836.0,2,530.5,41,0,At Risk Customers,265.25,42,0.047619047619047616,25.26190476190476,1.0986122886681096,3.7376696182833684
16838.0,2,570.76,165,1,Active Customers,285.38,166,0.012048192771084338,6.876626506024096,1.0986122886681096,5.111987788356544
16840.0,2,139.85,238,1,Active Customers,69.925,239,0.008368200836820083,1.1702928870292886,1.0986122886681096,5.476463551931511
16841.0,6,2136.2400000000002,63,0,At Risk Customers,356.04,64,0.09375,200.27250000000004,1.9459101490553132,4.1588830833596715
16844.0,2,614.34,197,1,Active Customers,307.17,198,0.010101010101010102,6.205454545454546,1.0986122886681096,5.288267030694535
16845.0,1,253.88,253,1,Active Customers,253.88,254,0.003937007874015748,0.999527559055118,0.6931471805599453,5.537334267018537
16846.0,2,628.09,212,1,Active Customers,314.045,213,0.009389671361502348,5.89755868544601,1.0986122886681096,5.3612921657094255
16847.0,1,421.45000000000005,253,1,Active Customers,421.45000000000005,254,0.003937007874015748,1.659251968503937,0.6931471805599453,5.537334267018537
16848.0,3,1130.2,11,0,At Risk Customers,376.73333333333335,12,0.25,282.55,1.3862943611198906,2.4849066497880004
16854.0,2,1408.96,52,0,At Risk Customers,704.48,53,0.03773584905660377,53.16830188679245,1.0986122886681096,3.970291913552122
16856.0,2,323.09000000000003,52,0,At Risk Customers,161.54500000000002,53,0.03773584905660377,12.192075471698114,1.0986122886681096,3.970291913552122
16857.0,1,352.8,77,0,At Risk Customers,352.8,78,0.01282051282051282,4.523076923076923,0.6931471805599453,4.356708826689592
16859.0,5,1184.6,51,0,At Risk Customers,236.92,52,0.09615384615384616,113.90384615384615,1.791759469228055,3.9512437185814275
16860.0,3,1610.62,87,0,At Risk Customers,536.8733333333333,88,0.03409090909090909,54.90749999999999,1.3862943611198906,4.477336814478207
16861.0,3,772.83,25,0,At Risk Customers,257.61,26,0.11538461538461539,89.17269230769232,1.3862943611198906,3.258096538021482
16862.0,4,662.33,182,1,Active Customers,165.5825,183,0.02185792349726776,14.477158469945357,1.6094379124341003,5.209486152841421
16863.0,2,495.72,1,0,At Risk Customers,247.86,2,1.0,495.72,1.0986122886681096,0.6931471805599453
16864.0,2,409.25,69,0,At Risk Customers,204.625,70,0.02857142857142857,11.692857142857143,1.0986122886681096,4.248495242049359
16865.0,1,130.95,36,0,At Risk Customers,130.95,37,0.02702702702702703,3.539189189189189,0.6931471805599453,3.6109179126442243
16867.0,1,76.74000000000001,324,1,Active Customers,76.74000000000001,325,0.003076923076923077,0.23612307692307696,0.6931471805599453,5.783825182329737
16868.0,3,384.56,29,0,At Risk Customers,128.18666666666667,30,0.1,38.456,1.3862943611198906,3.4011973816621555
16870.0,1,450.15999999999997,104,0,At Risk Customers,450.15999999999997,105,0.009523809523809525,4.287238095238095,0.6931471805599453,4.653960350157523
16872.0,3,533.11,62,0,At Risk Customers,177.70333333333335,63,0.047619047619047616,25.386190476190475,1.3862943611198906,4.143134726391533
16873.0,6,7493.77,64,0,At Risk Customers,1248.9616666666668,65,0.09230769230769231,691.7326153846154,1.9459101490553132,4.174387269895637
16874.0,1,209.89000000000001,14,0,At Risk Customers,209.89000000000001,15,0.06666666666666667,13.992666666666667,0.6931471805599453,2.70805020110221
16875.0,6,2139.0,72,0,At Risk Customers,356.5,73,0.0821917808219178,175.80821917808217,1.9459101490553132,4.290459441148391
16876.0,1,136.01,38,0,At Risk Customers,136.01,39,0.02564102564102564,3.487435897435897,0.6931471805599453,3.6635616461296463
16880.0,1,321.78,128,0,At Risk Customers,321.78,129,0.007751937984496124,2.4944186046511625,0.6931471805599453,4.859812404361672
16884.0,2,641.13,191,1,Active Customers,320.565,192,0.010416666666666666,6.678437499999999,1.0986122886681096,5.2574953720277815
16885.0,1,234.19,20,0,At Risk Customers,234.19,21,0.047619047619047616,11.151904761904762,0.6931471805599453,3.044522437723423
16886.0,1,134.0,91,0,At Risk Customers,134.0,92,0.010869565217391304,1.4565217391304348,0.6931471805599453,4.5217885770490405
16887.0,2,465.84000000000003,35,0,At Risk Customers,232.92000000000002,36,0.05555555555555555,25.88,1.0986122886681096,3.58351893845611
16888.0,3,434.2,35,0,At Risk Customers,144.73333333333332,36,0.08333333333333333,36.18333333333332,1.3862943611198906,3.58351893845611
16889.0,3,947.98,32,0,At Risk Customers,315.99333333333334,33,0.09090909090909091,86.18,1.3862943611198906,3.4965075614664802
16890.0,3,285.41,111,0,At Risk Customers,95.13666666666667,112,0.026785714285714284,7.6449107142857144,1.3862943611198906,4.718498871295094
16892.0,2,236.56,189,1,Active Customers,118.28,190,0.010526315789473684,2.490105263157895,1.0986122886681096,5.247024072160486
16893.0,2,249.89000000000001,1,0,At Risk Customers,124.94500000000001,2,1.0,249.89000000000001,1.0986122886681096,0.6931471805599453
16894.0,3,1306.96,137,0,At Risk Customers,435.65333333333336,138,0.021739130434782608,28.41217391304348,1.3862943611198906,4.927253685157205
16895.0,4,900.63,73,0,At Risk Customers,225.1575,74,0.05405405405405406,48.682702702702706,1.6094379124341003,4.304065093204169
16896.0,1,103.95,190,1,Active Customers,103.95,191,0.005235602094240838,0.5442408376963351,0.6931471805599453,5.25227342804663
16898.0,3,496.26,3,0,At Risk Customers,165.42,4,0.75,372.195,1.3862943611198906,1.3862943611198906
16899.0,2,424.71000000000004,13,0,At Risk Customers,212.35500000000002,14,0.14285714285714285,60.67285714285715,1.0986122886681096,2.639057329615259
16901.0,1,204.26,364,1,Active Customers,204.26,365,0.0027397260273972603,0.5596164383561644,0.6931471805599453,5.8998973535824915
16903.0,2,678.55,15,0,At Risk Customers,339.275,16,0.125,84.81875,1.0986122886681096,2.772588722239781
16906.0,3,851.33,63,0,At Risk Customers,283.7766666666667,64,0.046875,39.90609375000001,1.3862943611198906,4.1588830833596715
16908.0,1,252.59,357,1,Active Customers,252.59,358,0.002793296089385475,0.7055586592178771,0.6931471805599453,5.8805329864007
16911.0,2,255.25,270,1,Active Customers,127.625,271,0.007380073800738007,1.8837638376383763,1.0986122886681096,5.602118820879701
16912.0,4,1904.93,56,0,At Risk Customers,476.2325,57,0.07017543859649122,133.67929824561404,1.6094379124341003,4.04305126783455
16913.0,2,310.46999999999997,286,1,Active Customers,155.23499999999999,287,0.006968641114982578,2.1635540069686408,1.0986122886681096,5.659482215759621
16915.0,5,921.5,21,0,At Risk Customers,184.3,22,0.22727272727272727,209.4318181818182,1.791759469228055,3.091042453358316
16916.0,3,536.04,7,0,At Risk Customers,178.67999999999998,8,0.375,201.015,1.3862943611198906,2.0794415416798357
16917.0,1,1460.3600000000001,267,1,Active Customers,1460.3600000000001,268,0.0037313432835820895,5.44910447761194,0.6931471805599453,5.5909869805108565
16918.0,10,2137.72,57,0,At Risk Customers,213.772,58,0.1724137931034483,368.57241379310346,2.3978952727983707,4.060443010546419
16920.0,1,355.45,46,0,At Risk Customers,355.45,47,0.02127659574468085,7.562765957446808,0.6931471805599453,3.8501476017100584
16921.0,2,255.03,77,0,At Risk Customers,127.515,78,0.02564102564102564,6.539230769230769,1.0986122886681096,4.356708826689592
16922.0,1,611.08,207,1,Active Customers,611.08,208,0.004807692307692308,2.9378846153846156,0.6931471805599453,5.337538079701318
16925.0,1,125.65,175,1,Active Customers,125.65,176,0.005681818181818182,0.7139204545454546,0.6931471805599453,5.170483995038151
16931.0,3,629.4,4,0,At Risk Customers,209.79999999999998,5,0.6,377.64,1.3862943611198906,1.6094379124341003
16932.0,2,262.32,58,0,At Risk Customers,131.16,59,0.03389830508474576,8.892203389830508,1.0986122886681096,4.07753744390572
16933.0,7,2536.07,24,0,At Risk Customers,362.2957142857143,25,0.28,710.0996000000001,2.0794415416798357,3.2188758248682006
16934.0,4,1152.1100000000001,18,0,At Risk Customers,288.02750000000003,19,0.21052631578947367,242.54947368421054,1.6094379124341003,2.9444389791664403
16935.0,3,530.86,16,0,At Risk Customers,176.95333333333335,17,0.17647058823529413,93.68117647058824,1.3862943611198906,2.833213344056216
16936.0,1,286.39,20,0,At Risk Customers,286.39,21,0.047619047619047616,13.637619047619046,0.6931471805599453,3.044522437723423
16937.0,1,196.25,134,0,At Risk Customers,196.25,135,0.007407407407407408,1.4537037037037037,0.6931471805599453,4.90527477843843
16939.0,3,433.85,123,0,At Risk Customers,144.61666666666667,124,0.024193548387096774,10.496370967741935,1.3862943611198906,4.820281565605037
16940.0,5,3377.78,85,0,At Risk Customers,675.556,86,0.05813953488372093,196.3825581395349,1.791759469228055,4.454347296253507
16941.0,1,33.0,246,1,Active Customers,33.0,247,0.004048582995951417,0.13360323886639677,0.6931471805599453,5.5093883366279774
16943.0,2,482.76,174,1,Active Customers,241.38,175,0.011428571428571429,5.517257142857143,1.0986122886681096,5.1647859739235145
16944.0,1,101.36,244,1,Active Customers,101.36,245,0.004081632653061225,0.41371428571428576,0.6931471805599453,5.501258210544727
16946.0,5,1222.04,18,0,At Risk Customers,244.408,19,0.2631578947368421,321.5894736842105,1.791759469228055,2.9444389791664403
16947.0,4,548.73,97,0,At Risk Customers,137.1825,98,0.04081632653061224,22.397142857142857,1.6094379124341003,4.584967478670572
16948.0,4,433.75,64,0,At Risk Customers,108.4375,65,0.06153846153846154,26.692307692307693,1.6094379124341003,4.174387269895637
16952.0,3,628.22,76,0,At Risk Customers,209.40666666666667,77,0.03896103896103896,24.476103896103897,1.3862943611198906,4.343805421853684
16958.0,1,778.49,70,0,At Risk Customers,778.49,71,0.014084507042253521,10.964647887323943,0.6931471805599453,4.2626798770413155
16960.0,5,1483.83,25,0,At Risk Customers,296.76599999999996,26,0.19230769230769232,285.3519230769231,1.791759469228055,3.258096538021482
16961.0,2,560.39,23,0,At Risk Customers,280.195,24,0.08333333333333333,46.69916666666666,1.0986122886681096,3.1780538303479458
16962.0,1,251.04,44,0,At Risk Customers,251.04,45,0.022222222222222223,5.578666666666667,0.6931471805599453,3.8066624897703196
16964.0,2,207.85,368,1,Active Customers,103.925,369,0.005420054200542005,1.1265582655826558,1.0986122886681096,5.910796644040527
16970.0,1,71.4,261,1,Active Customers,71.4,262,0.003816793893129771,0.27251908396946567,0.6931471805599453,5.568344503761097
16972.0,2,749.0,17,0,At Risk Customers,374.5,18,0.1111111111111111,83.22222222222221,1.0986122886681096,2.8903717578961645
16973.0,1,127.0,21,0,At Risk Customers,127.0,22,0.045454545454545456,5.7727272727272725,0.6931471805599453,3.091042453358316
16974.0,2,365.5,157,1,Active Customers,182.75,158,0.012658227848101266,4.6265822784810124,1.0986122886681096,5.062595033026967
16975.0,3,926.12,58,0,At Risk Customers,308.70666666666665,59,0.05084745762711865,47.09084745762711,1.3862943611198906,4.07753744390572
16977.0,4,496.0,30,0,At Risk Customers,124.0,31,0.12903225806451613,64.0,1.6094379124341003,3.4339872044851463
16978.0,2,424.55,301,1,Active Customers,212.275,302,0.006622516556291391,2.81158940397351,1.0986122886681096,5.71042701737487
16979.0,3,1007.74,18,0,At Risk Customers,335.91333333333336,19,0.15789473684210525,159.11684210526315,1.3862943611198906,2.9444389791664403
16980.0,1,394.37,63,0,At Risk Customers,394.37,64,0.015625,6.16203125,0.6931471805599453,4.1588830833596715
16986.0,9,3015.55,80,0,At Risk Customers,335.06111111111113,81,0.1111111111111111,335.06111111111113,2.302585092994046,4.394449154672439
16987.0,4,904.6,11,0,At Risk Customers,226.15,12,0.3333333333333333,301.5333333333333,1.6094379124341003,2.4849066497880004
16988.0,1,256.55,14,0,At Risk Customers,256.55,15,0.06666666666666667,17.103333333333335,0.6931471805599453,2.70805020110221
16990.0,1,165.0,57,0,At Risk Customers,165.0,58,0.017241379310344827,2.8448275862068964,0.6931471805599453,4.060443010546419
16991.0,1,1041.21,56,0,At Risk Customers,1041.21,57,0.017543859649122806,18.26684210526316,0.6931471805599453,4.04305126783455
16993.0,2,1950.9499999999998,98,0,At Risk Customers,975.4749999999999,99,0.020202020202020204,39.413131313131316,1.0986122886681096,4.59511985013459
16996.0,3,666.6500000000001,17,0,At Risk Customers,222.2166666666667,18,0.16666666666666666,111.10833333333335,1.3862943611198906,2.8903717578961645
16998.0,1,107.0,79,0,At Risk Customers,107.0,80,0.0125,1.3375000000000001,0.6931471805599453,4.382026634673881
17000.0,2,406.3,31,0,At Risk Customers,203.15,32,0.0625,25.39375,1.0986122886681096,3.4657359027997265
17002.0,4,1077.82,78,0,At Risk Customers,269.455,79,0.05063291139240506,54.57316455696202,1.6094379124341003,4.3694478524670215
17003.0,4,828.21,37,0,At Risk Customers,207.0525,38,0.10526315789473684,87.17999999999999,1.6094379124341003,3.6375861597263857
17004.0,2,1012.22,27,0,At Risk Customers,506.11,28,0.07142857142857142,72.30142857142857,1.0986122886681096,3.332204510175204
17005.0,2,622.36,105,0,At Risk Customers,311.18,106,0.018867924528301886,11.742641509433962,1.0986122886681096,4.663439094112067
17006.0,4,853.49,27,0,At Risk Customers,213.3725,28,0.14285714285714285,121.92714285714285,1.6094379124341003,3.332204510175204
17007.0,1,230.17000000000002,72,0,At Risk Customers,230.17000000000002,73,0.0136986301369863,3.153013698630137,0.6931471805599453,4.290459441148391
17008.0,1,81.36,64,0,At Risk Customers,81.36,65,0.015384615384615385,1.2516923076923077,0.6931471805599453,4.174387269895637
17009.0,1,242.06,186,1,Active Customers,242.06,187,0.0053475935828877,1.2944385026737968,0.6931471805599453,5.231108616854587
17011.0,2,400.8,282,1,Active Customers,200.4,283,0.007067137809187279,2.8325088339222617,1.0986122886681096,5.645446897643238
17012.0,1,360.61,360,1,Active Customers,360.61,361,0.002770083102493075,0.9989196675900277,0.6931471805599453,5.8888779583328805
17016.0,1,552.4,211,1,Active Customers,552.4,212,0.0047169811320754715,2.6056603773584905,0.6931471805599453,5.356586274672012
17018.0,4,1367.6,22,0,At Risk Customers,341.9,23,0.17391304347826086,237.84347826086955,1.6094379124341003,3.1354942159291497
17020.0,2,935.62,177,1,Active Customers,467.81,178,0.011235955056179775,10.512584269662922,1.0986122886681096,5.181783550292085
17021.0,6,1182.22,77,0,At Risk Customers,197.03666666666666,78,0.07692307692307693,90.94000000000001,1.9459101490553132,4.356708826689592
17022.0,1,189.0,67,0,At Risk Customers,189.0,68,0.014705882352941176,2.7794117647058822,0.6931471805599453,4.219507705176107
17023.0,3,800.18,52,0,At Risk Customers,266.72666666666663,53,0.05660377358490566,45.2932075471698,1.3862943611198906,3.970291913552122
17025.0,4,1152.87,8,0,At Risk Customers,288.2175,9,0.4444444444444444,512.3866666666665,1.6094379124341003,2.1972245773362196
17026.0,2,54.15,4,0,At Risk Customers,27.075,5,0.4,21.66,1.0986122886681096,1.6094379124341003
17027.0,3,433.07,81,0,At Risk Customers,144.35666666666665,82,0.036585365853658534,15.844024390243899,1.3862943611198906,4.406719247264253
17028.0,3,1593.83,216,1,Active Customers,531.2766666666666,217,0.013824884792626729,22.03451612903226,1.3862943611198906,5.37989735354046
17029.0,5,1421.3,17,0,At Risk Customers,284.26,18,0.2777777777777778,394.80555555555554,1.791759469228055,2.8903717578961645
17031.0,4,2393.5,13,0,At Risk Customers,598.375,14,0.2857142857142857,683.8571428571428,1.6094379124341003,2.639057329615259
17032.0,8,2984.32,182,1,Active Customers,373.04,183,0.04371584699453552,130.46207650273226,2.1972245773362196,5.209486152841421
17033.0,1,302.65000000000003,32,0,At Risk Customers,302.65000000000003,33,0.030303030303030304,9.171212121212122,0.6931471805599453,3.4965075614664802
17034.0,2,530.9,44,0,At Risk Customers,265.45,45,0.044444444444444446,23.595555555555556,1.0986122886681096,3.8066624897703196
17035.0,2,180.06,226,1,Active Customers,90.03,227,0.00881057268722467,1.5864317180616743,1.0986122886681096,5.424950017481403
17036.0,1,176.9,18,0,At Risk Customers,176.9,19,0.05263157894736842,9.310526315789474,0.6931471805599453,2.9444389791664403
17038.0,1,630.77,50,0,At Risk Customers,630.77,51,0.0196078431372549,12.368039215686274,0.6931471805599453,3.9318256327243257
17039.0,1,1954.99,239,1,Active Customers,1954.99,240,0.004166666666666667,8.145791666666666,0.6931471805599453,5.480638923341991
17040.0,1,13.52,185,1,Active Customers,13.52,186,0.005376344086021506,0.07268817204301076,0.6931471805599453,5.225746673713202
17041.0,3,583.71,32,0,At Risk Customers,194.57000000000002,33,0.09090909090909091,53.06454545454546,1.3862943611198906,3.4965075614664802
17043.0,4,858.47,10,0,At Risk Customers,214.6175,11,0.36363636363636365,312.1709090909091,1.6094379124341003,2.3978952727983707
17045.0,2,488.24,11,0,At Risk Customers,244.12,12,0.16666666666666666,81.37333333333333,1.0986122886681096,2.4849066497880004
17046.0,4,1264.05,79,0,At Risk Customers,316.0125,80,0.05,63.2025,1.6094379124341003,4.382026634673881
17047.0,3,1188.33,66,0,At Risk Customers,396.10999999999996,67,0.04477611940298507,53.20880597014925,1.3862943611198906,4.204692619390966
17048.0,4,1146.33,72,0,At Risk Customers,286.5825,73,0.0547945205479452,62.81260273972602,1.6094379124341003,4.290459441148391
17050.0,5,1462.95,10,0,At Risk Customers,292.59000000000003,11,0.45454545454545453,664.9772727272729,1.791759469228055,2.3978952727983707
17051.0,3,465.6,81,0,At Risk Customers,155.20000000000002,82,0.036585365853658534,17.034146341463416,1.3862943611198906,4.406719247264253
17055.0,1,232.85,80,0,At Risk Customers,232.85,81,0.012345679012345678,2.874691358024691,0.6931471805599453,4.394449154672439
17056.0,1,128.60000000000002,373,1,Active Customers,128.60000000000002,374,0.00267379679144385,0.34385026737967916,0.6931471805599453,5.924255797414532
17057.0,1,294.74,231,1,Active Customers,294.74,232,0.004310344827586207,1.2704310344827587,0.6931471805599453,5.44673737166631
17063.0,6,2177.39,42,0,At Risk Customers,362.8983333333333,43,0.13953488372093023,303.82186046511623,1.9459101490553132,3.7612001156935624
17065.0,2,194.7,272,1,Active Customers,97.35,273,0.007326007326007326,1.4263736263736262,1.0986122886681096,5.60947179518496
17066.0,1,228.34,361,1,Active Customers,228.34,362,0.0027624309392265192,0.6307734806629834,0.6931471805599453,5.891644211825771
17067.0,3,454.54,359,1,Active Customers,151.51333333333335,360,0.008333333333333333,3.787833333333334,1.3862943611198906,5.886104031450156
17070.0,1,133.18,45,0,At Risk Customers,133.18,46,0.021739130434782608,2.8952173913043477,0.6931471805599453,3.828641396489095
17071.0,4,1364.68,16,0,At Risk Customers,341.17,17,0.23529411764705882,321.10117647058826,1.6094379124341003,2.833213344056216
17072.0,1,273.35,260,1,Active Customers,273.35,261,0.0038314176245210726,1.0473180076628352,0.6931471805599453,5.564520407322694
17074.0,1,203.05,197,1,Active Customers,203.05,198,0.005050505050505051,1.0255050505050507,0.6931471805599453,5.288267030694535
17075.0,6,1402.51,64,0,At Risk Customers,233.75166666666667,65,0.09230769230769231,129.46246153846155,1.9459101490553132,4.174387269895637
17076.0,3,401.66999999999996,27,0,At Risk Customers,133.89,28,0.10714285714285714,43.036071428571425,1.3862943611198906,3.332204510175204
17077.0,1,306.0,213,1,Active Customers,306.0,214,0.004672897196261682,1.4299065420560746,0.6931471805599453,5.365976015021851
17080.0,5,669.91,14,0,At Risk Customers,133.982,15,0.3333333333333333,223.3033333333333,1.791759469228055,2.70805020110221
17081.0,4,660.48,30,0,At Risk Customers,165.12,31,0.12903225806451613,85.22322580645161,1.6094379124341003,3.4339872044851463
17082.0,4,2728.18,29,0,At Risk Customers,682.045,30,0.13333333333333333,363.7573333333333,1.6094379124341003,3.4011973816621555
17083.0,6,2644.01,44,0,At Risk Customers,440.66833333333335,45,0.13333333333333333,352.5346666666667,1.9459101490553132,3.8066624897703196
17084.0,1,2253.22,31,0,At Risk Customers,2253.22,32,0.03125,70.413125,0.6931471805599453,3.4657359027997265
17087.0,1,221.53,372,1,Active Customers,221.53,373,0.002680965147453083,0.5939142091152815,0.6931471805599453,5.921578419643816
17089.0,1,128.45,21,0,At Risk Customers,128.45,22,0.045454545454545456,5.838636363636363,0.6931471805599453,3.091042453358316
17090.0,6,1105.53,9,0,At Risk Customers,184.255,10,0.6,663.318,1.9459101490553132,2.302585092994046
17092.0,7,3737.38,72,0,At Risk Customers,533.9114285714286,73,0.0958904109589041,358.37890410958903,2.0794415416798357,4.290459441148391
17093.0,1,235.88,227,1,Active Customers,235.88,228,0.0043859649122807015,1.0345614035087718,0.6931471805599453,5.429345628954441
17094.0,1,100.2,58,0,At Risk Customers,100.2,59,0.01694915254237288,1.6983050847457628,0.6931471805599453,4.07753744390572
17095.0,4,1248.09,65,0,At Risk Customers,312.0225,66,0.06060606060606061,75.64181818181818,1.6094379124341003,4.189654742026425
17097.0,2,363.66,0,0,At Risk Customers,181.83,1,2.0,727.32,1.0986122886681096,0.0
17098.0,3,591.0699999999999,16,0,At Risk Customers,197.0233333333333,17,0.17647058823529413,104.30647058823529,1.3862943611198906,2.833213344056216
17099.0,1,582.17,168,1,Active Customers,582.17,169,0.005917159763313609,3.4447928994082835,0.6931471805599453,5.1298987149230735
17101.0,3,885.3199999999999,29,0,At Risk Customers,295.1066666666666,30,0.1,88.532,1.3862943611198906,3.4011973816621555
17103.0,1,424.3,357,1,Active Customers,424.3,358,0.002793296089385475,1.1851955307262572,0.6931471805599453,5.8805329864007
17104.0,1,474.03,58,0,At Risk Customers,474.03,59,0.01694915254237288,8.034406779661017,0.6931471805599453,4.07753744390572
17106.0,1,481.58,24,0,At Risk Customers,481.58,25,0.04,19.2632,0.6931471805599453,3.2188758248682006
17107.0,4,5255.24,32,0,At Risk Customers,1313.81,33,0.12121212121212122,636.9987878787879,1.6094379124341003,3.4965075614664802
17108.0,1,174.95,298,1,Active Customers,174.95,299,0.0033444816053511705,0.5851170568561872,0.6931471805599453,5.700443573390686
17109.0,2,410.42,41,0,At Risk Customers,205.21,42,0.047619047619047616,19.543809523809525,1.0986122886681096,3.7376696182833684
17110.0,2,336.59999999999997,155,1,Active Customers,168.29999999999998,156,0.01282051282051282,4.315384615384615,1.0986122886681096,5.049856007249537
17111.0,1,227.97,60,0,At Risk Customers,227.97,61,0.01639344262295082,3.7372131147540983,0.6931471805599453,4.110873864173311
17112.0,1,197.57,137,0,At Risk Customers,197.57,138,0.007246376811594203,1.4316666666666666,0.6931471805599453,4.927253685157205
17113.0,6,2305.59,209,1,Active Customers,384.26500000000004,210,0.02857142857142857,65.874,1.9459101490553132,5.3471075307174685
17115.0,4,1923.99,183,1,Active Customers,480.9975,184,0.021739130434782608,41.82586956521739,1.6094379124341003,5.214935757608986
17116.0,1,389.78,283,1,Active Customers,389.78,284,0.0035211267605633804,1.3724647887323942,0.6931471805599453,5.648974238161206
17121.0,1,314.74,37,0,At Risk Customers,314.74,38,0.02631578947368421,8.282631578947369,0.6931471805599453,3.6375861597263857
17122.0,3,432.18,23,0,At Risk Customers,144.06,24,0.125,54.0225,1.3862943611198906,3.1780538303479458
17123.0,2,631.87,74,0,At Risk Customers,315.935,75,0.02666666666666667,16.849866666666667,1.0986122886681096,4.31748811353631
17126.0,4,1026.98,16,0,At Risk Customers,256.745,17,0.23529411764705882,241.64235294117648,1.6094379124341003,2.833213344056216
17127.0,5,1155.0300000000002,63,0,At Risk Customers,231.00600000000003,64,0.078125,90.23671875000002,1.791759469228055,4.1588830833596715
17129.0,1,31.85,155,1,Active Customers,31.85,156,0.00641025641025641,0.20416666666666666,0.6931471805599453,5.049856007249537
17132.0,2,1220.9099999999999,87,0,At Risk Customers,610.4549999999999,88,0.022727272727272728,27.747954545454544,1.0986122886681096,4.477336814478207
17133.0,5,9730.09,109,0,At Risk Customers,1946.018,110,0.045454545454545456,442.2768181818182,1.791759469228055,4.700480365792417
17134.0,1,212.1,77,0,At Risk Customers,212.1,78,0.01282051282051282,2.719230769230769,0.6931471805599453,4.356708826689592
17135.0,4,798.03,6,0,At Risk Customers,199.5075,7,0.5714285714285714,456.0171428571428,1.6094379124341003,1.9459101490553132
17136.0,1,231.68,297,1,Active Customers,231.68,298,0.003355704697986577,0.7774496644295302,0.6931471805599453,5.697093486505405
17137.0,6,1099.81,51,0,At Risk Customers,183.30166666666665,52,0.11538461538461539,126.90115384615385,1.9459101490553132,3.9512437185814275
17141.0,4,727.58,53,0,At Risk Customers,181.895,54,0.07407407407407407,53.894814814814815,1.6094379124341003,3.9889840465642745
17142.0,3,696.25,39,0,At Risk Customers,232.08333333333334,40,0.075,52.21875,1.3862943611198906,3.6888794541139363
17143.0,2,880.97,52,0,At Risk Customers,440.485,53,0.03773584905660377,33.24415094339623,1.0986122886681096,3.970291913552122
17145.0,4,3120.91,147,1,Active Customers,780.2275,148,0.02702702702702703,84.34891891891893,1.6094379124341003,4.997212273764115
17146.0,10,5102.86,70,0,At Risk Customers,510.28599999999994,71,0.14084507042253522,718.7126760563381,2.3978952727983707,4.2626798770413155
17147.0,5,1485.36,87,0,At Risk Customers,297.072,88,0.056818181818181816,84.39545454545456,1.791759469228055,4.477336814478207
17149.0,1,143.10000000000002,86,0,At Risk Customers,143.10000000000002,87,0.011494252873563218,1.6448275862068968,0.6931471805599453,4.465908118654584
17150.0,6,1357.95,11,0,At Risk Customers,226.32500000000002,12,0.5,678.975,1.9459101490553132,2.4849066497880004
17151.0,1,231.90000000000003,370,1,Active Customers,231.90000000000003,371,0.0026954177897574125,0.625067385444744,0.6931471805599453,5.916202062607435
17152.0,1,327.0,60,0,At Risk Customers,327.0,61,0.01639344262295082,5.360655737704918,0.6931471805599453,4.110873864173311
17155.0,5,640.76,162,1,Active Customers,128.152,163,0.03067484662576687,19.65521472392638,1.791759469228055,5.093750200806762
17156.0,1,591.87,126,0,At Risk Customers,591.87,127,0.007874015748031496,4.6603937007874014,0.6931471805599453,4.844187086458591
17157.0,17,4832.9,115,0,At Risk Customers,284.2882352941176,116,0.14655172413793102,708.2698275862068,2.8903717578961645,4.7535901911063645
17158.0,2,713.03,182,1,Active Customers,356.515,183,0.01092896174863388,7.792677595628415,1.0986122886681096,5.209486152841421
17159.0,2,560.71,112,0,At Risk Customers,280.355,113,0.017699115044247787,9.924070796460178,1.0986122886681096,4.727387818712341
17161.0,1,856.01,79,0,At Risk Customers,856.01,80,0.0125,10.700125,0.6931471805599453,4.382026634673881
17163.0,2,406.68,80,0,At Risk Customers,203.34,81,0.024691358024691357,10.041481481481481,1.0986122886681096,4.394449154672439
17165.0,5,1635.64,16,0,At Risk Customers,327.12800000000004,17,0.29411764705882354,481.0705882352942,1.791759469228055,2.833213344056216
17167.0,3,867.11,14,0,At Risk Customers,289.0366666666667,15,0.2,173.42200000000003,1.3862943611198906,2.70805020110221
17168.0,1,400.2,133,0,At Risk Customers,400.2,134,0.007462686567164179,2.9865671641791045,0.6931471805599453,4.897839799950911
17169.0,1,320.95,213,1,Active Customers,320.95,214,0.004672897196261682,1.4997663551401867,0.6931471805599453,5.365976015021851
17170.0,2,178.68,9,0,At Risk Customers,89.34,10,0.2,35.736000000000004,1.0986122886681096,2.302585092994046
17171.0,1,159.68,296,1,Active Customers,159.68,297,0.003367003367003367,0.5376430976430976,0.6931471805599453,5.6937321388027
17172.0,2,638.81,65,0,At Risk Customers,319.405,66,0.030303030303030304,19.357878787878786,1.0986122886681096,4.189654742026425
17176.0,2,596.1899999999999,161,1,Active Customers,298.09499999999997,162,0.012345679012345678,7.36037037037037,1.0986122886681096,5.087596335232384
17177.0,1,119.5,140,1,Active Customers,119.5,141,0.0070921985815602835,0.8475177304964538,0.6931471805599453,4.948759890378168
17178.0,1,432.96,366,1,Active Customers,432.96,367,0.0027247956403269754,1.1797275204359672,0.6931471805599453,5.905361848054571
17179.0,3,795.47,17,0,At Risk Customers,265.1566666666667,18,0.16666666666666666,132.57833333333332,1.3862943611198906,2.8903717578961645
17180.0,7,1452.8,57,0,At Risk Customers,207.54285714285714,58,0.1206896551724138,175.33793103448275,2.0794415416798357,4.060443010546419
17181.0,2,225.45000000000002,8,0,At Risk Customers,112.72500000000001,9,0.2222222222222222,50.1,1.0986122886681096,2.1972245773362196
17182.0,2,321.3,57,0,At Risk Customers,160.65,58,0.034482758620689655,11.079310344827586,1.0986122886681096,4.060443010546419
17184.0,2,198.41000000000003,204,1,Active Customers,99.20500000000001,205,0.00975609756097561,1.935707317073171,1.0986122886681096,5.3230099791384085
17185.0,3,229.46,226,1,Active Customers,76.48666666666666,227,0.013215859030837005,3.032511013215859,1.3862943611198906,5.424950017481403
17187.0,1,263.76,161,1,Active Customers,263.76,162,0.006172839506172839,1.628148148148148,0.6931471805599453,5.087596335232384
17188.0,6,2118.7000000000003,81,0,At Risk Customers,353.11666666666673,82,0.07317073170731707,155.0268292682927,1.9459101490553132,4.406719247264253
17189.0,3,569.88,195,1,Active Customers,189.96,196,0.015306122448979591,8.72265306122449,1.3862943611198906,5.278114659230518
17190.0,5,1281.83,38,0,At Risk Customers,256.366,39,0.1282051282051282,164.33717948717947,1.791759469228055,3.6635616461296463
17192.0,1,75.28,171,1,Active Customers,75.28,172,0.005813953488372093,0.43767441860465117,0.6931471805599453,5.147494476813453
17193.0,2,610.74,21,0,At Risk Customers,305.37,22,0.09090909090909091,55.52181818181818,1.0986122886681096,3.091042453358316
17194.0,1,549.88,165,1,Active Customers,549.88,166,0.006024096385542169,3.3125301204819277,0.6931471805599453,5.111987788356544
17195.0,1,562.98,290,1,Active Customers,562.98,291,0.003436426116838488,1.9346391752577319,0.6931471805599453,5.673323267171493
17196.0,1,327.75,62,0,At Risk Customers,327.75,63,0.015873015873015872,5.202380952380952,0.6931471805599453,4.143134726391533
17199.0,1,135.04000000000002,217,1,Active Customers,135.04000000000002,218,0.0045871559633027525,0.6194495412844038,0.6931471805599453,5.384495062789089
17200.0,4,356.71,22,0,At Risk Customers,89.1775,23,0.17391304347826086,62.03652173913043,1.6094379124341003,3.1354942159291497
17201.0,3,853.3199999999999,158,1,Active Customers,284.44,159,0.018867924528301886,16.100377358490565,1.3862943611198906,5.0689042022202315
17202.0,1,160.65,55,0,At Risk Customers,160.65,56,0.017857142857142856,2.86875,0.6931471805599453,4.02535169073515
17203.0,4,2004.01,23,0,At Risk Customers,501.0025,24,0.16666666666666666,334.00166666666667,1.6094379124341003,3.1780538303479458
17205.0,2,615.27,51,0,At Risk Customers,307.635,52,0.038461538461538464,23.66423076923077,1.0986122886681096,3.9512437185814275
17207.0,1,292.62,287,1,Active Customers,292.62,288,0.003472222222222222,1.0160416666666667,0.6931471805599453,5.662960480135946
17208.0,1,111.15,30,0,At Risk Customers,111.15,31,0.03225806451612903,3.585483870967742,0.6931471805599453,3.4339872044851463
17209.0,3,595.7,284,1,Active Customers,198.5666666666667,285,0.010526315789473684,6.270526315789474,1.3862943611198906,5.652489180268651
17210.0,1,251.72,27,0,At Risk Customers,251.72,28,0.03571428571428571,8.99,0.6931471805599453,3.332204510175204
17212.0,2,567.5600000000001,93,0,At Risk Customers,283.78000000000003,94,0.02127659574468085,12.075744680851065,1.0986122886681096,4.543294782270004
17215.0,1,186.15,99,0,At Risk Customers,186.15,100,0.01,1.8615000000000002,0.6931471805599453,4.605170185988092
17216.0,1,63.6,189,1,Active Customers,63.6,190,0.005263157894736842,0.33473684210526317,0.6931471805599453,5.247024072160486
17217.0,1,96.6,254,1,Active Customers,96.6,255,0.00392156862745098,0.37882352941176467,0.6931471805599453,5.541263545158426
17219.0,1,144.9,51,0,At Risk Customers,144.9,52,0.019230769230769232,2.786538461538462,0.6931471805599453,3.9512437185814275
17220.0,7,1269.76,52,0,At Risk Customers,181.3942857142857,53,0.1320754716981132,167.70415094339623,2.0794415416798357,3.970291913552122
17221.0,3,642.14,226,1,Active Customers,214.04666666666665,227,0.013215859030837005,8.486431718061674,1.3862943611198906,5.424950017481403
17222.0,5,1250.86,112,0,At Risk Customers,250.17199999999997,113,0.04424778761061947,55.34778761061946,1.791759469228055,4.727387818712341
17223.0,2,433.99,3,0,At Risk Customers,216.995,4,0.5,216.995,1.0986122886681096,1.3862943611198906
17224.0,1,100.86,136,0,At Risk Customers,100.86,137,0.0072992700729927005,0.7362043795620438,0.6931471805599453,4.919980925828125
17225.0,1,131.15,216,1,Active Customers,131.15,217,0.004608294930875576,0.6043778801843318,0.6931471805599453,5.37989735354046
17226.0,2,501.97999999999996,79,0,At Risk Customers,250.98999999999998,80,0.025,12.5495,1.0986122886681096,4.382026634673881
17230.0,10,5750.08,198,1,Active Customers,575.008,199,0.05025125628140704,288.948743718593,2.3978952727983707,5.293304824724492
17233.0,2,369.98,83,0,At Risk Customers,184.99,84,0.023809523809523808,8.809047619047618,1.0986122886681096,4.430816798843313
17236.0,6,1013.13,45,0,At Risk Customers,168.855,46,0.13043478260869565,132.14739130434782,1.9459101490553132,3.828641396489095
17237.0,2,679.44,10,0,At Risk Customers,339.72,11,0.18181818181818182,123.53454545454547,1.0986122886681096,2.3978952727983707
17239.0,3,806.95,22,0,At Risk Customers,268.98333333333335,23,0.13043478260869565,105.25434782608696,1.3862943611198906,3.1354942159291497
17240.0,1,130.6,231,1,Active Customers,130.6,232,0.004310344827586207,0.5629310344827586,0.6931471805599453,5.44673737166631
17242.0,3,1754.24,91,0,At Risk Customers,584.7466666666667,92,0.03260869565217391,57.203478260869566,1.3862943611198906,4.5217885770490405
17244.0,4,871.14,18,0,At Risk Customers,217.785,19,0.21052631578947367,183.3978947368421,1.6094379124341003,2.9444389791664403
17245.0,1,200.18,324,1,Active Customers,200.18,325,0.003076923076923077,0.6159384615384615,0.6931471805599453,5.783825182329737
17246.0,2,38.92,181,1,Active Customers,19.46,182,0.01098901098901099,0.42769230769230776,1.0986122886681096,5.204006687076795
17248.0,1,181.89000000000001,116,0,At Risk Customers,181.89000000000001,117,0.008547008547008548,1.554615384615385,0.6931471805599453,4.762173934797756
17249.0,1,68.03,63,0,At Risk Customers,68.03,64,0.015625,1.06296875,0.6931471805599453,4.1588830833596715
17251.0,2,529.15,17,0,At Risk Customers,264.575,18,0.1111111111111111,58.79444444444444,1.0986122886681096,2.8903717578961645
17254.0,1,198.29,36,0,At Risk Customers,198.29,37,0.02702702702702703,5.359189189189189,0.6931471805599453,3.6109179126442243
17255.0,2,490.21999999999997,25,0,At Risk Customers,245.10999999999999,26,0.07692307692307693,37.70923076923077,1.0986122886681096,3.258096538021482
17256.0,3,258.93,116,0,At Risk Customers,86.31,117,0.02564102564102564,6.639230769230769,1.3862943611198906,4.762173934797756
17257.0,2,189.78,71,0,At Risk Customers,94.89,72,0.027777777777777776,5.2716666666666665,1.0986122886681096,4.276666119016055
17258.0,2,417.3,31,0,At Risk Customers,208.65,32,0.0625,26.08125,1.0986122886681096,3.4657359027997265
17260.0,1,120.95,46,0,At Risk Customers,120.95,47,0.02127659574468085,2.573404255319149,0.6931471805599453,3.8501476017100584
17261.0,1,221.59,144,1,Active Customers,221.59,145,0.006896551724137931,1.5282068965517241,0.6931471805599453,4.976733742420574
17264.0,1,268.28,59,0,At Risk Customers,268.28,60,0.016666666666666666,4.471333333333333,0.6931471805599453,4.0943445622221
17266.0,2,205.14,134,0,At Risk Customers,102.57,135,0.014814814814814815,3.039111111111111,1.0986122886681096,4.90527477843843
17268.0,7,970.25,80,0,At Risk Customers,138.60714285714286,81,0.08641975308641975,83.84876543209876,2.0794415416798357,4.394449154672439
17269.0,1,491.81,20,0,At Risk Customers,491.81,21,0.047619047619047616,23.41952380952381,0.6931471805599453,3.044522437723423
17270.0,2,601.4499999999999,104,0,At Risk Customers,300.72499999999997,105,0.01904761904761905,11.456190476190477,1.0986122886681096,4.653960350157523
17271.0,1,204.3,371,1,Active Customers,204.3,372,0.002688172043010753,0.5491935483870969,0.6931471805599453,5.918893854273146
17273.0,1,141.12,59,0,At Risk Customers,141.12,60,0.016666666666666666,2.352,0.6931471805599453,4.0943445622221
17274.0,1,465.4,30,0,At Risk Customers,465.4,31,0.03225806451612903,15.01290322580645,0.6931471805599453,3.4339872044851463
17275.0,1,114.1,18,0,At Risk Customers,114.1,19,0.05263157894736842,6.005263157894737,0.6931471805599453,2.9444389791664403
17276.0,1,502.49,37,0,At Risk Customers,502.49,38,0.02631578947368421,13.22342105263158,0.6931471805599453,3.6375861597263857
17278.0,1,25.2,200,1,Active Customers,25.2,201,0.004975124378109453,0.1253731343283582,0.6931471805599453,5.303304908059076
17280.0,1,118.85999999999999,73,0,At Risk Customers,118.85999999999999,74,0.013513513513513514,1.6062162162162161,0.6931471805599453,4.304065093204169
17281.0,6,797.8499999999999,9,0,At Risk Customers,132.975,10,0.6,478.7099999999999,1.9459101490553132,2.302585092994046
17282.0,2,623.08,91,0,At Risk Customers,311.54,92,0.021739130434782608,13.545217391304348,1.0986122886681096,4.5217885770490405
17283.0,1,188.46,13,0,At Risk Customers,188.46,14,0.07142857142857142,13.461428571428572,0.6931471805599453,2.639057329615259
17284.0,2,1140.58,24,0,At Risk Customers,570.29,25,0.08,91.2464,1.0986122886681096,3.2188758248682006
17285.0,2,407.94,263,1,Active Customers,203.97,264,0.007575757575757576,3.0904545454545453,1.0986122886681096,5.575949103146316
17286.0,2,237.81,35,0,At Risk Customers,118.905,36,0.05555555555555555,13.211666666666666,1.0986122886681096,3.58351893845611
17288.0,4,1050.8,25,0,At Risk Customers,262.7,26,0.15384615384615385,161.66153846153847,1.6094379124341003,3.258096538021482
17289.0,6,1110.78,11,0,At Risk Customers,185.13,12,0.5,555.39,1.9459101490553132,2.4849066497880004
17290.0,6,974.95,16,0,At Risk Customers,162.49166666666667,17,0.35294117647058826,344.1,1.9459101490553132,2.833213344056216
17292.0,2,271.75,107,0,At Risk Customers,135.875,108,0.018518518518518517,5.032407407407407,1.0986122886681096,4.68213122712422
17293.0,8,1896.57,29,0,At Risk Customers,237.07125,30,0.26666666666666666,505.75199999999995,2.1972245773362196,3.4011973816621555
17294.0,2,467.78999999999996,304,1,Active Customers,233.89499999999998,305,0.006557377049180328,3.0674754098360655,1.0986122886681096,5.720311776607412
17296.0,1,338.13,365,1,Active Customers,338.13,366,0.00273224043715847,0.9238524590163935,0.6931471805599453,5.902633333401366
17298.0,3,455.84000000000003,9,0,At Risk Customers,151.9466666666667,10,0.3,136.752,1.3862943611198906,2.302585092994046
17299.0,2,336.62,74,0,At Risk Customers,168.31,75,0.02666666666666667,8.976533333333334,1.0986122886681096,4.31748811353631
17300.0,2,393.64,25,0,At Risk Customers,196.82,26,0.07692307692307693,30.28,1.0986122886681096,3.258096538021482
17301.0,1,131.15,259,1,Active Customers,131.15,260,0.0038461538461538464,0.504423076923077,0.6931471805599453,5.560681631015528
17304.0,1,111.5,169,1,Active Customers,111.5,170,0.0058823529411764705,0.6558823529411765,0.6931471805599453,5.135798437050262
17305.0,1,2135.46,283,1,Active Customers,2135.46,284,0.0035211267605633804,7.519225352112676,0.6931471805599453,5.648974238161206
17306.0,2,1151.04,28,0,At Risk Customers,575.52,29,0.06896551724137931,79.38206896551723,1.0986122886681096,3.367295829986474
17308.0,2,4511.76,28,0,At Risk Customers,2255.88,29,0.06896551724137931,311.1558620689655,1.0986122886681096,3.367295829986474
17309.0,2,237.64000000000001,16,0,At Risk Customers,118.82000000000001,17,0.11764705882352941,27.957647058823532,1.0986122886681096,2.833213344056216
17310.0,2,1025.1,22,0,At Risk Customers,512.55,23,0.08695652173913043,89.1391304347826,1.0986122886681096,3.1354942159291497
17311.0,4,2181.71,27,0,At Risk Customers,545.4275,28,0.14285714285714285,311.67285714285714,1.6094379124341003,3.332204510175204
17314.0,9,2376.51,28,0,At Risk Customers,264.0566666666667,29,0.3103448275862069,737.5375862068967,2.302585092994046,3.367295829986474
17316.0,1,124.45,55,0,At Risk Customers,124.45,56,0.017857142857142856,2.2223214285714286,0.6931471805599453,4.02535169073515
17318.0,1,157.32999999999998,360,1,Active Customers,157.32999999999998,361,0.002770083102493075,0.43581717451523544,0.6931471805599453,5.8888779583328805
17319.0,1,29.1,304,1,Active Customers,29.1,305,0.003278688524590164,0.09540983606557378,0.6931471805599453,5.720311776607412
17321.0,4,1008.05,29,0,At Risk Customers,252.0125,30,0.13333333333333333,134.40666666666667,1.6094379124341003,3.4011973816621555
17322.0,5,922.59,11,0,At Risk Customers,184.518,12,0.4166666666666667,384.4125,1.791759469228055,2.4849066497880004
17323.0,5,644.52,42,0,At Risk Customers,128.904,43,0.11627906976744186,74.94418604651162,1.791759469228055,3.7612001156935624
17325.0,2,512.77,45,0,At Risk Customers,256.385,46,0.043478260869565216,22.294347826086955,1.0986122886681096,3.828641396489095
17326.0,2,312.35,43,0,At Risk Customers,156.175,44,0.045454545454545456,14.197727272727274,1.0986122886681096,3.784189633918261
17327.0,2,152.35,44,0,At Risk Customers,76.175,45,0.044444444444444446,6.771111111111111,1.0986122886681096,3.8066624897703196
17328.0,1,104.7,308,1,Active Customers,104.7,309,0.003236245954692557,0.3388349514563107,0.6931471805599453,5.733341276897746
17329.0,3,475.42,366,1,Active Customers,158.47333333333333,367,0.008174386920980926,3.8862670299727515,1.3862943611198906,5.905361848054571
17330.0,2,59.900000000000006,179,1,Active Customers,29.950000000000003,180,0.011111111111111112,0.6655555555555557,1.0986122886681096,5.19295685089021
17332.0,5,838.27,163,1,Active Customers,167.654,164,0.03048780487804878,25.55701219512195,1.791759469228055,5.099866427824199
17334.0,1,328.13,41,0,At Risk Customers,328.13,42,0.023809523809523808,7.812619047619047,0.6931471805599453,3.7376696182833684
17335.0,2,497.04,18,0,At Risk Customers,248.52,19,0.10526315789473684,52.32,1.0986122886681096,2.9444389791664403
17336.0,1,81.12,107,0,At Risk Customers,81.12,108,0.009259259259259259,0.7511111111111111,0.6931471805599453,4.68213122712422
17339.0,2,119.0,0,0,At Risk Customers,59.5,1,2.0,238.0,1.0986122886681096,0.0
17342.0,4,1227.54,14,0,At Risk Customers,306.885,15,0.26666666666666666,327.344,1.6094379124341003,2.70805020110221
17343.0,5,1066.3,11,0,At Risk Customers,213.26,12,0.4166666666666667,444.2916666666667,1.791759469228055,2.4849066497880004
17344.0,1,299.74,363,1,Active Customers,299.74,364,0.0027472527472527475,0.8234615384615386,0.6931471805599453,5.8971538676367405
17345.0,6,1066.94,10,0,At Risk Customers,177.82333333333335,11,0.5454545454545454,581.9672727272728,1.9459101490553132,2.3978952727983707
17348.0,4,1285.69,72,0,At Risk Customers,321.4225,73,0.0547945205479452,70.44876712328767,1.6094379124341003,4.290459441148391
17349.0,4,674.16,15,0,At Risk Customers,168.54,16,0.25,168.54,1.6094379124341003,2.772588722239781
17350.0,3,612.381,29,0,At Risk Customers,204.12699999999998,30,0.1,61.2381,1.3862943611198906,3.4011973816621555
17351.0,9,1401.08,62,0,At Risk Customers,155.67555555555555,63,0.14285714285714285,200.1542857142857,2.302585092994046,4.143134726391533
17352.0,1,36.25,331,1,Active Customers,36.25,332,0.0030120481927710845,0.10918674698795182,0.6931471805599453,5.805134968916488
17353.0,2,1502.0,126,0,At Risk Customers,751.0,127,0.015748031496062992,23.653543307086615,1.0986122886681096,4.844187086458591
17354.0,3,1740.8999999999999,63,0,At Risk Customers,580.3,64,0.046875,81.6046875,1.3862943611198906,4.1588830833596715
17355.0,1,273.31,21,0,At Risk Customers,273.31,22,0.045454545454545456,12.423181818181819,0.6931471805599453,3.091042453358316
17356.0,4,768.25,189,1,Active Customers,192.0625,190,0.021052631578947368,16.173684210526314,1.6094379124341003,5.247024072160486
17358.0,3,500.2,11,0,At Risk Customers,166.73333333333332,12,0.25,125.04999999999998,1.3862943611198906,2.4849066497880004
17359.0,1,156.6,283,1,Active Customers,156.6,284,0.0035211267605633804,0.5514084507042254,0.6931471805599453,5.648974238161206
17360.0,3,632.27,20,0,At Risk Customers,210.75666666666666,21,0.14285714285714285,90.32428571428571,1.3862943611198906,3.044522437723423
17361.0,2,383.59000000000003,311,1,Active Customers,191.79500000000002,312,0.00641025641025641,2.4589102564102565,1.0986122886681096,5.7430031878094825
17362.0,5,711.8100000000001,35,0,At Risk Customers,142.36200000000002,36,0.1388888888888889,98.86250000000003,1.791759469228055,3.58351893845611
17363.0,3,920.46,30,0,At Risk Customers,306.82,31,0.0967741935483871,89.07677419354839,1.3862943611198906,3.4339872044851463
17366.0,2,1077.24,67,0,At Risk Customers,538.62,68,0.029411764705882353,31.683529411764706,1.0986122886681096,4.219507705176107
17368.0,6,879.42,10,0,At Risk Customers,146.57,11,0.5454545454545454,479.6836363636363,1.9459101490553132,2.3978952727983707
17369.0,1,979.1999999999999,90,0,At Risk Customers,979.1999999999999,91,0.01098901098901099,10.760439560439561,0.6931471805599453,4.51085950651685
17371.0,3,236.97,258,1,Active Customers,78.99,259,0.011583011583011582,2.7448262548262545,1.3862943611198906,5.556828061699537
17373.0,3,520.58,53,0,At Risk Customers,173.52666666666667,54,0.05555555555555555,28.921111111111113,1.3862943611198906,3.9889840465642745
17374.0,1,231.34,30,0,At Risk Customers,231.34,31,0.03225806451612903,7.462580645161291,0.6931471805599453,3.4339872044851463
17375.0,1,260.45,66,0,At Risk Customers,260.45,67,0.014925373134328358,3.8873134328358208,0.6931471805599453,4.204692619390966
17376.0,2,250.44,39,0,At Risk Customers,125.22,40,0.05,12.522,1.0986122886681096,3.6888794541139363
17378.0,1,10.95,9,0,At Risk Customers,10.95,10,0.1,1.095,0.6931471805599453,2.302585092994046
17380.0,3,645.0,69,0,At Risk Customers,215.0,70,0.04285714285714286,27.642857142857142,1.3862943611198906,4.248495242049359
17382.0,7,836.88,70,0,At Risk Customers,119.55428571428571,71,0.09859154929577464,82.50929577464788,2.0794415416798357,4.2626798770413155
17383.0,1,110.69999999999999,88,0,At Risk Customers,110.69999999999999,89,0.011235955056179775,1.243820224719101,0.6931471805599453,4.48863636973214
17384.0,1,171.15,102,0,At Risk Customers,171.15,103,0.009708737864077669,1.6616504854368932,0.6931471805599453,4.634728988229636
17386.0,1,126.35000000000001,20,0,At Risk Customers,126.35000000000001,21,0.047619047619047616,6.016666666666667,0.6931471805599453,3.044522437723423
17388.0,7,1415.81,55,0,At Risk Customers,202.25857142857143,56,0.125,176.97625,2.0794415416798357,4.02535169073515
17390.0,1,149.3,55,0,At Risk Customers,149.3,56,0.017857142857142856,2.6660714285714286,0.6931471805599453,4.02535169073515
17392.0,1,168.65,85,0,At Risk Customers,168.65,86,0.011627906976744186,1.961046511627907,0.6931471805599453,4.454347296253507
17393.0,2,381.15,45,0,At Risk Customers,190.575,46,0.043478260869565216,16.571739130434782,1.0986122886681096,3.828641396489095
17395.0,1,97.5,143,1,Active Customers,97.5,144,0.006944444444444444,0.6770833333333333,0.6931471805599453,4.969813299576001
17397.0,1,516.87,51,0,At Risk Customers,516.87,52,0.019230769230769232,9.939807692307692,0.6931471805599453,3.9512437185814275
17400.0,3,2525.44,216,1,Active Customers,841.8133333333334,217,0.013824884792626729,34.913917050691246,1.3862943611198906,5.37989735354046
17401.0,1,114.85,176,1,Active Customers,114.85,177,0.005649717514124294,0.6488700564971751,0.6931471805599453,5.176149732573829
17403.0,1,118.95,85,0,At Risk Customers,118.95,86,0.011627906976744186,1.383139534883721,0.6931471805599453,4.454347296253507
17407.0,1,552.9,46,0,At Risk Customers,552.9,47,0.02127659574468085,11.763829787234041,0.6931471805599453,3.8501476017100584
17408.0,2,283.44000000000005,135,0,At Risk Customers,141.72000000000003,136,0.014705882352941176,4.168235294117648,1.0986122886681096,4.912654885736052
17411.0,2,646.44,21,0,At Risk Customers,323.22,22,0.09090909090909091,58.76727272727273,1.0986122886681096,3.091042453358316
17413.0,2,560.14,39,0,At Risk Customers,280.07,40,0.05,28.007,1.0986122886681096,3.6888794541139363
17414.0,4,1471.52,58,0,At Risk Customers,367.88,59,0.06779661016949153,99.76406779661016,1.6094379124341003,4.07753744390572
17417.0,1,164.18,183,1,Active Customers,164.18,184,0.005434782608695652,0.8922826086956522,0.6931471805599453,5.214935757608986
17418.0,1,206.60000000000002,22,0,At Risk Customers,206.60000000000002,23,0.043478260869565216,8.982608695652175,0.6931471805599453,3.1354942159291497
17420.0,4,485.6,8,0,At Risk Customers,121.4,9,0.4444444444444444,215.82222222222222,1.6094379124341003,2.1972245773362196
17421.0,3,1059.41,21,0,At Risk Customers,353.1366666666667,22,0.13636363636363635,144.465,1.3862943611198906,3.091042453358316
17422.0,5,1615.39,16,0,At Risk Customers,323.07800000000003,17,0.29411764705882354,475.114705882353,1.791759469228055,2.833213344056216
17423.0,1,420.54,28,0,At Risk Customers,420.54,29,0.034482758620689655,14.501379310344829,0.6931471805599453,3.367295829986474
17426.0,7,3040.51,87,0,At Risk Customers,434.35857142857145,88,0.07954545454545454,241.85875000000001,2.0794415416798357,4.477336814478207
17429.0,2,832.54,31,0,At Risk Customers,416.27,32,0.0625,52.03375,1.0986122886681096,3.4657359027997265
17432.0,7,1363.23,20,0,At Risk Customers,194.74714285714285,21,0.3333333333333333,454.40999999999997,2.0794415416798357,3.044522437723423
17433.0,1,266.8,20,0,At Risk Customers,266.8,21,0.047619047619047616,12.704761904761904,0.6931471805599453,3.044522437723423
17435.0,1,331.35,46,0,At Risk Customers,331.35,47,0.02127659574468085,7.050000000000001,0.6931471805599453,3.8501476017100584
17436.0,3,317.76,43,0,At Risk Customers,105.92,44,0.06818181818181818,21.665454545454544,1.3862943611198906,3.784189633918261
17437.0,1,369.68,164,1,Active Customers,369.68,165,0.006060606060606061,2.2404848484848485,0.6931471805599453,5.10594547390058
17438.0,4,1034.32,79,0,At Risk Customers,258.58,80,0.05,51.716,1.6094379124341003,4.382026634673881
17439.0,1,325.74,290,1,Active Customers,325.74,291,0.003436426116838488,1.119381443298969,0.6931471805599453,5.673323267171493
17440.0,1,137.16,184,1,Active Customers,137.16,185,0.005405405405405406,0.7414054054054054,0.6931471805599453,5.220355825078325
17441.0,1,293.35,367,1,Active Customers,293.35,368,0.002717391304347826,0.7971467391304348,0.6931471805599453,5.908082938168931
17449.0,6,2348.94,22,0,At Risk Customers,391.49,23,0.2608695652173913,612.7669565217391,1.9459101490553132,3.1354942159291497
17454.0,6,1030.41,97,0,At Risk Customers,171.735,98,0.061224489795918366,63.08632653061225,1.9459101490553132,4.584967478670572
17458.0,1,213.08,16,0,At Risk Customers,213.08,17,0.058823529411764705,12.534117647058824,0.6931471805599453,2.833213344056216
17463.0,2,659.4,195,1,Active Customers,329.7,196,0.01020408163265306,6.728571428571428,1.0986122886681096,5.278114659230518
17464.0,2,617.1800000000001,157,1,Active Customers,308.59000000000003,158,0.012658227848101266,7.8124050632911395,1.0986122886681096,5.062595033026967
17465.0,7,2542.79,60,0,At Risk Customers,363.2557142857143,61,0.11475409836065574,291.7955737704918,2.0794415416798357,4.110873864173311
17467.0,1,102.6,30,0,At Risk Customers,102.6,31,0.03225806451612903,3.3096774193548386,0.6931471805599453,3.4339872044851463
17468.0,1,57.8,10,0,At Risk Customers,57.8,11,0.09090909090909091,5.254545454545455,0.6931471805599453,2.3978952727983707
17471.0,1,321.65000000000003,109,0,At Risk Customers,321.65000000000003,110,0.00909090909090909,2.9240909090909093,0.6931471805599453,4.700480365792417
17472.0,1,224.81,263,1,Active Customers,224.81,264,0.003787878787878788,0.8515530303030303,0.6931471805599453,5.575949103146316
17473.0,2,607.0,43,0,At Risk Customers,303.5,44,0.045454545454545456,27.59090909090909,1.0986122886681096,3.784189633918261
17474.0,1,1047.0,234,1,Active Customers,1047.0,235,0.00425531914893617,4.45531914893617,0.6931471805599453,5.459585514144159
17476.0,2,489.86,30,0,At Risk Customers,244.93,31,0.06451612903225806,31.603870967741937,1.0986122886681096,3.4339872044851463
17477.0,2,1144.3,247,1,Active Customers,572.15,248,0.008064516129032258,9.228225806451613,1.0986122886681096,5.5134287461649825
17478.0,2,1272.8,43,0,At Risk Customers,636.4,44,0.045454545454545456,57.85454545454545,1.0986122886681096,3.784189633918261
17479.0,1,389.26000000000005,267,1,Active Customers,389.26000000000005,268,0.0037313432835820895,1.4524626865671644,0.6931471805599453,5.5909869805108565
17480.0,1,370.40999999999997,79,0,At Risk Customers,370.40999999999997,80,0.0125,4.630125,0.6931471805599453,4.382026634673881
17482.0,2,775.64,122,0,At Risk Customers,387.82,123,0.016260162601626018,12.612032520325204,1.0986122886681096,4.812184355372417
17483.0,1,177.69,49,0,At Risk Customers,177.69,50,0.02,3.5538,0.6931471805599453,3.912023005428146
17484.0,2,209.57,211,1,Active Customers,104.785,212,0.009433962264150943,1.9770754716981132,1.0986122886681096,5.356586274672012
17487.0,1,160.55,363,1,Active Customers,160.55,364,0.0027472527472527475,0.4410714285714286,0.6931471805599453,5.8971538676367405
17488.0,1,336.5,276,1,Active Customers,336.5,277,0.0036101083032490976,1.2148014440433212,0.6931471805599453,5.6240175061873385
17490.0,2,658.18,23,0,At Risk Customers,329.09,24,0.08333333333333333,54.84833333333333,1.0986122886681096,3.1780538303479458
17492.0,2,747.85,113,0,At Risk Customers,373.925,114,0.017543859649122806,13.12017543859649,1.0986122886681096,4.736198448394496
17493.0,1,100.91000000000001,20,0,At Risk Customers,100.91000000000001,21,0.047619047619047616,4.805238095238096,0.6931471805599453,3.044522437723423
17494.0,1,54.699999999999996,136,0,At Risk Customers,54.699999999999996,137,0.0072992700729927005,0.3992700729927007,0.6931471805599453,4.919980925828125
17495.0,1,309.16,25,0,At Risk Customers,309.16,26,0.038461538461538464,11.890769230769232,0.6931471805599453,3.258096538021482
17496.0,3,1141.84,198,1,Active Customers,380.6133333333333,199,0.01507537688442211,17.21366834170854,1.3862943611198906,5.293304824724492
17497.0,2,287.25,25,0,At Risk Customers,143.625,26,0.07692307692307693,22.096153846153847,1.0986122886681096,3.258096538021482
17499.0,1,718.51,196,1,Active Customers,718.51,197,0.005076142131979695,3.6472588832487305,0.6931471805599453,5.2832037287379885
17505.0,3,1289.64,185,1,Active Customers,429.88000000000005,186,0.016129032258064516,20.800645161290323,1.3862943611198906,5.225746673713202
17510.0,1,206.07999999999998,55,0,At Risk Customers,206.07999999999998,56,0.017857142857142856,3.6799999999999997,0.6931471805599453,4.02535169073515
17512.0,8,2542.83,87,0,At Risk Customers,317.85375,88,0.09090909090909091,231.16636363636363,2.1972245773362196,4.477336814478207
17513.0,2,645.6,43,0,At Risk Customers,322.8,44,0.045454545454545456,29.345454545454547,1.0986122886681096,3.784189633918261
17514.0,1,313.35,304,1,Active Customers,313.35,305,0.003278688524590164,1.027377049180328,0.6931471805599453,5.720311776607412
17515.0,5,963.49,29,0,At Risk Customers,192.698,30,0.16666666666666666,160.58166666666665,1.791759469228055,3.4011973816621555
17516.0,1,182.62,13,0,At Risk Customers,182.62,14,0.07142857142857142,13.044285714285714,0.6931471805599453,2.639057329615259
17518.0,2,329.42,60,0,At Risk Customers,164.71,61,0.03278688524590164,10.800655737704918,1.0986122886681096,4.110873864173311
17521.0,2,554.85,29,0,At Risk Customers,277.425,30,0.06666666666666667,36.99,1.0986122886681096,3.4011973816621555
17524.0,2,394.14,73,0,At Risk Customers,197.07,74,0.02702702702702703,10.652432432432432,1.0986122886681096,4.304065093204169
17525.0,2,739.2,32,0,At Risk Customers,369.6,33,0.06060606060606061,44.800000000000004,1.0986122886681096,3.4965075614664802
17529.0,2,1240.25,245,1,Active Customers,620.125,246,0.008130081300813009,10.083333333333334,1.0986122886681096,5.5053315359323625
17531.0,2,970.12,162,1,Active Customers,485.06,163,0.012269938650306749,11.903312883435584,1.0986122886681096,5.093750200806762
17532.0,1,65.34,20,0,At Risk Customers,65.34,21,0.047619047619047616,3.111428571428571,0.6931471805599453,3.044522437723423
17533.0,1,34.8,69,0,At Risk Customers,34.8,70,0.014285714285714285,0.4971428571428571,0.6931471805599453,4.248495242049359
17534.0,4,1445.47,86,0,At Risk Customers,361.3675,87,0.04597701149425287,66.4583908045977,1.6094379124341003,4.465908118654584
17536.0,2,288.33,55,0,At Risk Customers,144.165,56,0.03571428571428571,10.2975,1.0986122886681096,4.02535169073515
17539.0,4,1176.84,252,1,Active Customers,294.21,253,0.015810276679841896,18.606166007905134,1.6094379124341003,5.53338948872752
17540.0,4,1011.7,18,0,At Risk Customers,252.925,19,0.21052631578947367,212.98947368421054,1.6094379124341003,2.9444389791664403
17541.0,1,119.86,144,1,Active Customers,119.86,145,0.006896551724137931,0.8266206896551724,0.6931471805599453,4.976733742420574
17542.0,2,170.1,276,1,Active Customers,85.05,277,0.007220216606498195,1.2281588447653429,1.0986122886681096,5.6240175061873385
17543.0,1,120.05,184,1,Active Customers,120.05,185,0.005405405405405406,0.648918918918919,0.6931471805599453,5.220355825078325
17544.0,3,944.82,25,0,At Risk Customers,314.94,26,0.11538461538461539,109.0176923076923,1.3862943611198906,3.258096538021482
17545.0,3,767.54,25,0,At Risk Customers,255.84666666666666,26,0.11538461538461539,88.5623076923077,1.3862943611198906,3.258096538021482
17547.0,2,727.85,10,0,At Risk Customers,363.925,11,0.18181818181818182,132.33636363636364,1.0986122886681096,2.3978952727983707
17548.0,3,627.96,13,0,At Risk Customers,209.32000000000002,14,0.21428571428571427,134.56285714285715,1.3862943611198906,2.639057329615259
17550.0,6,2239.48,32,0,At Risk Customers,373.24666666666667,33,0.18181818181818182,407.1781818181818,1.9459101490553132,3.4965075614664802
17553.0,3,2270.0,107,0,At Risk Customers,756.6666666666666,108,0.027777777777777776,63.05555555555555,1.3862943611198906,4.68213122712422
17555.0,3,565.43,60,0,At Risk Customers,188.47666666666666,61,0.04918032786885246,27.808032786885242,1.3862943611198906,4.110873864173311
17556.0,1,142.77,14,0,At Risk Customers,142.77,15,0.06666666666666667,9.518,0.6931471805599453,2.70805020110221
17557.0,1,34.0,367,1,Active Customers,34.0,368,0.002717391304347826,0.09239130434782608,0.6931471805599453,5.908082938168931
17558.0,1,259.17,28,0,At Risk Customers,259.17,29,0.034482758620689655,8.93689655172414,0.6931471805599453,3.367295829986474
17559.0,1,167.62,147,1,Active Customers,167.62,148,0.006756756756756757,1.1325675675675677,0.6931471805599453,4.997212273764115
17560.0,4,1040.85,30,0,At Risk Customers,260.2125,31,0.12903225806451613,134.3032258064516,1.6094379124341003,3.4339872044851463
17561.0,3,537.9,25,0,At Risk Customers,179.29999999999998,26,0.11538461538461539,62.065384615384616,1.3862943611198906,3.258096538021482
17563.0,2,392.38,213,1,Active Customers,196.19,214,0.009345794392523364,3.6671028037383175,1.0986122886681096,5.365976015021851
17565.0,1,131.83,221,1,Active Customers,131.83,222,0.0045045045045045045,0.5938288288288289,0.6931471805599453,5.402677381872279
17567.0,2,1024.55,7,0,At Risk Customers,512.275,8,0.25,256.1375,1.0986122886681096,2.0794415416798357
17568.0,1,374.45,268,1,Active Customers,374.45,269,0.0037174721189591076,1.3920074349442377,0.6931471805599453,5.594711379601839
17570.0,1,100.0,16,0,At Risk Customers,100.0,17,0.058823529411764705,5.88235294117647,0.6931471805599453,2.833213344056216
17571.0,1,205.23999999999998,177,1,Active Customers,205.23999999999998,178,0.0056179775280898875,1.1530337078651685,0.6931471805599453,5.181783550292085
17572.0,7,496.26000000000005,8,0,At Risk Customers,70.89428571428572,9,0.7777777777777778,385.98,2.0794415416798357,2.1972245773362196
17575.0,1,171.7,302,1,Active Customers,171.7,303,0.0033003300330033004,0.5666666666666667,0.6931471805599453,5.713732805509369
17577.0,2,348.75,280,1,Active Customers,174.375,281,0.0071174377224199285,2.48220640569395,1.0986122886681096,5.638354669333745
17578.0,6,903.87,109,0,At Risk Customers,150.645,110,0.05454545454545454,49.30200000000001,1.9459101490553132,4.700480365792417
17579.0,1,304.38,213,1,Active Customers,304.38,214,0.004672897196261682,1.4223364485981307,0.6931471805599453,5.365976015021851
17580.0,2,325.3,11,0,At Risk Customers,162.65,12,0.16666666666666666,54.21666666666667,1.0986122886681096,2.4849066497880004
17582.0,4,1271.68,81,0,At Risk Customers,317.92,82,0.04878048780487805,62.03317073170732,1.6094379124341003,4.406719247264253
17583.0,1,135.95,195,1,Active Customers,135.95,196,0.00510204081632653,0.6936224489795917,0.6931471805599453,5.278114659230518
17584.0,4,4067.12,102,0,At Risk Customers,1016.78,103,0.038834951456310676,157.94640776699026,1.6094379124341003,4.634728988229636
17585.0,3,948.03,80,0,At Risk Customers,316.01,81,0.037037037037037035,35.11222222222222,1.3862943611198906,4.394449154672439
17586.0,1,167.4,254,1,Active Customers,167.4,255,0.00392156862745098,0.6564705882352941,0.6931471805599453,5.541263545158426
17587.0,1,176.71,263,1,Active Customers,176.71,264,0.003787878787878788,0.6693560606060607,0.6931471805599453,5.575949103146316
17588.0,4,1699.35,31,0,At Risk Customers,424.8375,32,0.125,212.41875,1.6094379124341003,3.4657359027997265
17591.0,2,519.95,2,0,At Risk Customers,259.975,3,0.6666666666666666,346.6333333333333,1.0986122886681096,1.0986122886681096
17592.0,1,148.3,373,1,Active Customers,148.3,374,0.00267379679144385,0.396524064171123,0.6931471805599453,5.924255797414532
17593.0,6,4168.46,44,0,At Risk Customers,694.7433333333333,45,0.13333333333333333,555.7946666666667,1.9459101490553132,3.8066624897703196
17594.0,2,1504.7,84,0,At Risk Customers,752.35,85,0.023529411764705882,35.40470588235294,1.0986122886681096,4.442651256490317
17597.0,4,1439.72,53,0,At Risk Customers,359.93,54,0.07407407407407407,106.64592592592592,1.6094379124341003,3.9889840465642745
17598.0,1,409.98,16,0,At Risk Customers,409.98,17,0.058823529411764705,24.116470588235295,0.6931471805599453,2.833213344056216
17599.0,1,52.05,112,0,At Risk Customers,52.05,113,0.008849557522123894,0.46061946902654866,0.6931471805599453,4.727387818712341
17601.0,1,297.07,15,0,At Risk Customers,297.07,16,0.0625,18.566875,0.6931471805599453,2.772588722239781
17602.0,8,2300.01,107,0,At Risk Customers,287.50125,108,0.07407407407407407,170.3711111111111,2.1972245773362196,4.68213122712422
17603.0,3,1393.66,252,1,Active Customers,464.55333333333334,253,0.011857707509881422,16.525612648221344,1.3862943611198906,5.53338948872752
17604.0,4,633.02,57,0,At Risk Customers,158.255,58,0.06896551724137931,43.65655172413793,1.6094379124341003,4.060443010546419
17605.0,1,160.75,225,1,Active Customers,160.75,226,0.004424778761061947,0.7112831858407079,0.6931471805599453,5.420534999272286
17606.0,1,87.30000000000001,372,1,Active Customers,87.30000000000001,373,0.002680965147453083,0.2340482573726542,0.6931471805599453,5.921578419643816
17607.0,1,333.81,11,0,At Risk Customers,333.81,12,0.08333333333333333,27.8175,0.6931471805599453,2.4849066497880004
17608.0,2,296.07,84,0,At Risk Customers,148.035,85,0.023529411764705882,6.966352941176471,1.0986122886681096,4.442651256490317
17609.0,6,782.12,37,0,At Risk Customers,130.35333333333332,38,0.15789473684210525,123.49263157894734,1.9459101490553132,3.6375861597263857
17610.0,5,1511.94,175,1,Active Customers,302.38800000000003,176,0.028409090909090908,42.95284090909091,1.791759469228055,5.170483995038151
17615.0,3,392.2,22,0,At Risk Customers,130.73333333333332,23,0.13043478260869565,51.156521739130426,1.3862943611198906,3.1354942159291497
17616.0,2,489.59999999999997,2,0,At Risk Customers,244.79999999999998,3,0.6666666666666666,326.4,1.0986122886681096,1.0986122886681096
17617.0,1,385.19,193,1,Active Customers,385.19,194,0.005154639175257732,1.9855154639175256,0.6931471805599453,5.267858159063328
17621.0,3,1795.22,39,0,At Risk Customers,598.4066666666666,40,0.075,134.64149999999998,1.3862943611198906,3.6888794541139363
17622.0,2,1130.21,232,1,Active Customers,565.105,233,0.008583690987124463,9.70137339055794,1.0986122886681096,5.4510384535657
17623.0,6,1838.72,44,0,At Risk Customers,306.4533333333333,45,0.13333333333333333,245.16266666666664,1.9459101490553132,3.8066624897703196
17624.0,2,725.15,72,0,At Risk Customers,362.575,73,0.0273972602739726,19.86712328767123,1.0986122886681096,4.290459441148391
17625.0,4,3958.5,81,0,At Risk Customers,989.625,82,0.04878048780487805,193.09756097560975,1.6094379124341003,4.406719247264253
17626.0,1,254.0,237,1,Active Customers,254.0,238,0.004201680672268907,1.0672268907563025,0.6931471805599453,5.472270673671475
17627.0,1,296.36,113,0,At Risk Customers,296.36,114,0.008771929824561403,2.5996491228070173,0.6931471805599453,4.736198448394496
17629.0,2,641.4,23,0,At Risk Customers,320.7,24,0.08333333333333333,53.449999999999996,1.0986122886681096,3.1780538303479458
17631.0,4,470.16,9,0,At Risk Customers,117.54,10,0.4,188.06400000000002,1.6094379124341003,2.302585092994046
17633.0,3,732.55,14,0,At Risk Customers,244.1833333333333,15,0.2,146.51,1.3862943611198906,2.70805020110221
17635.0,3,1265.58,59,0,At Risk Customers,421.85999999999996,60,0.05,63.278999999999996,1.3862943611198906,4.0943445622221
17638.0,2,842.4,282,1,Active Customers,421.2,283,0.007067137809187279,5.9533568904593634,1.0986122886681096,5.645446897643238
17639.0,5,506.67,22,0,At Risk Customers,101.334,23,0.21739130434782608,110.14565217391305,1.791759469228055,3.1354942159291497
17642.0,3,1112.2,64,0,At Risk Customers,370.73333333333335,65,0.046153846153846156,51.332307692307694,1.3862943611198906,4.174387269895637
17643.0,2,439.7,8,0,At Risk Customers,219.85,9,0.2222222222222222,97.71111111111111,1.0986122886681096,2.1972245773362196
17647.0,2,198.6,304,1,Active Customers,99.3,305,0.006557377049180328,1.302295081967213,1.0986122886681096,5.720311776607412
17648.0,1,418.87,20,0,At Risk Customers,418.87,21,0.047619047619047616,19.946190476190477,0.6931471805599453,3.044522437723423
17649.0,2,710.4,104,0,At Risk Customers,355.2,105,0.01904761904761905,13.531428571428572,1.0986122886681096,4.653960350157523
17651.0,6,1758.52,133,0,At Risk Customers,293.08666666666664,134,0.04477611940298507,78.7397014925373,1.9459101490553132,4.897839799950911
17657.0,1,126.0,65,0,At Risk Customers,126.0,66,0.015151515151515152,1.9090909090909092,0.6931471805599453,4.189654742026425
17659.0,3,835.33,7,0,At Risk Customers,278.4433333333333,8,0.375,313.24875,1.3862943611198906,2.0794415416798357
17660.0,1,163.47,372,1,Active Customers,163.47,373,0.002680965147453083,0.4382573726541555,0.6931471805599453,5.921578419643816
17662.0,2,412.92,296,1,Active Customers,206.46,297,0.006734006734006734,2.7806060606060607,1.0986122886681096,5.6937321388027
17663.0,10,3372.92,52,0,At Risk Customers,337.29200000000003,53,0.18867924528301888,636.4000000000001,2.3978952727983707,3.970291913552122
17664.0,2,561.59,109,0,At Risk Customers,280.795,110,0.01818181818181818,10.210727272727272,1.0986122886681096,4.700480365792417
17665.0,1,563.1,128,0,At Risk Customers,563.1,129,0.007751937984496124,4.365116279069768,0.6931471805599453,4.859812404361672
17666.0,3,1319.6399999999999,112,0,At Risk Customers,439.87999999999994,113,0.02654867256637168,35.034690265486724,1.3862943611198906,4.727387818712341
17667.0,4,1895.19,70,0,At Risk Customers,473.7975,71,0.056338028169014086,106.77126760563381,1.6094379124341003,4.2626798770413155
17669.0,3,2735.63,97,0,At Risk Customers,911.8766666666667,98,0.030612244897959183,83.74377551020409,1.3862943611198906,4.584967478670572
17672.0,5,2600.46,52,0,At Risk Customers,520.092,53,0.09433962264150944,245.32641509433964,1.791759469228055,3.970291913552122
17674.0,1,300.66,3,0,At Risk Customers,300.66,4,0.25,75.165,0.6931471805599453,1.3862943611198906
17678.0,1,301.65,238,1,Active Customers,301.65,239,0.0041841004184100415,1.2621338912133888,0.6931471805599453,5.476463551931511
17679.0,5,1585.5,156,1,Active Customers,317.1,157,0.03184713375796178,50.49363057324841,1.791759469228055,5.056245805348308
17680.0,2,313.05,18,0,At Risk Customers,156.525,19,0.10526315789473684,32.95263157894737,1.0986122886681096,2.9444389791664403
17681.0,5,731.2,232,1,Active Customers,146.24,233,0.02145922746781116,15.69098712446352,1.791759469228055,5.4510384535657
17683.0,3,819.01,20,0,At Risk Customers,273.00333333333333,21,0.14285714285714285,117.00142857142856,1.3862943611198906,3.044522437723423
17686.0,2,2557.35,58,0,At Risk Customers,1278.675,59,0.03389830508474576,86.68983050847457,1.0986122886681096,4.07753744390572
17687.0,1,432.68,55,0,At Risk Customers,432.68,56,0.017857142857142856,7.726428571428571,0.6931471805599453,4.02535169073515
17688.0,1,304.2,28,0,At Risk Customers,304.2,29,0.034482758620689655,10.489655172413793,0.6931471805599453,3.367295829986474
17689.0,2,317.08,23,0,At Risk Customers,158.54,24,0.08333333333333333,26.423333333333332,1.0986122886681096,3.1780538303479458
17691.0,3,489.65000000000003,3,0,At Risk Customers,163.21666666666667,4,0.75,367.23749999999995,1.3862943611198906,1.3862943611198906
17692.0,8,2234.86,31,0,At Risk Customers,279.3575,32,0.25,558.715,2.1972245773362196,3.4657359027997265
17694.0,2,1412.85,146,1,Active Customers,706.425,147,0.013605442176870748,19.222448979591835,1.0986122886681096,4.990432586778736
17695.0,3,980.7,29,0,At Risk Customers,326.90000000000003,30,0.1,98.07000000000001,1.3862943611198906,3.4011973816621555
17699.0,2,442.0,111,0,At Risk Customers,221.0,112,0.017857142857142856,7.892857142857142,1.0986122886681096,4.718498871295094
17702.0,2,1319.67,18,0,At Risk Customers,659.835,19,0.10526315789473684,138.91263157894736,1.0986122886681096,2.9444389791664403
17703.0,1,296.1,53,0,At Risk Customers,296.1,54,0.018518518518518517,5.483333333333333,0.6931471805599453,3.9889840465642745
17705.0,2,260.38,90,0,At Risk Customers,130.19,91,0.02197802197802198,5.722637362637363,1.0986122886681096,4.51085950651685
17707.0,6,456.90000000000003,11,0,At Risk Customers,76.15,12,0.5,228.45000000000002,1.9459101490553132,2.4849066497880004
17708.0,2,620.85,37,0,At Risk Customers,310.425,38,0.05263157894736842,32.67631578947368,1.0986122886681096,3.6375861597263857
17709.0,4,533.56,105,0,At Risk Customers,133.39,106,0.03773584905660377,20.134339622641505,1.6094379124341003,4.663439094112067
17710.0,1,293.5,58,0,At Risk Customers,293.5,59,0.01694915254237288,4.97457627118644,0.6931471805599453,4.07753744390572
17713.0,4,1198.09,17,0,At Risk Customers,299.5225,18,0.2222222222222222,266.2422222222222,1.6094379124341003,2.8903717578961645
17714.0,4,1257.18,59,0,At Risk Customers,314.295,60,0.06666666666666667,83.812,1.6094379124341003,4.0943445622221
17715.0,1,163.2,227,1,Active Customers,163.2,228,0.0043859649122807015,0.7157894736842104,0.6931471805599453,5.429345628954441
17717.0,1,376.92,56,0,At Risk Customers,376.92,57,0.017543859649122806,6.612631578947369,0.6931471805599453,4.04305126783455
17718.0,1,299.83,279,1,Active Customers,299.83,280,0.0035714285714285713,1.0708214285714286,0.6931471805599453,5.634789603169249
17721.0,1,307.21000000000004,294,1,Active Customers,307.21000000000004,295,0.003389830508474576,1.0413898305084748,0.6931471805599453,5.68697535633982
17723.0,1,102.0,10,0,At Risk Customers,102.0,11,0.09090909090909091,9.272727272727273,0.6931471805599453,2.3978952727983707
17726.0,7,1092.06,30,0,At Risk Customers,156.00857142857143,31,0.22580645161290322,246.59419354838707,2.0794415416798357,3.4339872044851463
17728.0,2,1362.75,39,0,At Risk Customers,681.375,40,0.05,68.1375,1.0986122886681096,3.6888794541139363
17729.0,1,438.65000000000003,231,1,Active Customers,438.65000000000003,232,0.004310344827586207,1.8907327586206897,0.6931471805599453,5.44673737166631
17731.0,2,468.88,256,1,Active Customers,234.44,257,0.007782101167315175,3.648871595330739,1.0986122886681096,5.54907608489522
17734.0,3,741.69,160,1,Active Customers,247.23000000000002,161,0.018633540372670808,13.820310559006213,1.3862943611198906,5.081404364984463
17738.0,9,2304.51,30,0,At Risk Customers,256.0566666666667,31,0.2903225806451613,669.0512903225807,2.302585092994046,3.4339872044851463
17740.0,6,426.9,24,0,At Risk Customers,71.14999999999999,25,0.24,102.45599999999999,1.9459101490553132,3.2188758248682006
17741.0,2,101.1,41,0,At Risk Customers,50.55,42,0.047619047619047616,4.814285714285714,1.0986122886681096,3.7376696182833684
17742.0,9,1743.3700000000001,63,0,At Risk Customers,193.70777777777778,64,0.140625,245.16140624999997,2.302585092994046,4.1588830833596715
17743.0,1,229.2,83,0,At Risk Customers,229.2,84,0.011904761904761904,2.728571428571428,0.6931471805599453,4.430816798843313
17744.0,1,326.74,15,0,At Risk Customers,326.74,16,0.0625,20.42125,0.6931471805599453,2.772588722239781
17745.0,2,600.34,112,0,At Risk Customers,300.17,113,0.017699115044247787,10.625486725663718,1.0986122886681096,4.727387818712341
17746.0,3,793.9300000000001,106,0,At Risk Customers,264.6433333333334,107,0.028037383177570093,22.259719626168227,1.3862943611198906,4.672828834461906
17748.0,1,358.15,162,1,Active Customers,358.15,163,0.006134969325153374,2.197239263803681,0.6931471805599453,5.093750200806762
17749.0,1,351.66,181,1,Active Customers,351.66,182,0.005494505494505495,1.9321978021978026,0.6931471805599453,5.204006687076795
17751.0,1,157.85999999999999,56,0,At Risk Customers,157.85999999999999,57,0.017543859649122806,2.769473684210526,0.6931471805599453,4.04305126783455
17753.0,4,382.06,99,0,At Risk Customers,95.515,100,0.04,15.2824,1.6094379124341003,4.605170185988092
17756.0,3,728.75,10,0,At Risk Customers,242.91666666666666,11,0.2727272727272727,198.74999999999997,1.3862943611198906,2.3978952727983707
17758.0,4,1555.83,62,0,At Risk Customers,388.9575,63,0.06349206349206349,98.78285714285714,1.6094379124341003,4.143134726391533
17759.0,2,441.92,28,0,At Risk Customers,220.96,29,0.06896551724137931,30.477241379310346,1.0986122886681096,3.367295829986474
17760.0,5,631.34,8,0,At Risk Customers,126.268,9,0.5555555555555556,350.74444444444447,1.791759469228055,2.1972245773362196
17762.0,1,129.75,91,0,At Risk Customers,129.75,92,0.010869565217391304,1.4103260869565217,0.6931471805599453,4.5217885770490405
17763.0,3,71.15,288,1,Active Customers,23.71666666666667,289,0.010380622837370242,0.7385813148788928,1.3862943611198906,5.666426688112432
17764.0,3,741.02,37,0,At Risk Customers,247.00666666666666,38,0.07894736842105263,58.501578947368415,1.3862943611198906,3.6375861597263857
17765.0,1,156.37,83,0,At Risk Customers,156.37,84,0.011904761904761904,1.861547619047619,0.6931471805599453,4.430816798843313
17766.0,2,299.61,16,0,At Risk Customers,149.805,17,0.11764705882352941,35.24823529411765,1.0986122886681096,2.833213344056216
17767.0,1,141.85,45,0,At Risk Customers,141.85,46,0.021739130434782608,3.0836956521739127,0.6931471805599453,3.828641396489095
17768.0,4,1210.83,22,0,At Risk Customers,302.7075,23,0.17391304347826086,210.5791304347826,1.6094379124341003,3.1354942159291497
17771.0,2,141.6,71,0,At Risk Customers,70.8,72,0.027777777777777776,3.933333333333333,1.0986122886681096,4.276666119016055
17772.0,1,187.3,27,0,At Risk Customers,187.3,28,0.03571428571428571,6.689285714285714,0.6931471805599453,3.332204510175204
17773.0,2,575.37,149,1,Active Customers,287.685,150,0.013333333333333334,7.671600000000001,1.0986122886681096,5.0106352940962555
17774.0,5,2060.1,32,0,At Risk Customers,412.02,33,0.15151515151515152,312.1363636363636,1.791759469228055,3.4965075614664802
17776.0,2,330.56,21,0,At Risk Customers,165.28,22,0.09090909090909091,30.05090909090909,1.0986122886681096,3.091042453358316
17778.0,1,197.70000000000002,296,1,Active Customers,197.70000000000002,297,0.003367003367003367,0.6656565656565657,0.6931471805599453,5.6937321388027
17780.0,3,346.56,302,1,Active Customers,115.52,303,0.009900990099009901,3.4312871287128712,1.3862943611198906,5.713732805509369
17782.0,2,679.02,17,0,At Risk Customers,339.51,18,0.1111111111111111,75.44666666666666,1.0986122886681096,2.8903717578961645
17783.0,1,93.49,147,1,Active Customers,93.49,148,0.006756756756756757,0.6316891891891891,0.6931471805599453,4.997212273764115
17784.0,1,112.86,185,1,Active Customers,112.86,186,0.005376344086021506,0.6067741935483871,0.6931471805599453,5.225746673713202
17785.0,2,271.44,80,0,At Risk Customers,135.72,81,0.024691358024691357,6.702222222222222,1.0986122886681096,4.394449154672439
17787.0,1,736.28,6,0,At Risk Customers,736.28,7,0.14285714285714285,105.18285714285713,0.6931471805599453,1.9459101490553132
17789.0,1,171.25,296,1,Active Customers,171.25,297,0.003367003367003367,0.5765993265993266,0.6931471805599453,5.6937321388027
17790.0,6,815.11,13,0,At Risk Customers,135.85166666666666,14,0.42857142857142855,349.3328571428571,1.9459101490553132,2.639057329615259
17792.0,2,368.35,102,0,At Risk Customers,184.175,103,0.019417475728155338,7.15242718446602,1.0986122886681096,4.634728988229636
17794.0,2,147.3,321,1,Active Customers,73.65,322,0.006211180124223602,0.9149068322981366,1.0986122886681096,5.7745515455444085
17796.0,4,661.04,4,0,At Risk Customers,165.26,5,0.8,528.832,1.6094379124341003,1.6094379124341003
17797.0,5,1191.44,30,0,At Risk Customers,238.288,31,0.16129032258064516,192.16774193548386,1.791759469228055,3.4339872044851463
17798.0,1,178.07,216,1,Active Customers,178.07,217,0.004608294930875576,0.8205990783410138,0.6931471805599453,5.37989735354046
17801.0,3,770.03,86,0,At Risk Customers,256.6766666666667,87,0.034482758620689655,26.552758620689655,1.3862943611198906,4.465908118654584
17803.0,1,184.66,27,0,At Risk Customers,184.66,28,0.03571428571428571,6.595,0.6931471805599453,3.332204510175204
17804.0,3,383.78000000000003,11,0,At Risk Customers,127.92666666666668,12,0.25,95.94500000000001,1.3862943611198906,2.4849066497880004
17805.0,1,414.72,245,1,Active Customers,414.72,246,0.0040650406504065045,1.6858536585365858,0.6931471805599453,5.5053315359323625
17807.0,3,437.87,30,0,At Risk Customers,145.95666666666668,31,0.0967741935483871,42.37451612903226,1.3862943611198906,3.4339872044851463
17808.0,4,262.64,183,1,Active Customers,65.66,184,0.021739130434782608,5.709565217391304,1.6094379124341003,5.214935757608986
17810.0,2,373.16,303,1,Active Customers,186.58,304,0.006578947368421052,2.455,1.0986122886681096,5.717027701406222
17812.0,4,405.48,3,0,At Risk Customers,101.37,4,1.0,405.48,1.6094379124341003,1.3862943611198906
17814.0,2,1609.37,10,0,At Risk Customers,804.685,11,0.18181818181818182,292.6127272727273,1.0986122886681096,2.3978952727983707
17815.0,1,591.96,28,0,At Risk Customers,591.96,29,0.034482758620689655,20.41241379310345,0.6931471805599453,3.367295829986474
17816.0,3,75.76,0,0,At Risk Customers,25.253333333333334,1,3.0,227.28000000000003,1.3862943611198906,0.0
17817.0,3,400.46999999999997,13,0,At Risk Customers,133.48999999999998,14,0.21428571428571427,85.81499999999998,1.3862943611198906,2.639057329615259
17818.0,1,124.78,372,1,Active Customers,124.78,373,0.002680965147453083,0.33453083109919574,0.6931471805599453,5.921578419643816
17820.0,1,180.60999999999999,9,0,At Risk Customers,180.60999999999999,10,0.1,18.061,0.6931471805599453,2.302585092994046
17821.0,1,334.62,41,0,At Risk Customers,334.62,42,0.023809523809523808,7.967142857142857,0.6931471805599453,3.7376696182833684
17822.0,5,2162.93,55,0,At Risk Customers,432.58599999999996,56,0.08928571428571429,193.11874999999998,1.791759469228055,4.02535169073515
17823.0,2,449.25,56,0,At Risk Customers,224.625,57,0.03508771929824561,15.76315789473684,1.0986122886681096,4.04305126783455
17825.0,4,701.96,233,1,Active Customers,175.49,234,0.017094017094017096,11.999316239316242,1.6094379124341003,5.455321115357702
17826.0,1,133.34,9,0,At Risk Customers,133.34,10,0.1,13.334000000000001,0.6931471805599453,2.302585092994046
17827.0,1,388.84,256,1,Active Customers,388.84,257,0.0038910505836575876,1.5129961089494162,0.6931471805599453,5.54907608489522
17829.0,4,3867.5,44,0,At Risk Customers,966.875,45,0.08888888888888889,343.77777777777777,1.6094379124341003,3.8066624897703196
17833.0,1,338.46000000000004,358,1,Active Customers,338.46000000000004,359,0.002785515320334262,0.9427855153203344,0.6931471805599453,5.883322388488279
17834.0,2,689.6700000000001,49,0,At Risk Customers,344.83500000000004,50,0.04,27.586800000000004,1.0986122886681096,3.912023005428146
17840.0,1,175.9,78,0,At Risk Customers,175.9,79,0.012658227848101266,2.2265822784810125,0.6931471805599453,4.3694478524670215
17842.0,1,430.69,237,1,Active Customers,430.69,238,0.004201680672268907,1.8096218487394957,0.6931471805599453,5.472270673671475
17843.0,1,114.92,46,0,At Risk Customers,114.92,47,0.02127659574468085,2.4451063829787234,0.6931471805599453,3.8501476017100584
17845.0,4,596.09,190,1,Active Customers,149.0225,191,0.020942408376963352,12.483560209424086,1.6094379124341003,5.25227342804663
17847.0,2,129.69,150,1,Active Customers,64.845,151,0.013245033112582781,1.717748344370861,1.0986122886681096,5.017279836814924
17849.0,4,457.96000000000004,115,0,At Risk Customers,114.49000000000001,116,0.034482758620689655,15.791724137931036,1.6094379124341003,4.7535901911063645
17851.0,6,1552.35,57,0,At Risk Customers,258.72499999999997,58,0.10344827586206896,160.58793103448275,1.9459101490553132,4.060443010546419
17852.0,3,543.47,23,0,At Risk Customers,181.15666666666667,24,0.125,67.93375,1.3862943611198906,3.1780538303479458
17853.0,3,1596.29,42,0,At Risk Customers,532.0966666666667,43,0.06976744186046512,111.36906976744186,1.3862943611198906,3.7612001156935624
17854.0,4,757.24,97,0,At Risk Customers,189.31,98,0.04081632653061224,30.907755102040813,1.6094379124341003,4.584967478670572
17855.0,1,208.97,7,0,At Risk Customers,208.97,8,0.125,26.12125,0.6931471805599453,2.0794415416798357
17860.0,4,717.39,3,0,At Risk Customers,179.3475,4,1.0,717.39,1.6094379124341003,1.3862943611198906
17862.0,3,923.99,20,0,At Risk Customers,307.99666666666667,21,0.14285714285714285,131.9985714285714,1.3862943611198906,3.044522437723423
17864.0,2,321.72,20,0,At Risk Customers,160.86,21,0.09523809523809523,30.64,1.0986122886681096,3.044522437723423
17866.0,2,805.3000000000001,119,0,At Risk Customers,402.65000000000003,120,0.016666666666666666,13.421666666666667,1.0986122886681096,4.787491742782046
17867.0,9,424.18,45,0,At Risk Customers,47.13111111111111,46,0.1956521739130435,82.9917391304348,2.302585092994046,3.828641396489095
17868.0,1,227.15,21,0,At Risk Customers,227.15,22,0.045454545454545456,10.325000000000001,0.6931471805599453,3.091042453358316
17869.0,3,599.78,3,0,At Risk Customers,199.92666666666665,4,0.75,449.835,1.3862943611198906,1.3862943611198906
17871.0,4,913.05,32,0,At Risk Customers,228.2625,33,0.12121212121212122,110.67272727272727,1.6094379124341003,3.4965075614664802
17872.0,1,235.87,16,0,At Risk Customers,235.87,17,0.058823529411764705,13.874705882352941,0.6931471805599453,2.833213344056216
17875.0,1,167.1,323,1,Active Customers,167.1,324,0.0030864197530864196,0.5157407407407407,0.6931471805599453,5.780743515792329
17876.0,3,3424.02,34,0,At Risk Customers,1141.34,35,0.08571428571428572,293.48742857142855,1.3862943611198906,3.5553480614894135
17878.0,2,999.48,30,0,At Risk Customers,499.74,31,0.06451612903225806,64.48258064516129,1.0986122886681096,3.4339872044851463
17880.0,2,366.0,274,1,Active Customers,183.0,275,0.007272727272727273,2.6618181818181816,1.0986122886681096,5.616771097666572
17882.0,2,291.56,14,0,At Risk Customers,145.78,15,0.13333333333333333,38.87466666666667,1.0986122886681096,2.70805020110221
17883.0,3,324.08,174,1,Active Customers,108.02666666666666,175,0.017142857142857144,5.555657142857143,1.3862943611198906,5.1647859739235145
17886.0,3,703.27,72,0,At Risk Customers,234.42333333333332,73,0.0410958904109589,28.901506849315066,1.3862943611198906,4.290459441148391
17889.0,5,545.05,9,0,At Risk Customers,109.00999999999999,10,0.5,272.525,1.791759469228055,2.302585092994046
17898.0,2,147.12,87,0,At Risk Customers,73.56,88,0.022727272727272728,3.3436363636363637,1.0986122886681096,4.477336814478207
17901.0,2,149.7,156,1,Active Customers,74.85,157,0.012738853503184714,1.9070063694267516,1.0986122886681096,5.056245805348308
17902.0,1,216.39999999999998,181,1,Active Customers,216.39999999999998,182,0.005494505494505495,1.189010989010989,0.6931471805599453,5.204006687076795
17903.0,1,381.09000000000003,29,0,At Risk Customers,381.09000000000003,30,0.03333333333333333,12.703000000000001,0.6931471805599453,3.4011973816621555
17907.0,1,291.76,275,1,Active Customers,291.76,276,0.0036231884057971015,1.0571014492753623,0.6931471805599453,5.62040086571715
17908.0,5,1142.47,8,0,At Risk Customers,228.494,9,0.5555555555555556,634.7055555555556,1.791759469228055,2.1972245773362196
17909.0,1,110.05,372,1,Active Customers,110.05,373,0.002680965147453083,0.2950402144772118,0.6931471805599453,5.921578419643816
17910.0,1,261.7,361,1,Active Customers,261.7,362,0.0027624309392265192,0.7229281767955801,0.6931471805599453,5.891644211825771
17912.0,1,64.49,10,0,At Risk Customers,64.49,11,0.09090909090909091,5.862727272727272,0.6931471805599453,2.3978952727983707
17915.0,1,225.78,186,1,Active Customers,225.78,187,0.0053475935828877,1.207379679144385,0.6931471805599453,5.231108616854587
17916.0,2,43.87,263,1,Active Customers,21.935,264,0.007575757575757576,0.33234848484848484,1.0986122886681096,5.575949103146316
17918.0,3,396.39,135,0,At Risk Customers,132.13,136,0.022058823529411766,8.74389705882353,1.3862943611198906,4.912654885736052
17919.0,1,536.28,73,0,At Risk Customers,536.28,74,0.013513513513513514,7.247027027027027,0.6931471805599453,4.304065093204169
17921.0,6,1574.13,14,0,At Risk Customers,262.355,15,0.4,629.652,1.9459101490553132,2.70805020110221
17922.0,1,170.4,178,1,Active Customers,170.4,179,0.00558659217877095,0.9519553072625699,0.6931471805599453,5.187385805840755
17923.0,2,289.5,162,1,Active Customers,144.75,163,0.012269938650306749,3.5521472392638036,1.0986122886681096,5.093750200806762
17924.0,2,574.2,8,0,At Risk Customers,287.1,9,0.2222222222222222,127.60000000000001,1.0986122886681096,2.1972245773362196
17925.0,1,244.08,7,0,At Risk Customers,244.08,8,0.125,30.51,0.6931471805599453,2.0794415416798357
17926.0,3,638.2,79,0,At Risk Customers,212.73333333333335,80,0.0375,23.9325,1.3862943611198906,4.382026634673881
17927.0,1,294.0,356,1,Active Customers,294.0,357,0.0028011204481792717,0.8235294117647058,0.6931471805599453,5.877735781779639
17928.0,1,128.7,206,1,Active Customers,128.7,207,0.004830917874396135,0.6217391304347826,0.6931471805599453,5.332718793265369
17929.0,8,2239.1,22,0,At Risk Customers,279.8875,23,0.34782608695652173,778.8173913043478,2.1972245773362196,3.1354942159291497
17930.0,8,2534.74,28,0,At Risk Customers,316.8425,29,0.27586206896551724,699.2386206896551,2.1972245773362196,3.367295829986474
17933.0,1,114.69,267,1,Active Customers,114.69,268,0.0037313432835820895,0.42794776119402983,0.6931471805599453,5.5909869805108565
17934.0,1,344.90000000000003,41,0,At Risk Customers,344.90000000000003,42,0.023809523809523808,8.211904761904762,0.6931471805599453,3.7376696182833684
17935.0,5,540.35,35,0,At Risk Customers,108.07000000000001,36,0.1388888888888889,75.04861111111111,1.791759469228055,3.58351893845611
17938.0,1,144.29,55,0,At Risk Customers,144.29,56,0.017857142857142856,2.5766071428571427,0.6931471805599453,4.02535169073515
17941.0,3,1128.72,225,1,Active Customers,376.24,226,0.01327433628318584,14.983008849557523,1.3862943611198906,5.420534999272286
17944.0,1,74.99,58,0,At Risk Customers,74.99,59,0.01694915254237288,1.2710169491525423,0.6931471805599453,4.07753744390572
17945.0,3,360.35,331,1,Active Customers,120.11666666666667,332,0.009036144578313253,3.256174698795181,1.3862943611198906,5.805134968916488
17951.0,2,627.5400000000001,8,0,At Risk Customers,313.77000000000004,9,0.2222222222222222,139.45333333333335,1.0986122886681096,2.1972245773362196
17952.0,4,788.46,13,0,At Risk Customers,197.115,14,0.2857142857142857,225.27428571428572,1.6094379124341003,2.639057329615259
17953.0,1,159.17000000000002,175,1,Active Customers,159.17000000000002,176,0.005681818181818182,0.9043750000000002,0.6931471805599453,5.170483995038151
17955.0,2,392.6,290,1,Active Customers,196.3,291,0.006872852233676976,2.698281786941581,1.0986122886681096,5.673323267171493
17958.0,1,465.42,363,1,Active Customers,465.42,364,0.0027472527472527475,1.2786263736263739,0.6931471805599453,5.8971538676367405
17959.0,1,140.75,227,1,Active Customers,140.75,228,0.0043859649122807015,0.6173245614035088,0.6931471805599453,5.429345628954441
17960.0,2,61.300000000000004,157,1,Active Customers,30.650000000000002,158,0.012658227848101266,0.7759493670886076,1.0986122886681096,5.062595033026967
17962.0,3,564.55,184,1,Active Customers,188.1833333333333,185,0.016216216216216217,9.154864864864864,1.3862943611198906,5.220355825078325
17963.0,4,643.16,106,0,At Risk Customers,160.79,107,0.037383177570093455,24.043364485981307,1.6094379124341003,4.672828834461906
17964.0,1,261.76,7,0,At Risk Customers,261.76,8,0.125,32.72,0.6931471805599453,2.0794415416798357
17966.0,5,865.49,226,1,Active Customers,173.098,227,0.022026431718061675,19.0636563876652,1.791759469228055,5.424950017481403
17967.0,2,223.42,6,0,At Risk Customers,111.71,7,0.2857142857142857,63.834285714285706,1.0986122886681096,1.9459101490553132
17968.0,4,590.4399999999999,8,0,At Risk Customers,147.60999999999999,9,0.4444444444444444,262.41777777777776,1.6094379124341003,2.1972245773362196
17969.0,18,2126.09,137,0,At Risk Customers,118.11611111111112,138,0.13043478260869565,277.31608695652176,2.9444389791664403,4.927253685157205
17971.0,1,161.94,183,1,Active Customers,161.94,184,0.005434782608695652,0.8801086956521739,0.6931471805599453,5.214935757608986
17974.0,3,1035.1,16,0,At Risk Customers,345.0333333333333,17,0.17647058823529413,182.66470588235293,1.3862943611198906,2.833213344056216
17976.0,1,321.79,7,0,At Risk Customers,321.79,8,0.125,40.22375,0.6931471805599453,2.0794415416798357
17977.0,1,1223.31,35,0,At Risk Customers,1223.31,36,0.027777777777777776,33.98083333333333,0.6931471805599453,3.58351893845611
17980.0,1,201.27,28,0,At Risk Customers,201.27,29,0.034482758620689655,6.940344827586207,0.6931471805599453,3.367295829986474
17981.0,1,239.12,45,0,At Risk Customers,239.12,46,0.021739130434782608,5.1982608695652175,0.6931471805599453,3.828641396489095
17982.0,1,138.18,315,1,Active Customers,138.18,316,0.0031645569620253164,0.43727848101265826,0.6931471805599453,5.755742213586912
17983.0,1,171.71,30,0,At Risk Customers,171.71,31,0.03225806451612903,5.539032258064516,0.6931471805599453,3.4339872044851463
17984.0,4,999.51,27,0,At Risk Customers,249.8775,28,0.14285714285714285,142.78714285714284,1.6094379124341003,3.332204510175204
17987.0,4,766.87,11,0,At Risk Customers,191.7175,12,0.3333333333333333,255.62333333333333,1.6094379124341003,2.4849066497880004
17988.0,7,288.42,122,0,At Risk Customers,41.20285714285715,123,0.056910569105691054,16.414146341463415,2.0794415416798357,4.812184355372417
17989.0,1,207.32999999999998,14,0,At Risk Customers,207.32999999999998,15,0.06666666666666667,13.822,0.6931471805599453,2.70805020110221
17990.0,3,896.77,15,0,At Risk Customers,298.92333333333335,16,0.1875,168.144375,1.3862943611198906,2.772588722239781
17991.0,1,206.95,226,1,Active Customers,206.95,227,0.004405286343612335,0.9116740088105727,0.6931471805599453,5.424950017481403
17992.0,1,252.88,24,0,At Risk Customers,252.88,25,0.04,10.1152,0.6931471805599453,3.2188758248682006
17993.0,1,225.99,252,1,Active Customers,225.99,253,0.003952569169960474,0.8932411067193675,0.6931471805599453,5.53338948872752
17994.0,7,1595.1399999999999,23,0,At Risk Customers,227.87714285714284,24,0.2916666666666667,465.24916666666667,2.0794415416798357,3.1780538303479458
17995.0,2,419.38,17,0,At Risk Customers,209.69,18,0.1111111111111111,46.59777777777777,1.0986122886681096,2.8903717578961645
17996.0,3,482.33,14,0,At Risk Customers,160.77666666666667,15,0.2,96.46600000000001,1.3862943611198906,2.70805020110221
17998.0,3,639.24,15,0,At Risk Customers,213.08,16,0.1875,119.8575,1.3862943611198906,2.772588722239781
17999.0,2,338.41,1,0,At Risk Customers,169.205,2,1.0,338.41,1.0986122886681096,0.6931471805599453
18000.0,1,124.25,199,1,Active Customers,124.25,200,0.005,0.62125,0.6931471805599453,5.298317366548036
18001.0,4,509.01,84,0,At Risk Customers,127.2525,85,0.047058823529411764,23.95341176470588,1.6094379124341003,4.442651256490317
18002.0,4,244.37,10,0,At Risk Customers,61.0925,11,0.36363636363636365,88.86181818181818,1.6094379124341003,2.3978952727983707
18003.0,1,353.51,11,0,At Risk Customers,353.51,12,0.08333333333333333,29.459166666666665,0.6931471805599453,2.4849066497880004
18006.0,3,524.83,16,0,At Risk Customers,174.94333333333336,17,0.17647058823529413,92.61705882352942,1.3862943611198906,2.833213344056216
18007.0,1,215.22,27,0,At Risk Customers,215.22,28,0.03571428571428571,7.686428571428571,0.6931471805599453,3.332204510175204
18009.0,7,1896.84,177,1,Active Customers,270.97714285714284,178,0.03932584269662921,74.59483146067416,2.0794415416798357,5.181783550292085
18011.0,2,410.79,8,0,At Risk Customers,205.395,9,0.2222222222222222,91.28666666666666,1.0986122886681096,2.1972245773362196
18012.0,1,115.3,358,1,Active Customers,115.3,359,0.002785515320334262,0.3211699164345404,0.6931471805599453,5.883322388488279
18016.0,2,476.90000000000003,45,0,At Risk Customers,238.45000000000002,46,0.043478260869565216,20.734782608695653,1.0986122886681096,3.828641396489095
18017.0,1,165.0,66,0,At Risk Customers,165.0,67,0.014925373134328358,2.462686567164179,0.6931471805599453,4.204692619390966
18018.0,2,175.85,34,0,At Risk Customers,87.925,35,0.05714285714285714,10.048571428571428,1.0986122886681096,3.5553480614894135
18020.0,1,190.48000000000002,178,1,Active Customers,190.48000000000002,179,0.00558659217877095,1.0641340782122906,0.6931471805599453,5.187385805840755
18021.0,2,216.41,144,1,Active Customers,108.205,145,0.013793103448275862,2.9849655172413794,1.0986122886681096,4.976733742420574
18022.0,4,894.53,20,0,At Risk Customers,223.6325,21,0.19047619047619047,170.38666666666666,1.6094379124341003,3.044522437723423
18025.0,6,1177.72,14,0,At Risk Customers,196.28666666666666,15,0.4,471.088,1.9459101490553132,2.70805020110221
18026.0,2,2074.07,135,0,At Risk Customers,1037.035,136,0.014705882352941176,30.50102941176471,1.0986122886681096,4.912654885736052
18028.0,1,192.05,218,1,Active Customers,192.05,219,0.0045662100456621,0.8769406392694064,0.6931471805599453,5.389071729816501
18029.0,1,433.77,277,1,Active Customers,433.77,278,0.0035971223021582736,1.5603237410071942,0.6931471805599453,5.627621113690637
18031.0,1,451.3,13,0,At Risk Customers,451.3,14,0.07142857142857142,32.23571428571429,0.6931471805599453,2.639057329615259
18034.0,1,335.52,10,0,At Risk Customers,335.52,11,0.09090909090909091,30.50181818181818,0.6931471805599453,2.3978952727983707
18035.0,2,546.34,20,0,At Risk Customers,273.17,21,0.09523809523809523,52.032380952380954,1.0986122886681096,3.044522437723423
18036.0,8,1142.37,20,0,At Risk Customers,142.79625,21,0.38095238095238093,435.1885714285714,2.1972245773362196,3.044522437723423
18037.0,9,97.39999999999999,56,0,At Risk Customers,10.822222222222221,57,0.15789473684210525,15.37894736842105,2.302585092994046,4.04305126783455
18038.0,1,141.48,191,1,Active Customers,141.48,192,0.005208333333333333,0.736875,0.6931471805599453,5.2574953720277815
18039.0,4,548.22,9,0,At Risk Customers,137.055,10,0.4,219.288,1.6094379124341003,2.302585092994046
18042.0,1,116.1,176,1,Active Customers,116.1,177,0.005649717514124294,0.6559322033898305,0.6931471805599453,5.176149732573829
18043.0,1,287.91,1,0,At Risk Customers,287.91,2,0.5,143.955,0.6931471805599453,0.6931471805599453
18044.0,8,1417.01,22,0,At Risk Customers,177.12625,23,0.34782608695652173,492.87304347826085,2.1972245773362196,3.1354942159291497
18046.0,1,189.63,284,1,Active Customers,189.63,285,0.0035087719298245615,0.6653684210526316,0.6931471805599453,5.652489180268651
18047.0,2,326.09,16,0,At Risk Customers,163.045,17,0.11764705882352941,38.3635294117647,1.0986122886681096,2.833213344056216
18048.0,1,222.64,128,0,At Risk Customers,222.64,129,0.007751937984496124,1.7258914728682169,0.6931471805599453,4.859812404361672
18049.0,2,500.92,72,0,At Risk Customers,250.46,73,0.0273972602739726,13.723835616438356,1.0986122886681096,4.290459441148391
18050.0,1,337.66,28,0,At Risk Customers,337.66,29,0.034482758620689655,11.64344827586207,0.6931471805599453,3.367295829986474
18051.0,7,2282.28,269,1,Active Customers,326.04,270,0.025925925925925925,59.17022222222223,2.0794415416798357,5.598421958998375
18052.0,1,10877.18,199,1,Active Customers,10877.18,200,0.005,54.3859,0.6931471805599453,5.298317366548036
18053.0,2,271.05,160,1,Active Customers,135.525,161,0.012422360248447204,3.3670807453416147,1.0986122886681096,5.081404364984463
18054.0,1,176.5,27,0,At Risk Customers,176.5,28,0.03571428571428571,6.303571428571428,0.6931471805599453,3.332204510175204
18056.0,1,190.95,253,1,Active Customers,190.95,254,0.003937007874015748,0.751771653543307,0.6931471805599453,5.537334267018537
18057.0,3,1188.46,28,0,At Risk Customers,396.15333333333336,29,0.10344827586206896,122.94413793103449,1.3862943611198906,3.367295829986474
18058.0,2,603.9,176,1,Active Customers,301.95,177,0.011299435028248588,6.823728813559322,1.0986122886681096,5.176149732573829
18060.0,2,1185.46,43,0,At Risk Customers,592.73,44,0.045454545454545456,53.88454545454546,1.0986122886681096,3.784189633918261
18062.0,3,912.15,21,0,At Risk Customers,304.05,22,0.13636363636363635,124.38409090909092,1.3862943611198906,3.091042453358316
18063.0,2,186.60000000000002,25,0,At Risk Customers,93.30000000000001,26,0.07692307692307693,14.353846153846156,1.0986122886681096,3.258096538021482
18064.0,9,3667.83,81,0,At Risk Customers,407.53666666666663,82,0.10975609756097561,402.56670731707317,2.302585092994046,4.406719247264253
18066.0,2,1122.4,21,0,At Risk Customers,561.2,22,0.09090909090909091,102.03636363636365,1.0986122886681096,3.091042453358316
18069.0,6,2455.68,18,0,At Risk Customers,409.28,19,0.3157894736842105,775.477894736842,1.9459101490553132,2.9444389791664403
18070.0,1,314.1,304,1,Active Customers,314.1,305,0.003278688524590164,1.0298360655737706,0.6931471805599453,5.720311776607412
18074.0,2,1019.44,8,0,At Risk Customers,509.72,9,0.2222222222222222,226.54222222222222,1.0986122886681096,2.1972245773362196
18076.0,1,151.49,15,0,At Risk Customers,151.49,16,0.0625,9.468125,0.6931471805599453,2.772588722239781
18078.0,2,389.40000000000003,60,0,At Risk Customers,194.70000000000002,61,0.03278688524590164,12.7672131147541,1.0986122886681096,4.110873864173311
18079.0,1,590.78,126,0,At Risk Customers,590.78,127,0.007874015748031496,4.651811023622047,0.6931471805599453,4.844187086458591
18083.0,1,463.53,32,0,At Risk Customers,463.53,33,0.030303030303030304,14.046363636363635,0.6931471805599453,3.4965075614664802
18084.0,2,704.75,18,0,At Risk Customers,352.375,19,0.10526315789473684,74.18421052631578,1.0986122886681096,2.9444389791664403
18085.0,3,955.8000000000001,8,0,At Risk Customers,318.6,9,0.3333333333333333,318.6,1.3862943611198906,2.1972245773362196
18089.0,1,428.45,81,0,At Risk Customers,428.45,82,0.012195121951219513,5.225,0.6931471805599453,4.406719247264253
18090.0,1,321.9,56,0,At Risk Customers,321.9,57,0.017543859649122806,5.647368421052631,0.6931471805599453,4.04305126783455
18091.0,1,360.85,228,1,Active Customers,360.85,229,0.004366812227074236,1.575764192139738,0.6931471805599453,5.43372200355424
18093.0,4,2346.19,79,0,At Risk Customers,586.5475,80,0.05,117.30950000000001,1.6094379124341003,4.382026634673881
18094.0,6,3374.2200000000003,81,0,At Risk Customers,562.37,82,0.07317073170731707,246.89414634146343,1.9459101490553132,4.406719247264253
18095.0,3,1723.04,62,0,At Risk Customers,574.3466666666667,63,0.047619047619047616,82.0495238095238,1.3862943611198906,4.143134726391533
18096.0,3,808.81,77,0,At Risk Customers,269.6033333333333,78,0.038461538461538464,31.108076923076922,1.3862943611198906,4.356708826689592
18097.0,5,1965.52,20,0,At Risk Customers,393.104,21,0.23809523809523808,467.9809523809524,1.791759469228055,3.044522437723423
18098.0,1,527.94,31,0,At Risk Customers,527.94,32,0.03125,16.498125,0.6931471805599453,3.4657359027997265
18100.0,1,451.56,185,1,Active Customers,451.56,186,0.005376344086021506,2.427741935483871,0.6931471805599453,5.225746673713202
18101.0,3,399.61,9,0,At Risk Customers,133.20333333333335,10,0.3,119.883,1.3862943611198906,2.302585092994046
18103.0,1,105.8,184,1,Active Customers,105.8,185,0.005405405405405406,0.5718918918918919,0.6931471805599453,5.220355825078325
18106.0,5,1019.16,111,0,At Risk Customers,203.832,112,0.044642857142857144,45.49821428571428,1.791759469228055,4.718498871295094
18107.0,1,165.88,77,0,At Risk Customers,165.88,78,0.01282051282051282,2.1266666666666665,0.6931471805599453,4.356708826689592
18108.0,2,577.8100000000001,231,1,Active Customers,288.90500000000003,232,0.008620689655172414,4.981120689655173,1.0986122886681096,5.44673737166631
18110.0,1,193.48000000000002,46,0,At Risk Customers,193.48000000000002,47,0.02127659574468085,4.116595744680851,0.6931471805599453,3.8501476017100584
18111.0,1,405.85,224,1,Active Customers,405.85,225,0.0044444444444444444,1.803777777777778,0.6931471805599453,5.41610040220442
18112.0,2,420.67,53,0,At Risk Customers,210.335,54,0.037037037037037035,15.58037037037037,1.0986122886681096,3.9889840465642745
18113.0,1,76.32000000000001,3,0,At Risk Customers,76.32000000000001,4,0.25,19.080000000000002,0.6931471805599453,1.3862943611198906
18115.0,1,9.700000000000001,332,1,Active Customers,9.700000000000001,333,0.003003003003003003,0.02912912912912913,0.6931471805599453,5.808142489980444
18116.0,5,731.38,11,0,At Risk Customers,146.276,12,0.4166666666666667,304.74166666666673,1.791759469228055,2.4849066497880004
18119.0,1,180.7,2,0,At Risk Customers,180.7,3,0.3333333333333333,60.23333333333333,0.6931471805599453,1.0986122886681096
18123.0,1,92.2,148,1,Active Customers,92.2,149,0.006711409395973154,0.6187919463087248,0.6931471805599453,5.003946305945459
18124.0,1,102.65,107,0,At Risk Customers,102.65,108,0.009259259259259259,0.950462962962963,0.6931471805599453,4.68213122712422
18127.0,1,209.05,38,0,At Risk Customers,209.05,39,0.02564102564102564,5.360256410256411,0.6931471805599453,3.6635616461296463
18128.0,1,399.29,172,1,Active Customers,399.29,173,0.005780346820809248,2.3080346820809248,0.6931471805599453,5.153291594497779
18131.0,1,222.95999999999998,266,1,Active Customers,222.95999999999998,267,0.003745318352059925,0.8350561797752808,0.6931471805599453,5.58724865840025
18132.0,1,220.13,139,1,Active Customers,220.13,140,0.007142857142857143,1.5723571428571428,0.6931471805599453,4.941642422609304
18134.0,2,445.0,233,1,Active Customers,222.5,234,0.008547008547008548,3.8034188034188037,1.0986122886681096,5.455321115357702
18135.0,5,567.71,27,0,At Risk Customers,113.542,28,0.17857142857142858,101.37678571428572,1.791759469228055,3.332204510175204
18136.0,2,847.03,44,0,At Risk Customers,423.515,45,0.044444444444444446,37.64577777777778,1.0986122886681096,3.8066624897703196
18137.0,2,145.99,186,1,Active Customers,72.995,187,0.0106951871657754,1.5613903743315507,1.0986122886681096,5.231108616854587
18140.0,1,536.41,108,0,At Risk Customers,536.41,109,0.009174311926605505,4.921192660550458,0.6931471805599453,4.6913478822291435
18141.0,2,882.47,36,0,At Risk Customers,441.235,37,0.05405405405405406,47.701081081081085,1.0986122886681096,3.6109179126442243
18148.0,1,112.85000000000001,281,1,Active Customers,112.85000000000001,282,0.0035460992907801418,0.400177304964539,0.6931471805599453,5.641907070938114
18149.0,4,941.88,39,0,At Risk Customers,235.47,40,0.1,94.188,1.6094379124341003,3.6888794541139363
18151.0,4,1226.09,55,0,At Risk Customers,306.5225,56,0.07142857142857142,87.57785714285713,1.6094379124341003,4.02535169073515
18152.0,1,426.69,281,1,Active Customers,426.69,282,0.0035460992907801418,1.5130851063829787,0.6931471805599453,5.641907070938114
18153.0,1,246.22,294,1,Active Customers,246.22,295,0.003389830508474576,0.8346440677966102,0.6931471805599453,5.68697535633982
18154.0,3,533.41,23,0,At Risk Customers,177.8033333333333,24,0.125,66.67625,1.3862943611198906,3.1780538303479458
18156.0,1,186.88,4,0,At Risk Customers,186.88,5,0.2,37.376,0.6931471805599453,1.6094379124341003
18157.0,1,213.9,206,1,Active Customers,213.9,207,0.004830917874396135,1.0333333333333332,0.6931471805599453,5.332718793265369
18160.0,1,365.82,21,0,At Risk Customers,365.82,22,0.045454545454545456,16.62818181818182,0.6931471805599453,3.091042453358316
18161.0,1,184.41,14,0,At Risk Customers,184.41,15,0.06666666666666667,12.294,0.6931471805599453,2.70805020110221
18162.0,1,371.51,367,1,Active Customers,371.51,368,0.002717391304347826,1.0095380434782608,0.6931471805599453,5.908082938168931
18163.0,1,728.84,219,1,Active Customers,728.84,220,0.004545454545454545,3.312909090909091,0.6931471805599453,5.393627546352361
18166.0,1,175.5,258,1,Active Customers,175.5,259,0.003861003861003861,0.6776061776061776,0.6931471805599453,5.556828061699537
18171.0,4,1206.0,105,0,At Risk Customers,301.5,106,0.03773584905660377,45.50943396226415,1.6094379124341003,4.663439094112067
18173.0,1,589.52,247,1,Active Customers,589.52,248,0.004032258064516129,2.3770967741935483,0.6931471805599453,5.5134287461649825
18174.0,1,58.5,238,1,Active Customers,58.5,239,0.0041841004184100415,0.24476987447698742,0.6931471805599453,5.476463551931511
18175.0,1,176.1,310,1,Active Customers,176.1,311,0.003215434083601286,0.5662379421221865,0.6931471805599453,5.739792912179234
18177.0,3,875.45,195,1,Active Customers,291.81666666666666,196,0.015306122448979591,13.399744897959184,1.3862943611198906,5.278114659230518
18179.0,2,754.38,157,1,Active Customers,377.19,158,0.012658227848101266,9.549113924050634,1.0986122886681096,5.062595033026967
18181.0,4,821.49,35,0,At Risk Customers,205.3725,36,0.1111111111111111,91.27666666666666,1.6094379124341003,3.58351893845611
18182.0,1,291.13,98,0,At Risk Customers,291.13,99,0.010101010101010102,2.940707070707071,0.6931471805599453,4.59511985013459
18186.0,1,329.58,357,1,Active Customers,329.58,358,0.002793296089385475,0.9206145251396648,0.6931471805599453,5.8805329864007
18187.0,1,724.89,266,1,Active Customers,724.89,267,0.003745318352059925,2.714943820224719,0.6931471805599453,5.58724865840025
18188.0,3,1279.55,65,0,At Risk Customers,426.51666666666665,66,0.045454545454545456,58.16136363636364,1.3862943611198906,4.189654742026425
18189.0,1,313.49,260,1,Active Customers,313.49,261,0.0038314176245210726,1.201111111111111,0.6931471805599453,5.564520407322694
18190.0,3,461.16,238,1,Active Customers,153.72,239,0.012552301255230125,5.788619246861924,1.3862943611198906,5.476463551931511
18191.0,1,321.59999999999997,112,0,At Risk Customers,321.59999999999997,113,0.008849557522123894,2.846017699115044,0.6931471805599453,4.727387818712341
18193.0,2,963.59,15,0,At Risk Customers,481.795,16,0.125,120.44875,1.0986122886681096,2.772588722239781
18194.0,5,3188.2000000000003,73,0,At Risk Customers,637.6400000000001,74,0.06756756756756757,215.418918918919,1.791759469228055,4.304065093204169
18195.0,1,101.16,22,0,At Risk Customers,101.16,23,0.043478260869565216,4.398260869565217,0.6931471805599453,3.1354942159291497
18196.0,2,770.56,106,0,At Risk Customers,385.28,107,0.018691588785046728,14.402990654205606,1.0986122886681096,4.672828834461906
18197.0,1,230.1,210,1,Active Customers,230.1,211,0.004739336492890996,1.090521327014218,0.6931471805599453,5.351858133476067
18199.0,1,344.75,318,1,Active Customers,344.75,319,0.003134796238244514,1.0807210031347962,0.6931471805599453,5.765191102784844
18201.0,1,447.53000000000003,357,1,Active Customers,447.53000000000003,358,0.002793296089385475,1.2500837988826816,0.6931471805599453,5.8805329864007
18203.0,3,332.1,16,0,At Risk Customers,110.7,17,0.17647058823529413,58.60588235294119,1.3862943611198906,2.833213344056216
18206.0,1,314.65999999999997,188,1,Active Customers,314.65999999999997,189,0.005291005291005291,1.6648677248677246,0.6931471805599453,5.241747015059643
18207.0,1,544.47,134,0,At Risk Customers,544.47,135,0.007407407407407408,4.033111111111111,0.6931471805599453,4.90527477843843
18208.0,1,360.08,200,1,Active Customers,360.08,201,0.004975124378109453,1.7914427860696516,0.6931471805599453,5.303304908059076
18210.0,1,147.45,17,0,At Risk Customers,147.45,18,0.05555555555555555,8.191666666666666,0.6931471805599453,2.8903717578961645
18212.0,1,298.3,312,1,Active Customers,298.3,313,0.003194888178913738,0.953035143769968,0.6931471805599453,5.746203190540153
18214.0,4,1780.34,165,1,Active Customers,445.085,166,0.024096385542168676,42.89975903614458,1.6094379124341003,5.111987788356544
18215.0,4,1933.15,72,0,At Risk Customers,483.2875,73,0.0547945205479452,105.92602739726027,1.6094379124341003,4.290459441148391
18217.0,2,323.29,148,1,Active Customers,161.645,149,0.013422818791946308,4.339463087248323,1.0986122886681096,5.003946305945459
18218.0,2,479.91999999999996,231,1,Active Customers,239.95999999999998,232,0.008620689655172414,4.137241379310344,1.0986122886681096,5.44673737166631
18220.0,5,1616.48,29,0,At Risk Customers,323.296,30,0.16666666666666666,269.4133333333333,1.791759469228055,3.4011973816621555
18221.0,1,383.33,25,0,At Risk Customers,383.33,26,0.038461538461538464,14.743461538461538,0.6931471805599453,3.258096538021482
18227.0,1,295.0,119,0,At Risk Customers,295.0,120,0.008333333333333333,2.4583333333333335,0.6931471805599453,4.787491742782046
18230.0,2,1480.8600000000001,13,0,At Risk Customers,740.4300000000001,14,0.14285714285714285,211.55142857142857,1.0986122886681096,2.639057329615259
18234.0,1,179.6,186,1,Active Customers,179.6,187,0.0053475935828877,0.9604278074866309,0.6931471805599453,5.231108616854587
18236.0,6,913.11,23,0,At Risk Customers,152.185,24,0.25,228.2775,1.9459101490553132,3.1780538303479458
18238.0,1,270.92,150,1,Active Customers,270.92,151,0.006622516556291391,1.7941721854304638,0.6931471805599453,5.017279836814924
18239.0,2,588.75,7,0,At Risk Customers,294.375,8,0.25,147.1875,1.0986122886681096,2.0794415416798357
18241.0,4,913.9,50,0,At Risk Customers,228.475,51,0.0784313725490196,71.67843137254901,1.6094379124341003,3.9318256327243257
18242.0,4,1372.72,80,0,At Risk Customers,343.18,81,0.04938271604938271,67.78864197530864,1.6094379124341003,4.394449154672439
18243.0,1,515.78,49,0,At Risk Customers,515.78,50,0.02,10.3156,0.6931471805599453,3.912023005428146
18244.0,2,568.64,65,0,At Risk Customers,284.32,66,0.030303030303030304,17.23151515151515,1.0986122886681096,4.189654742026425
18246.0,1,162.72,244,1,Active Customers,162.72,245,0.004081632653061225,0.6641632653061225,0.6931471805599453,5.501258210544727
18247.0,3,839.73,49,0,At Risk Customers,279.91,50,0.06,50.3838,1.3862943611198906,3.912023005428146
18252.0,5,1015.42,183,1,Active Customers,203.084,184,0.02717391304347826,27.592934782608697,1.791759469228055,5.214935757608986
18253.0,1,317.88,277,1,Active Customers,317.88,278,0.0035971223021582736,1.1434532374100719,0.6931471805599453,5.627621113690637
18254.0,1,267.9,216,1,Active Customers,267.9,217,0.004608294930875576,1.2345622119815667,0.6931471805599453,5.37989735354046
18255.0,1,199.85,91,0,At Risk Customers,199.85,92,0.010869565217391304,2.172282608695652,0.6931471805599453,4.5217885770490405
18256.0,1,110.7,22,0,At Risk Customers,110.7,23,0.043478260869565216,4.8130434782608695,0.6931471805599453,3.1354942159291497
18257.0,4,2262.52,81,0,At Risk Customers,565.63,82,0.04878048780487805,110.36682926829269,1.6094379124341003,4.406719247264253
18258.0,6,2059.67,99,0,At Risk Customers,343.27833333333336,100,0.06,123.5802,1.9459101490553132,4.605170185988092
18262.0,2,428.06,28,0,At Risk Customers,214.03,29,0.06896551724137931,29.521379310344827,1.0986122886681096,3.367295829986474
18264.0,1,603.25,133,0,At Risk Customers,603.25,134,0.007462686567164179,4.501865671641791,0.6931471805599453,4.897839799950911
18266.0,1,251.1,69,0,At Risk Customers,251.1,70,0.014285714285714285,3.5871428571428567,0.6931471805599453,4.248495242049359
18267.0,1,269.37,307,1,Active Customers,269.37,308,0.003246753246753247,0.8745779220779222,0.6931471805599453,5.730099782973575
18268.0,5,1464.73,226,1,Active Customers,292.946,227,0.022026431718061675,32.26277533039648,1.791759469228055,5.424950017481403
18269.0,1,168.6,1,0,At Risk Customers,168.6,2,0.5,84.3,0.6931471805599453,0.6931471805599453
18270.0,1,161.4,67,0,At Risk Customers,161.4,68,0.014705882352941176,2.373529411764706,0.6931471805599453,4.219507705176107
18271.0,2,680.85,244,1,Active Customers,340.425,245,0.00816326530612245,5.55795918367347,1.0986122886681096,5.501258210544727
18272.0,3,1307.4,183,1,Active Customers,435.8,184,0.016304347826086956,21.316304347826087,1.3862943611198906,5.214935757608986
18273.0,1,153.0,225,1,Active Customers,153.0,226,0.004424778761061947,0.6769911504424778,0.6931471805599453,5.420534999272286
18275.0,2,741.85,213,1,Active Customers,370.925,214,0.009345794392523364,6.9331775700934575,1.0986122886681096,5.365976015021851
18276.0,5,1320.66,27,0,At Risk Customers,264.132,28,0.17857142857142858,235.83214285714288,1.791759469228055,3.332204510175204
18277.0,4,1069.67,32,0,At Risk Customers,267.4175,33,0.12121212121212122,129.6569696969697,1.6094379124341003,3.4965075614664802
18278.0,1,240.3,39,0,At Risk Customers,240.3,40,0.025,6.0075,0.6931471805599453,3.6888794541139363
18279.0,1,231.33999999999997,154,1,Active Customers,231.33999999999997,155,0.0064516129032258064,1.492516129032258,0.6931471805599453,5.043425116919247
18280.0,1,307.55,29,0,At Risk Customers,307.55,30,0.03333333333333333,10.251666666666667,0.6931471805599453,3.4011973816621555
18281.0,1,120.32,212,1,Active Customers,120.32,213,0.004694835680751174,0.5648826291079811,0.6931471805599453,5.3612921657094255
18283.0,6,619.37,17,0,At Risk Customers,103.22833333333334,18,0.3333333333333333,206.45666666666665,1.9459101490553132,2.8903717578961645
18284.0,1,461.68,66,0,At Risk Customers,461.68,67,0.014925373134328358,6.8907462686567165,0.6931471805599453,4.204692619390966
18285.0,1,427.0,295,1,Active Customers,427.0,296,0.0033783783783783786,1.4425675675675675,0.6931471805599453,5.69035945432406
18286.0,2,1296.43,111,0,At Risk Customers,648.215,112,0.017857142857142856,23.150535714285713,1.0986122886681096,4.718498871295094
18287.0,4,2345.71,17,0,At Risk Customers,586.4275,18,0.2222222222222222,521.2688888888889,1.6094379124341003,2.8903717578961645
